Data from Parasolid IGES Translator 28.0.241, Copyright(c) 2006 Siemens S      1
PLM Software. All Rights Reserved.                                      S      2
1H,,1H;,6HNoname,29H686b71a17a9bce062bccda95.iges,27HBy Siemens PLM IncoG      1
rporated,27HXPlus GENERIC/IGES 28.0.241,32,38, 6,308,15,6HNoname,1.000, G      2
6,1HM,1,1.000,15H20250707.070506,1.0e-08,0.00,6HNoname,6HNoname,11,0,15HG      3
20250707.070506;                                                        G      4
     314       1       0       1       0       0       0       000010001D      1
     314       1       0       2       0       0       0               0D      2
     110       3       0       1       0       0       0       000010001D      3
     110       1       0       1       0       0       0               0D      4
     122       4       0       1       0       0       0       000010001D      5
     122       1       0       1       0       0       0               0D      6
     126       5       0       1       0       0       0       000010501D      7
     126       1       0       2       0       0       0               0D      8
     126       7       0       1       0       0       0       000010501D      9
     126       1       0       2       0       0       0               0D     10
     126       9       0       1       0       0       0       000010501D     11
     126       1       0       2       0       0       0               0D     12
     126      11       0       1       0       0       0       000010501D     13
     126       1       0       2       0       0       0               0D     14
     102      13       0       1       0       0       0       000010501D     15
     102       1       0       1       0       0       0               0D     16
     110      14       0       1       0       0       0       000010001D     17
     110       1       0       1       0       0       0               0D     18
     110      15       0       1       0       0       0       000010001D     19
     110       1       0       1       0       0       0               0D     20
     110      16       0       1       0       0       0       000010001D     21
     110       1       0       1       0       0       0               0D     22
     110      17       0       1       0       0       0       000010001D     23
     110       1       0       1       0       0       0               0D     24
     102      18       0       1       0       0       0       000010001D     25
     102       1       0       1       0       0       0               0D     26
     142      19       0       1       0       0       0       000010001D     27
     142       1       0       1       0       0       0               0D     28
     144      20       0       1       0       0       0       000000001D     29
     144       1      -1       1       0       0       0               0D     30
     314      21       0       1       0       0       0       000010001D     31
     314       1       0       2       0       0       0               0D     32
     110      23       0       1       0       0       0       000010001D     33
     110       1       0       1       0       0       0               0D     34
     122      24       0       1       0       0       0       000010001D     35
     122       1       0       1       0       0       0               0D     36
     126      25       0       1       0       0       0       000010501D     37
     126       1       0       2       0       0       0               0D     38
     126      27       0       1       0       0       0       000010501D     39
     126       1       0       2       0       0       0               0D     40
     126      29       0       1       0       0       0       000010501D     41
     126       1       0       2       0       0       0               0D     42
     126      31       0       1       0       0       0       000010501D     43
     126       1       0       2       0       0       0               0D     44
     102      33       0       1       0       0       0       000010501D     45
     102       1       0       1       0       0       0               0D     46
     110      34       0       1       0       0       0       000010001D     47
     110       1       0       1       0       0       0               0D     48
     110      35       0       1       0       0       0       000010001D     49
     110       1       0       1       0       0       0               0D     50
     110      36       0       1       0       0       0       000010001D     51
     110       1       0       1       0       0       0               0D     52
     110      37       0       1       0       0       0       000010001D     53
     110       1       0       1       0       0       0               0D     54
     102      38       0       1       0       0       0       000010001D     55
     102       1       0       1       0       0       0               0D     56
     142      39       0       1       0       0       0       000010001D     57
     142       1       0       1       0       0       0               0D     58
     144      40       0       1       0       0       0       000000001D     59
     144       1     -31       1       0       0       0               0D     60
     314      41       0       1       0       0       0       000010001D     61
     314       1       0       2       0       0       0               0D     62
     110      43       0       1       0       0       0       000010001D     63
     110       1       0       1       0       0       0               0D     64
     122      44       0       1       0       0       0       000010001D     65
     122       1       0       1       0       0       0               0D     66
     126      45       0       1       0       0       0       000010501D     67
     126       1       0       3       0       0       0               0D     68
     126      48       0       1       0       0       0       000010501D     69
     126       1       0      19       0       0       0               0D     70
     126      67       0       1       0       0       0       000010501D     71
     126       1       0       3       0       0       0               0D     72
     126      70       0       1       0       0       0       000010501D     73
     126       1       0      19       0       0       0               0D     74
     126      89       0       1       0       0       0       000010501D     75
     126       1       0       2       0       0       0               0D     76
     126      91       0       1       0       0       0       000010501D     77
     126       1       0      19       0       0       0               0D     78
     126     110       0       1       0       0       0       000010501D     79
     126       1       0       3       0       0       0               0D     80
     126     113       0       1       0       0       0       000010501D     81
     126       1       0      18       0       0       0               0D     82
     102     131       0       1       0       0       0       000010501D     83
     102       1       0       1       0       0       0               0D     84
     110     132       0       1       0       0       0       000010001D     85
     110       1       0       1       0       0       0               0D     86
     124     133       0       1       0       0       0       000010001D     87
     124       1       0       1       0       0       0               0D     88
     100     134       0       1       0       0      87       000010001D     89
     100       1       0       1       0       0       0               0D     90
     110     135       0       1       0       0       0       000010001D     91
     110       1       0       1       0       0       0               0D     92
     124     136       0       1       0       0       0       000010001D     93
     124       1       0       1       0       0       0               0D     94
     100     137       0       1       0       0      93       000010001D     95
     100       1       0       1       0       0       0               0D     96
     110     138       0       1       0       0       0       000010001D     97
     110       1       0       1       0       0       0               0D     98
     124     139       0       1       0       0       0       000010001D     99
     124       1       0       1       0       0       0               0D    100
     100     140       0       1       0       0      99       000010001D    101
     100       1       0       1       0       0       0               0D    102
     110     141       0       1       0       0       0       000010001D    103
     110       1       0       1       0       0       0               0D    104
     124     142       0       1       0       0       0       000010001D    105
     124       1       0       1       0       0       0               0D    106
     100     143       0       1       0       0     105       000010001D    107
     100       1       0       1       0       0       0               0D    108
     102     144       0       1       0       0       0       000010001D    109
     102       1       0       1       0       0       0               0D    110
     142     145       0       1       0       0       0       000010001D    111
     142       1       0       1       0       0       0               0D    112
     126     146       0       1       0       0       0       000010501D    113
     126       1       0      35       0       0       0               0D    114
     102     181       0       1       0       0       0       000010501D    115
     102       1       0       1       0       0       0               0D    116
     124     182       0       1       0       0       0       000010001D    117
     124       1       0       1       0       0       0               0D    118
     100     183       0       1       0       0     117       000010001D    119
     100       1       0       1       0       0       0               0D    120
     102     184       0       1       0       0       0       000010001D    121
     102       1       0       1       0       0       0               0D    122
     142     185       0       1       0       0       0       000010001D    123
     142       1       0       1       0       0       0               0D    124
     126     186       0       1       0       0       0       000010501D    125
     126       1       0      35       0       0       0               0D    126
     102     221       0       1       0       0       0       000010501D    127
     102       1       0       1       0       0       0               0D    128
     124     222       0       1       0       0       0       000010001D    129
     124       1       0       1       0       0       0               0D    130
     100     223       0       1       0       0     129       000010001D    131
     100       1       0       1       0       0       0               0D    132
     102     224       0       1       0       0       0       000010001D    133
     102       1       0       1       0       0       0               0D    134
     142     225       0       1       0       0       0       000010001D    135
     142       1       0       1       0       0       0               0D    136
     126     226       0       1       0       0       0       000010501D    137
     126       1       0       3       0       0       0               0D    138
     126     229       0       1       0       0       0       000010501D    139
     126       1       0      10       0       0       0               0D    140
     126     239       0       1       0       0       0       000010501D    141
     126       1       0       3       0       0       0               0D    142
     126     242       0       1       0       0       0       000010501D    143
     126       1       0       3       0       0       0               0D    144
     126     245       0       1       0       0       0       000010501D    145
     126       1       0       3       0       0       0               0D    146
     126     248       0       1       0       0       0       000010501D    147
     126       1       0       3       0       0       0               0D    148
     126     251       0       1       0       0       0       000010501D    149
     126       1       0       3       0       0       0               0D    150
     126     254       0       1       0       0       0       000010501D    151
     126       1       0      11       0       0       0               0D    152
     126     265       0       1       0       0       0       000010501D    153
     126       1       0       3       0       0       0               0D    154
     126     268       0       1       0       0       0       000010501D    155
     126       1       0      12       0       0       0               0D    156
     126     280       0       1       0       0       0       000010501D    157
     126       1       0       3       0       0       0               0D    158
     126     283       0       1       0       0       0       000010501D    159
     126       1       0       3       0       0       0               0D    160
     126     286       0       1       0       0       0       000010501D    161
     126       1       0       3       0       0       0               0D    162
     126     289       0       1       0       0       0       000010501D    163
     126       1       0       3       0       0       0               0D    164
     126     292       0       1       0       0       0       000010501D    165
     126       1       0       3       0       0       0               0D    166
     126     295       0       1       0       0       0       000010501D    167
     126       1       0      12       0       0       0               0D    168
     102     307       0       1       0       0       0       000010501D    169
     102       1       0       2       0       0       0               0D    170
     110     309       0       1       0       0       0       000010001D    171
     110       1       0       1       0       0       0               0D    172
     124     310       0       1       0       0       0       000010001D    173
     124       1       0       1       0       0       0               0D    174
     100     311       0       1       0       0     173       000010001D    175
     100       1       0       1       0       0       0               0D    176
     110     312       0       1       0       0       0       000010001D    177
     110       1       0       1       0       0       0               0D    178
     110     313       0       1       0       0       0       000010001D    179
     110       1       0       1       0       0       0               0D    180
     110     314       0       1       0       0       0       000010001D    181
     110       1       0       1       0       0       0               0D    182
     110     315       0       1       0       0       0       000010001D    183
     110       1       0       1       0       0       0               0D    184
     110     316       0       1       0       0       0       000010001D    185
     110       1       0       1       0       0       0               0D    186
     124     317       0       1       0       0       0       000010001D    187
     124       1       0       1       0       0       0               0D    188
     100     318       0       1       0       0     187       000010001D    189
     100       1       0       1       0       0       0               0D    190
     110     319       0       1       0       0       0       000010001D    191
     110       1       0       1       0       0       0               0D    192
     124     320       0       1       0       0       0       000010001D    193
     124       1       0       1       0       0       0               0D    194
     100     321       0       1       0       0     193       000010001D    195
     100       1       0       1       0       0       0               0D    196
     110     322       0       1       0       0       0       000010001D    197
     110       1       0       1       0       0       0               0D    198
     110     323       0       1       0       0       0       000010001D    199
     110       1       0       1       0       0       0               0D    200
     110     324       0       1       0       0       0       000010001D    201
     110       1       0       1       0       0       0               0D    202
     110     325       0       1       0       0       0       000010001D    203
     110       1       0       1       0       0       0               0D    204
     110     326       0       1       0       0       0       000010001D    205
     110       1       0       1       0       0       0               0D    206
     124     327       0       1       0       0       0       000010001D    207
     124       1       0       1       0       0       0               0D    208
     100     328       0       1       0       0     207       000010001D    209
     100       1       0       1       0       0       0               0D    210
     102     329       0       1       0       0       0       000010001D    211
     102       1       0       2       0       0       0               0D    212
     142     331       0       1       0       0       0       000010001D    213
     142       1       0       1       0       0       0               0D    214
     144     332       0       1       0       0       0       000000001D    215
     144       1     -61       1       0       0       0               0D    216
     314     333       0       1       0       0       0       000010001D    217
     314       1       0       2       0       0       0               0D    218
     110     335       0       1       0       0       0       000010001D    219
     110       1       0       1       0       0       0               0D    220
     122     336       0       1       0       0       0       000010001D    221
     122       1       0       1       0       0       0               0D    222
     126     337       0       1       0       0       0       000010501D    223
     126       1       0       3       0       0       0               0D    224
     126     340       0       1       0       0       0       000010501D    225
     126       1       0      19       0       0       0               0D    226
     126     359       0       1       0       0       0       000010501D    227
     126       1       0       2       0       0       0               0D    228
     126     361       0       1       0       0       0       000010501D    229
     126       1       0      19       0       0       0               0D    230
     126     380       0       1       0       0       0       000010501D    231
     126       1       0       3       0       0       0               0D    232
     126     383       0       1       0       0       0       000010501D    233
     126       1       0      17       0       0       0               0D    234
     126     400       0       1       0       0       0       000010501D    235
     126       1       0       2       0       0       0               0D    236
     126     402       0       1       0       0       0       000010501D    237
     126       1       0      19       0       0       0               0D    238
     102     421       0       1       0       0       0       000010501D    239
     102       1       0       1       0       0       0               0D    240
     110     422       0       1       0       0       0       000010001D    241
     110       1       0       1       0       0       0               0D    242
     124     423       0       1       0       0       0       000010001D    243
     124       1       0       1       0       0       0               0D    244
     100     424       0       1       0       0     243       000010001D    245
     100       1       0       1       0       0       0               0D    246
     110     425       0       1       0       0       0       000010001D    247
     110       1       0       1       0       0       0               0D    248
     124     426       0       1       0       0       0       000010001D    249
     124       1       0       1       0       0       0               0D    250
     100     427       0       1       0       0     249       000010001D    251
     100       1       0       1       0       0       0               0D    252
     110     428       0       1       0       0       0       000010001D    253
     110       1       0       1       0       0       0               0D    254
     124     429       0       1       0       0       0       000010001D    255
     124       1       0       1       0       0       0               0D    256
     100     430       0       1       0       0     255       000010001D    257
     100       1       0       1       0       0       0               0D    258
     110     431       0       1       0       0       0       000010001D    259
     110       1       0       1       0       0       0               0D    260
     124     432       0       1       0       0       0       000010001D    261
     124       1       0       1       0       0       0               0D    262
     100     433       0       1       0       0     261       000010001D    263
     100       1       0       1       0       0       0               0D    264
     102     434       0       1       0       0       0       000010001D    265
     102       1       0       1       0       0       0               0D    266
     142     435       0       1       0       0       0       000010001D    267
     142       1       0       1       0       0       0               0D    268
     126     436       0       1       0       0       0       000010501D    269
     126       1       0       3       0       0       0               0D    270
     126     439       0       1       0       0       0       000010501D    271
     126       1       0       3       0       0       0               0D    272
     126     442       0       1       0       0       0       000010501D    273
     126       1       0       3       0       0       0               0D    274
     126     445       0       1       0       0       0       000010501D    275
     126       1       0       3       0       0       0               0D    276
     126     448       0       1       0       0       0       000010501D    277
     126       1       0       3       0       0       0               0D    278
     126     451       0       1       0       0       0       000010501D    279
     126       1       0      10       0       0       0               0D    280
     126     461       0       1       0       0       0       000010501D    281
     126       1       0       3       0       0       0               0D    282
     126     464       0       1       0       0       0       000010501D    283
     126       1       0      11       0       0       0               0D    284
     126     475       0       1       0       0       0       000010501D    285
     126       1       0       3       0       0       0               0D    286
     126     478       0       1       0       0       0       000010501D    287
     126       1       0       3       0       0       0               0D    288
     126     481       0       1       0       0       0       000010501D    289
     126       1       0       3       0       0       0               0D    290
     126     484       0       1       0       0       0       000010501D    291
     126       1       0       3       0       0       0               0D    292
     126     487       0       1       0       0       0       000010501D    293
     126       1       0       3       0       0       0               0D    294
     126     490       0       1       0       0       0       000010501D    295
     126       1       0      12       0       0       0               0D    296
     126     502       0       1       0       0       0       000010501D    297
     126       1       0       3       0       0       0               0D    298
     126     505       0       1       0       0       0       000010501D    299
     126       1       0      11       0       0       0               0D    300
     102     516       0       1       0       0       0       000010501D    301
     102       1       0       2       0       0       0               0D    302
     110     518       0       1       0       0       0       000010001D    303
     110       1       0       1       0       0       0               0D    304
     110     519       0       1       0       0       0       000010001D    305
     110       1       0       1       0       0       0               0D    306
     110     520       0       1       0       0       0       000010001D    307
     110       1       0       1       0       0       0               0D    308
     110     521       0       1       0       0       0       000010001D    309
     110       1       0       1       0       0       0               0D    310
     110     522       0       1       0       0       0       000010001D    311
     110       1       0       1       0       0       0               0D    312
     124     523       0       1       0       0       0       000010001D    313
     124       1       0       1       0       0       0               0D    314
     100     524       0       1       0       0     313       000010001D    315
     100       1       0       1       0       0       0               0D    316
     110     525       0       1       0       0       0       000010001D    317
     110       1       0       1       0       0       0               0D    318
     124     526       0       1       0       0       0       000010001D    319
     124       1       0       1       0       0       0               0D    320
     100     527       0       1       0       0     319       000010001D    321
     100       1       0       1       0       0       0               0D    322
     110     528       0       1       0       0       0       000010001D    323
     110       1       0       1       0       0       0               0D    324
     110     529       0       1       0       0       0       000010001D    325
     110       1       0       1       0       0       0               0D    326
     110     530       0       1       0       0       0       000010001D    327
     110       1       0       1       0       0       0               0D    328
     110     531       0       1       0       0       0       000010001D    329
     110       1       0       1       0       0       0               0D    330
     110     532       0       1       0       0       0       000010001D    331
     110       1       0       1       0       0       0               0D    332
     124     533       0       1       0       0       0       000010001D    333
     124       1       0       1       0       0       0               0D    334
     100     534       0       1       0       0     333       000010001D    335
     100       1       0       1       0       0       0               0D    336
     110     535       0       1       0       0       0       000010001D    337
     110       1       0       1       0       0       0               0D    338
     124     536       0       1       0       0       0       000010001D    339
     124       1       0       1       0       0       0               0D    340
     100     537       0       1       0       0     339       000010001D    341
     100       1       0       1       0       0       0               0D    342
     102     538       0       1       0       0       0       000010001D    343
     102       1       0       2       0       0       0               0D    344
     142     540       0       1       0       0       0       000010001D    345
     142       1       0       1       0       0       0               0D    346
     126     541       0       1       0       0       0       000010501D    347
     126       1       0      37       0       0       0               0D    348
     102     578       0       1       0       0       0       000010501D    349
     102       1       0       1       0       0       0               0D    350
     124     579       0       1       0       0       0       000010001D    351
     124       1       0       2       0       0       0               0D    352
     100     581       0       1       0       0     351       000010001D    353
     100       1       0       1       0       0       0               0D    354
     102     582       0       1       0       0       0       000010001D    355
     102       1       0       1       0       0       0               0D    356
     142     583       0       1       0       0       0       000010001D    357
     142       1       0       1       0       0       0               0D    358
     126     584       0       1       0       0       0       000010501D    359
     126       1       0      37       0       0       0               0D    360
     102     621       0       1       0       0       0       000010501D    361
     102       1       0       1       0       0       0               0D    362
     124     622       0       1       0       0       0       000010001D    363
     124       1       0       2       0       0       0               0D    364
     100     624       0       1       0       0     363       000010001D    365
     100       1       0       1       0       0       0               0D    366
     102     625       0       1       0       0       0       000010001D    367
     102       1       0       1       0       0       0               0D    368
     142     626       0       1       0       0       0       000010001D    369
     142       1       0       1       0       0       0               0D    370
     126     627       0       1       0       0       0       000010501D    371
     126       1       0      37       0       0       0               0D    372
     102     664       0       1       0       0       0       000010501D    373
     102       1       0       1       0       0       0               0D    374
     124     665       0       1       0       0       0       000010001D    375
     124       1       0       2       0       0       0               0D    376
     100     667       0       1       0       0     375       000010001D    377
     100       1       0       1       0       0       0               0D    378
     102     668       0       1       0       0       0       000010001D    379
     102       1       0       1       0       0       0               0D    380
     142     669       0       1       0       0       0       000010001D    381
     142       1       0       1       0       0       0               0D    382
     126     670       0       1       0       0       0       000010501D    383
     126       1       0      37       0       0       0               0D    384
     102     707       0       1       0       0       0       000010501D    385
     102       1       0       1       0       0       0               0D    386
     124     708       0       1       0       0       0       000010001D    387
     124       1       0       2       0       0       0               0D    388
     100     710       0       1       0       0     387       000010001D    389
     100       1       0       1       0       0       0               0D    390
     102     711       0       1       0       0       0       000010001D    391
     102       1       0       1       0       0       0               0D    392
     142     712       0       1       0       0       0       000010001D    393
     142       1       0       1       0       0       0               0D    394
     126     713       0       1       0       0       0       000010501D    395
     126       1       0      34       0       0       0               0D    396
     102     747       0       1       0       0       0       000010501D    397
     102       1       0       1       0       0       0               0D    398
     124     748       0       1       0       0       0       000010001D    399
     124       1       0       1       0       0       0               0D    400
     100     749       0       1       0       0     399       000010001D    401
     100       1       0       1       0       0       0               0D    402
     102     750       0       1       0       0       0       000010001D    403
     102       1       0       1       0       0       0               0D    404
     142     751       0       1       0       0       0       000010001D    405
     142       1       0       1       0       0       0               0D    406
     126     752       0       1       0       0       0       000010501D    407
     126       1       0      34       0       0       0               0D    408
     102     786       0       1       0       0       0       000010501D    409
     102       1       0       1       0       0       0               0D    410
     124     787       0       1       0       0       0       000010001D    411
     124       1       0       1       0       0       0               0D    412
     100     788       0       1       0       0     411       000010001D    413
     100       1       0       1       0       0       0               0D    414
     102     789       0       1       0       0       0       000010001D    415
     102       1       0       1       0       0       0               0D    416
     142     790       0       1       0       0       0       000010001D    417
     142       1       0       1       0       0       0               0D    418
     144     791       0       1       0       0       0       000000001D    419
     144       1    -217       1       0       0       0               0D    420
     314     792       0       1       0       0       0       000010001D    421
     314       1       0       2       0       0       0               0D    422
     110     794       0       1       0       0       0       000010001D    423
     110       1       0       1       0       0       0               0D    424
     122     795       0       1       0       0       0       000010001D    425
     122       1       0       1       0       0       0               0D    426
     126     796       0       1       0       0       0       000010501D    427
     126       1       0       2       0       0       0               0D    428
     126     798       0       1       0       0       0       000010501D    429
     126       1       0       2       0       0       0               0D    430
     126     800       0       1       0       0       0       000010501D    431
     126       1       0       2       0       0       0               0D    432
     126     802       0       1       0       0       0       000010501D    433
     126       1       0       2       0       0       0               0D    434
     102     804       0       1       0       0       0       000010501D    435
     102       1       0       1       0       0       0               0D    436
     110     805       0       1       0       0       0       000010001D    437
     110       1       0       1       0       0       0               0D    438
     110     806       0       1       0       0       0       000010001D    439
     110       1       0       1       0       0       0               0D    440
     110     807       0       1       0       0       0       000010001D    441
     110       1       0       1       0       0       0               0D    442
     110     808       0       1       0       0       0       000010001D    443
     110       1       0       1       0       0       0               0D    444
     102     809       0       1       0       0       0       000010001D    445
     102       1       0       1       0       0       0               0D    446
     142     810       0       1       0       0       0       000010001D    447
     142       1       0       1       0       0       0               0D    448
     144     811       0       1       0       0       0       000000001D    449
     144       1    -421       1       0       0       0               0D    450
     314     812       0       1       0       0       0       000010001D    451
     314       1       0       2       0       0       0               0D    452
     110     814       0       1       0       0       0       000010001D    453
     110       1       0       1       0       0       0               0D    454
     110     815       0       1       0       0       0       000010001D    455
     110       1       0       1       0       0       0               0D    456
     120     816       0       1       0       0       0       000010001D    457
     120       1       0       1       0       0       0               0D    458
     126     817       0       1       0       0       0       000010501D    459
     126       1       0       2       0       0       0               0D    460
     126     819       0       1       0       0       0       000010501D    461
     126       1       0       2       0       0       0               0D    462
     126     821       0       1       0       0       0       000010501D    463
     126       1       0       2       0       0       0               0D    464
     126     823       0       1       0       0       0       000010501D    465
     126       1       0       2       0       0       0               0D    466
     102     825       0       1       0       0       0       000010501D    467
     102       1       0       1       0       0       0               0D    468
     124     826       0       1       0       0       0       000010001D    469
     124       1       0       1       0       0       0               0D    470
     100     827       0       1       0       0     469       000010001D    471
     100       1       0       1       0       0       0               0D    472
     110     828       0       1       0       0       0       000010001D    473
     110       1       0       1       0       0       0               0D    474
     124     829       0       1       0       0       0       000010001D    475
     124       1       0       1       0       0       0               0D    476
     100     830       0       1       0       0     475       000010001D    477
     100       1       0       1       0       0       0               0D    478
     110     831       0       1       0       0       0       000010001D    479
     110       1       0       1       0       0       0               0D    480
     102     832       0       1       0       0       0       000010001D    481
     102       1       0       1       0       0       0               0D    482
     142     833       0       1       0       0       0       000010001D    483
     142       1       0       1       0       0       0               0D    484
     144     834       0       1       0       0       0       000000001D    485
     144       1    -451       1       0       0       0               0D    486
     314     835       0       1       0       0       0       000010001D    487
     314       1       0       2       0       0       0               0D    488
     110     837       0       1       0       0       0       000010001D    489
     110       1       0       1       0       0       0               0D    490
     122     838       0       1       0       0       0       000010001D    491
     122       1       0       1       0       0       0               0D    492
     126     839       0       1       0       0       0       000010501D    493
     126       1       0       2       0       0       0               0D    494
     126     841       0       1       0       0       0       000010501D    495
     126       1       0       2       0       0       0               0D    496
     126     843       0       1       0       0       0       000010501D    497
     126       1       0       2       0       0       0               0D    498
     126     845       0       1       0       0       0       000010501D    499
     126       1       0       2       0       0       0               0D    500
     102     847       0       1       0       0       0       000010501D    501
     102       1       0       1       0       0       0               0D    502
     110     848       0       1       0       0       0       000010001D    503
     110       1       0       1       0       0       0               0D    504
     110     849       0       1       0       0       0       000010001D    505
     110       1       0       1       0       0       0               0D    506
     110     850       0       1       0       0       0       000010001D    507
     110       1       0       1       0       0       0               0D    508
     110     851       0       1       0       0       0       000010001D    509
     110       1       0       1       0       0       0               0D    510
     102     852       0       1       0       0       0       000010001D    511
     102       1       0       1       0       0       0               0D    512
     142     853       0       1       0       0       0       000010001D    513
     142       1       0       1       0       0       0               0D    514
     144     854       0       1       0       0       0       000000001D    515
     144       1    -487       1       0       0       0               0D    516
     314     855       0       1       0       0       0       000010001D    517
     314       1       0       2       0       0       0               0D    518
     110     857       0       1       0       0       0       000010001D    519
     110       1       0       1       0       0       0               0D    520
     110     858       0       1       0       0       0       000010001D    521
     110       1       0       1       0       0       0               0D    522
     120     859       0       1       0       0       0       000010001D    523
     120       1       0       1       0       0       0               0D    524
     126     860       0       1       0       0       0       000010501D    525
     126       1       0       4       0       0       0               0D    526
     126     864       0       1       0       0       0       000010501D    527
     126       1       0       2       0       0       0               0D    528
     126     866       0       1       0       0       0       000010501D    529
     126       1       0       4       0       0       0               0D    530
     126     870       0       1       0       0       0       000010501D    531
     126       1       0       2       0       0       0               0D    532
     102     872       0       1       0       0       0       000010501D    533
     102       1       0       1       0       0       0               0D    534
     124     873       0       1       0       0       0       000010001D    535
     124       1       0       1       0       0       0               0D    536
     100     874       0       1       0       0     535       000010001D    537
     100       1       0       1       0       0       0               0D    538
     110     875       0       1       0       0       0       000010001D    539
     110       1       0       1       0       0       0               0D    540
     124     876       0       1       0       0       0       000010001D    541
     124       1       0       1       0       0       0               0D    542
     100     877       0       1       0       0     541       000010001D    543
     100       1       0       1       0       0       0               0D    544
     110     878       0       1       0       0       0       000010001D    545
     110       1       0       1       0       0       0               0D    546
     102     879       0       1       0       0       0       000010001D    547
     102       1       0       1       0       0       0               0D    548
     142     880       0       1       0       0       0       000010001D    549
     142       1       0       1       0       0       0               0D    550
     144     881       0       1       0       0       0       000000001D    551
     144       1    -517       1       0       0       0               0D    552
     314     882       0       1       0       0       0       000010001D    553
     314       1       0       2       0       0       0               0D    554
     110     884       0       1       0       0       0       000010001D    555
     110       1       0       1       0       0       0               0D    556
     122     885       0       1       0       0       0       000010001D    557
     122       1       0       1       0       0       0               0D    558
     126     886       0       1       0       0       0       000010501D    559
     126       1       0       2       0       0       0               0D    560
     126     888       0       1       0       0       0       000010501D    561
     126       1       0       2       0       0       0               0D    562
     126     890       0       1       0       0       0       000010501D    563
     126       1       0       2       0       0       0               0D    564
     126     892       0       1       0       0       0       000010501D    565
     126       1       0       2       0       0       0               0D    566
     102     894       0       1       0       0       0       000010501D    567
     102       1       0       1       0       0       0               0D    568
     110     895       0       1       0       0       0       000010001D    569
     110       1       0       1       0       0       0               0D    570
     110     896       0       1       0       0       0       000010001D    571
     110       1       0       1       0       0       0               0D    572
     110     897       0       1       0       0       0       000010001D    573
     110       1       0       1       0       0       0               0D    574
     110     898       0       1       0       0       0       000010001D    575
     110       1       0       1       0       0       0               0D    576
     102     899       0       1       0       0       0       000010001D    577
     102       1       0       1       0       0       0               0D    578
     142     900       0       1       0       0       0       000010001D    579
     142       1       0       1       0       0       0               0D    580
     144     901       0       1       0       0       0       000000001D    581
     144       1    -553       1       0       0       0               0D    582
     314     902       0       1       0       0       0       000010001D    583
     314       1       0       2       0       0       0               0D    584
     110     904       0       1       0       0       0       000010001D    585
     110       1       0       1       0       0       0               0D    586
     110     905       0       1       0       0       0       000010001D    587
     110       1       0       1       0       0       0               0D    588
     120     906       0       1       0       0       0       000010001D    589
     120       1       0       1       0       0       0               0D    590
     126     907       0       1       0       0       0       000010501D    591
     126       1       0       4       0       0       0               0D    592
     126     911       0       1       0       0       0       000010501D    593
     126       1       0       2       0       0       0               0D    594
     126     913       0       1       0       0       0       000010501D    595
     126       1       0       4       0       0       0               0D    596
     126     917       0       1       0       0       0       000010501D    597
     126       1       0       2       0       0       0               0D    598
     102     919       0       1       0       0       0       000010501D    599
     102       1       0       1       0       0       0               0D    600
     124     920       0       1       0       0       0       000010001D    601
     124       1       0       1       0       0       0               0D    602
     100     921       0       1       0       0     601       000010001D    603
     100       1       0       1       0       0       0               0D    604
     110     922       0       1       0       0       0       000010001D    605
     110       1       0       1       0       0       0               0D    606
     124     923       0       1       0       0       0       000010001D    607
     124       1       0       1       0       0       0               0D    608
     100     924       0       1       0       0     607       000010001D    609
     100       1       0       1       0       0       0               0D    610
     110     925       0       1       0       0       0       000010001D    611
     110       1       0       1       0       0       0               0D    612
     102     926       0       1       0       0       0       000010001D    613
     102       1       0       1       0       0       0               0D    614
     142     927       0       1       0       0       0       000010001D    615
     142       1       0       1       0       0       0               0D    616
     144     928       0       1       0       0       0       000000001D    617
     144       1    -583       1       0       0       0               0D    618
     314     929       0       1       0       0       0       000010001D    619
     314       1       0       2       0       0       0               0D    620
     110     931       0       1       0       0       0       000010001D    621
     110       1       0       1       0       0       0               0D    622
     122     932       0       1       0       0       0       000010001D    623
     122       1       0       1       0       0       0               0D    624
     126     933       0       1       0       0       0       000010501D    625
     126       1       0       2       0       0       0               0D    626
     126     935       0       1       0       0       0       000010501D    627
     126       1       0       2       0       0       0               0D    628
     126     937       0       1       0       0       0       000010501D    629
     126       1       0       2       0       0       0               0D    630
     126     939       0       1       0       0       0       000010501D    631
     126       1       0       2       0       0       0               0D    632
     102     941       0       1       0       0       0       000010501D    633
     102       1       0       1       0       0       0               0D    634
     110     942       0       1       0       0       0       000010001D    635
     110       1       0       1       0       0       0               0D    636
     110     943       0       1       0       0       0       000010001D    637
     110       1       0       1       0       0       0               0D    638
     110     944       0       1       0       0       0       000010001D    639
     110       1       0       1       0       0       0               0D    640
     110     945       0       1       0       0       0       000010001D    641
     110       1       0       1       0       0       0               0D    642
     102     946       0       1       0       0       0       000010001D    643
     102       1       0       1       0       0       0               0D    644
     142     947       0       1       0       0       0       000010001D    645
     142       1       0       1       0       0       0               0D    646
     144     948       0       1       0       0       0       000000001D    647
     144       1    -619       1       0       0       0               0D    648
     314     949       0       1       0       0       0       000010001D    649
     314       1       0       2       0       0       0               0D    650
     110     951       0       1       0       0       0       000010001D    651
     110       1       0       1       0       0       0               0D    652
     110     952       0       1       0       0       0       000010001D    653
     110       1       0       1       0       0       0               0D    654
     120     953       0       1       0       0       0       000010001D    655
     120       1       0       1       0       0       0               0D    656
     126     954       0       1       0       0       0       000010501D    657
     126       1       0       4       0       0       0               0D    658
     126     958       0       1       0       0       0       000010501D    659
     126       1       0       2       0       0       0               0D    660
     126     960       0       1       0       0       0       000010501D    661
     126       1       0       4       0       0       0               0D    662
     126     964       0       1       0       0       0       000010501D    663
     126       1       0       2       0       0       0               0D    664
     102     966       0       1       0       0       0       000010501D    665
     102       1       0       1       0       0       0               0D    666
     124     967       0       1       0       0       0       000010001D    667
     124       1       0       1       0       0       0               0D    668
     100     968       0       1       0       0     667       000010001D    669
     100       1       0       1       0       0       0               0D    670
     110     969       0       1       0       0       0       000010001D    671
     110       1       0       1       0       0       0               0D    672
     124     970       0       1       0       0       0       000010001D    673
     124       1       0       1       0       0       0               0D    674
     100     971       0       1       0       0     673       000010001D    675
     100       1       0       1       0       0       0               0D    676
     110     972       0       1       0       0       0       000010001D    677
     110       1       0       1       0       0       0               0D    678
     102     973       0       1       0       0       0       000010001D    679
     102       1       0       1       0       0       0               0D    680
     142     974       0       1       0       0       0       000010001D    681
     142       1       0       1       0       0       0               0D    682
     144     975       0       1       0       0       0       000000001D    683
     144       1    -649       1       0       0       0               0D    684
     314     976       0       1       0       0       0       000010001D    685
     314       1       0       2       0       0       0               0D    686
     110     978       0       1       0       0       0       000010001D    687
     110       1       0       1       0       0       0               0D    688
     122     979       0       1       0       0       0       000010001D    689
     122       1       0       1       0       0       0               0D    690
     126     980       0       1       0       0       0       000010501D    691
     126       1       0       3       0       0       0               0D    692
     126     983       0       1       0       0       0       000010501D    693
     126       1       0      19       0       0       0               0D    694
     126    1002       0       1       0       0       0       000010501D    695
     126       1       0       2       0       0       0               0D    696
     126    1004       0       1       0       0       0       000010501D    697
     126       1       0      18       0       0       0               0D    698
     126    1022       0       1       0       0       0       000010501D    699
     126       1       0       3       0       0       0               0D    700
     126    1025       0       1       0       0       0       000010501D    701
     126       1       0      19       0       0       0               0D    702
     126    1044       0       1       0       0       0       000010501D    703
     126       1       0       2       0       0       0               0D    704
     126    1046       0       1       0       0       0       000010501D    705
     126       1       0      19       0       0       0               0D    706
     102    1065       0       1       0       0       0       000010501D    707
     102       1       0       1       0       0       0               0D    708
     110    1066       0       1       0       0       0       000010001D    709
     110       1       0       1       0       0       0               0D    710
     124    1067       0       1       0       0       0       000010001D    711
     124       1       0       1       0       0       0               0D    712
     100    1068       0       1       0       0     711       000010001D    713
     100       1       0       1       0       0       0               0D    714
     110    1069       0       1       0       0       0       000010001D    715
     110       1       0       1       0       0       0               0D    716
     124    1070       0       1       0       0       0       000010001D    717
     124       1       0       1       0       0       0               0D    718
     100    1071       0       1       0       0     717       000010001D    719
     100       1       0       1       0       0       0               0D    720
     110    1072       0       1       0       0       0       000010001D    721
     110       1       0       1       0       0       0               0D    722
     124    1073       0       1       0       0       0       000010001D    723
     124       1       0       1       0       0       0               0D    724
     100    1074       0       1       0       0     723       000010001D    725
     100       1       0       1       0       0       0               0D    726
     110    1075       0       1       0       0       0       000010001D    727
     110       1       0       1       0       0       0               0D    728
     124    1076       0       1       0       0       0       000010001D    729
     124       1       0       1       0       0       0               0D    730
     100    1077       0       1       0       0     729       000010001D    731
     100       1       0       1       0       0       0               0D    732
     102    1078       0       1       0       0       0       000010001D    733
     102       1       0       1       0       0       0               0D    734
     142    1079       0       1       0       0       0       000010001D    735
     142       1       0       1       0       0       0               0D    736
     126    1080       0       1       0       0       0       000010501D    737
     126       1       0      37       0       0       0               0D    738
     102    1117       0       1       0       0       0       000010501D    739
     102       1       0       1       0       0       0               0D    740
     124    1118       0       1       0       0       0       000010001D    741
     124       1       0       2       0       0       0               0D    742
     100    1120       0       1       0       0     741       000010001D    743
     100       1       0       1       0       0       0               0D    744
     102    1121       0       1       0       0       0       000010001D    745
     102       1       0       1       0       0       0               0D    746
     142    1122       0       1       0       0       0       000010001D    747
     142       1       0       1       0       0       0               0D    748
     126    1123       0       1       0       0       0       000010501D    749
     126       1       0      37       0       0       0               0D    750
     102    1160       0       1       0       0       0       000010501D    751
     102       1       0       1       0       0       0               0D    752
     124    1161       0       1       0       0       0       000010001D    753
     124       1       0       2       0       0       0               0D    754
     100    1163       0       1       0       0     753       000010001D    755
     100       1       0       1       0       0       0               0D    756
     102    1164       0       1       0       0       0       000010001D    757
     102       1       0       1       0       0       0               0D    758
     142    1165       0       1       0       0       0       000010001D    759
     142       1       0       1       0       0       0               0D    760
     126    1166       0       1       0       0       0       000010501D    761
     126       1       0      37       0       0       0               0D    762
     102    1203       0       1       0       0       0       000010501D    763
     102       1       0       1       0       0       0               0D    764
     124    1204       0       1       0       0       0       000010001D    765
     124       1       0       2       0       0       0               0D    766
     100    1206       0       1       0       0     765       000010001D    767
     100       1       0       1       0       0       0               0D    768
     102    1207       0       1       0       0       0       000010001D    769
     102       1       0       1       0       0       0               0D    770
     142    1208       0       1       0       0       0       000010001D    771
     142       1       0       1       0       0       0               0D    772
     126    1209       0       1       0       0       0       000010501D    773
     126       1       0      37       0       0       0               0D    774
     102    1246       0       1       0       0       0       000010501D    775
     102       1       0       1       0       0       0               0D    776
     124    1247       0       1       0       0       0       000010001D    777
     124       1       0       2       0       0       0               0D    778
     100    1249       0       1       0       0     777       000010001D    779
     100       1       0       1       0       0       0               0D    780
     102    1250       0       1       0       0       0       000010001D    781
     102       1       0       1       0       0       0               0D    782
     142    1251       0       1       0       0       0       000010001D    783
     142       1       0       1       0       0       0               0D    784
     126    1252       0       1       0       0       0       000010501D    785
     126       1       0       3       0       0       0               0D    786
     126    1255       0       1       0       0       0       000010501D    787
     126       1       0      18       0       0       0               0D    788
     126    1273       0       1       0       0       0       000010501D    789
     126       1       0       3       0       0       0               0D    790
     126    1276       0       1       0       0       0       000010501D    791
     126       1       0      19       0       0       0               0D    792
     126    1295       0       1       0       0       0       000010501D    793
     126       1       0       3       0       0       0               0D    794
     126    1298       0       1       0       0       0       000010501D    795
     126       1       0      19       0       0       0               0D    796
     126    1317       0       1       0       0       0       000010501D    797
     126       1       0       3       0       0       0               0D    798
     126    1320       0       1       0       0       0       000010501D    799
     126       1       0      19       0       0       0               0D    800
     102    1339       0       1       0       0       0       000010501D    801
     102       1       0       1       0       0       0               0D    802
     110    1340       0       1       0       0       0       000010001D    803
     110       1       0       1       0       0       0               0D    804
     124    1341       0       1       0       0       0       000010001D    805
     124       1       0       1       0       0       0               0D    806
     100    1342       0       1       0       0     805       000010001D    807
     100       1       0       1       0       0       0               0D    808
     110    1343       0       1       0       0       0       000010001D    809
     110       1       0       1       0       0       0               0D    810
     124    1344       0       1       0       0       0       000010001D    811
     124       1       0       1       0       0       0               0D    812
     100    1345       0       1       0       0     811       000010001D    813
     100       1       0       1       0       0       0               0D    814
     110    1346       0       1       0       0       0       000010001D    815
     110       1       0       1       0       0       0               0D    816
     124    1347       0       1       0       0       0       000010001D    817
     124       1       0       1       0       0       0               0D    818
     100    1348       0       1       0       0     817       000010001D    819
     100       1       0       1       0       0       0               0D    820
     110    1349       0       1       0       0       0       000010001D    821
     110       1       0       1       0       0       0               0D    822
     124    1350       0       1       0       0       0       000010001D    823
     124       1       0       1       0       0       0               0D    824
     100    1351       0       1       0       0     823       000010001D    825
     100       1       0       1       0       0       0               0D    826
     102    1352       0       1       0       0       0       000010001D    827
     102       1       0       1       0       0       0               0D    828
     142    1353       0       1       0       0       0       000010001D    829
     142       1       0       1       0       0       0               0D    830
     144    1354       0       1       0       0       0       000000001D    831
     144       1    -685       1       0       0       0               0D    832
     314    1355       0       1       0       0       0       000010001D    833
     314       1       0       2       0       0       0               0D    834
     110    1357       0       1       0       0       0       000010001D    835
     110       1       0       1       0       0       0               0D    836
     122    1358       0       1       0       0       0       000010001D    837
     122       1       0       1       0       0       0               0D    838
     126    1359       0       1       0       0       0       000010501D    839
     126       1       0       2       0       0       0               0D    840
     126    1361       0       1       0       0       0       000010501D    841
     126       1       0       2       0       0       0               0D    842
     126    1363       0       1       0       0       0       000010501D    843
     126       1       0       2       0       0       0               0D    844
     126    1365       0       1       0       0       0       000010501D    845
     126       1       0       2       0       0       0               0D    846
     102    1367       0       1       0       0       0       000010501D    847
     102       1       0       1       0       0       0               0D    848
     110    1368       0       1       0       0       0       000010001D    849
     110       1       0       1       0       0       0               0D    850
     110    1369       0       1       0       0       0       000010001D    851
     110       1       0       1       0       0       0               0D    852
     110    1370       0       1       0       0       0       000010001D    853
     110       1       0       1       0       0       0               0D    854
     110    1371       0       1       0       0       0       000010001D    855
     110       1       0       1       0       0       0               0D    856
     102    1372       0       1       0       0       0       000010001D    857
     102       1       0       1       0       0       0               0D    858
     142    1373       0       1       0       0       0       000010001D    859
     142       1       0       1       0       0       0               0D    860
     144    1374       0       1       0       0       0       000000001D    861
     144       1    -833       1       0       0       0               0D    862
     314    1375       0       1       0       0       0       000010001D    863
     314       1       0       2       0       0       0               0D    864
     110    1377       0       1       0       0       0       000010001D    865
     110       1       0       1       0       0       0               0D    866
     110    1378       0       1       0       0       0       000010001D    867
     110       1       0       1       0       0       0               0D    868
     120    1379       0       1       0       0       0       000010001D    869
     120       1       0       1       0       0       0               0D    870
     126    1380       0       1       0       0       0       000010501D    871
     126       1       0       4       0       0       0               0D    872
     126    1384       0       1       0       0       0       000010501D    873
     126       1       0       2       0       0       0               0D    874
     126    1386       0       1       0       0       0       000010501D    875
     126       1       0       4       0       0       0               0D    876
     126    1390       0       1       0       0       0       000010501D    877
     126       1       0       2       0       0       0               0D    878
     102    1392       0       1       0       0       0       000010501D    879
     102       1       0       1       0       0       0               0D    880
     124    1393       0       1       0       0       0       000010001D    881
     124       1       0       1       0       0       0               0D    882
     100    1394       0       1       0       0     881       000010001D    883
     100       1       0       1       0       0       0               0D    884
     110    1395       0       1       0       0       0       000010001D    885
     110       1       0       1       0       0       0               0D    886
     124    1396       0       1       0       0       0       000010001D    887
     124       1       0       1       0       0       0               0D    888
     100    1397       0       1       0       0     887       000010001D    889
     100       1       0       1       0       0       0               0D    890
     110    1398       0       1       0       0       0       000010001D    891
     110       1       0       1       0       0       0               0D    892
     102    1399       0       1       0       0       0       000010001D    893
     102       1       0       1       0       0       0               0D    894
     142    1400       0       1       0       0       0       000010001D    895
     142       1       0       1       0       0       0               0D    896
     144    1401       0       1       0       0       0       000000001D    897
     144       1    -863       1       0       0       0               0D    898
     314    1402       0       1       0       0       0       000010001D    899
     314       1       0       2       0       0       0               0D    900
     110    1404       0       1       0       0       0       000010001D    901
     110       1       0       1       0       0       0               0D    902
     122    1405       0       1       0       0       0       000010001D    903
     122       1       0       1       0       0       0               0D    904
     126    1406       0       1       0       0       0       000010501D    905
     126       1       0       2       0       0       0               0D    906
     126    1408       0       1       0       0       0       000010501D    907
     126       1       0       2       0       0       0               0D    908
     126    1410       0       1       0       0       0       000010501D    909
     126       1       0       2       0       0       0               0D    910
     126    1412       0       1       0       0       0       000010501D    911
     126       1       0       2       0       0       0               0D    912
     102    1414       0       1       0       0       0       000010501D    913
     102       1       0       1       0       0       0               0D    914
     110    1415       0       1       0       0       0       000010001D    915
     110       1       0       1       0       0       0               0D    916
     110    1416       0       1       0       0       0       000010001D    917
     110       1       0       1       0       0       0               0D    918
     110    1417       0       1       0       0       0       000010001D    919
     110       1       0       1       0       0       0               0D    920
     110    1418       0       1       0       0       0       000010001D    921
     110       1       0       1       0       0       0               0D    922
     102    1419       0       1       0       0       0       000010001D    923
     102       1       0       1       0       0       0               0D    924
     142    1420       0       1       0       0       0       000010001D    925
     142       1       0       1       0       0       0               0D    926
     144    1421       0       1       0       0       0       000000001D    927
     144       1    -899       1       0       0       0               0D    928
     314    1422       0       1       0       0       0       000010001D    929
     314       1       0       2       0       0       0               0D    930
     110    1424       0       1       0       0       0       000010001D    931
     110       1       0       1       0       0       0               0D    932
     110    1425       0       1       0       0       0       000010001D    933
     110       1       0       1       0       0       0               0D    934
     120    1426       0       1       0       0       0       000010001D    935
     120       1       0       1       0       0       0               0D    936
     126    1427       0       1       0       0       0       000010501D    937
     126       1       0       4       0       0       0               0D    938
     126    1431       0       1       0       0       0       000010501D    939
     126       1       0       2       0       0       0               0D    940
     126    1433       0       1       0       0       0       000010501D    941
     126       1       0       4       0       0       0               0D    942
     126    1437       0       1       0       0       0       000010501D    943
     126       1       0       2       0       0       0               0D    944
     102    1439       0       1       0       0       0       000010501D    945
     102       1       0       1       0       0       0               0D    946
     124    1440       0       1       0       0       0       000010001D    947
     124       1       0       1       0       0       0               0D    948
     100    1441       0       1       0       0     947       000010001D    949
     100       1       0       1       0       0       0               0D    950
     110    1442       0       1       0       0       0       000010001D    951
     110       1       0       1       0       0       0               0D    952
     124    1443       0       1       0       0       0       000010001D    953
     124       1       0       1       0       0       0               0D    954
     100    1444       0       1       0       0     953       000010001D    955
     100       1       0       1       0       0       0               0D    956
     110    1445       0       1       0       0       0       000010001D    957
     110       1       0       1       0       0       0               0D    958
     102    1446       0       1       0       0       0       000010001D    959
     102       1       0       1       0       0       0               0D    960
     142    1447       0       1       0       0       0       000010001D    961
     142       1       0       1       0       0       0               0D    962
     144    1448       0       1       0       0       0       000000001D    963
     144       1    -929       1       0       0       0               0D    964
     314    1449       0       1       0       0       0       000010001D    965
     314       1       0       2       0       0       0               0D    966
     110    1451       0       1       0       0       0       000010001D    967
     110       1       0       1       0       0       0               0D    968
     122    1452       0       1       0       0       0       000010001D    969
     122       1       0       1       0       0       0               0D    970
     126    1453       0       1       0       0       0       000010501D    971
     126       1       0       2       0       0       0               0D    972
     126    1455       0       1       0       0       0       000010501D    973
     126       1       0       2       0       0       0               0D    974
     126    1457       0       1       0       0       0       000010501D    975
     126       1       0       2       0       0       0               0D    976
     126    1459       0       1       0       0       0       000010501D    977
     126       1       0       2       0       0       0               0D    978
     102    1461       0       1       0       0       0       000010501D    979
     102       1       0       1       0       0       0               0D    980
     110    1462       0       1       0       0       0       000010001D    981
     110       1       0       1       0       0       0               0D    982
     110    1463       0       1       0       0       0       000010001D    983
     110       1       0       1       0       0       0               0D    984
     110    1464       0       1       0       0       0       000010001D    985
     110       1       0       1       0       0       0               0D    986
     110    1465       0       1       0       0       0       000010001D    987
     110       1       0       1       0       0       0               0D    988
     102    1466       0       1       0       0       0       000010001D    989
     102       1       0       1       0       0       0               0D    990
     142    1467       0       1       0       0       0       000010001D    991
     142       1       0       1       0       0       0               0D    992
     144    1468       0       1       0       0       0       000000001D    993
     144       1    -965       1       0       0       0               0D    994
     314    1469       0       1       0       0       0       000010001D    995
     314       1       0       2       0       0       0               0D    996
     110    1471       0       1       0       0       0       000010001D    997
     110       1       0       1       0       0       0               0D    998
     110    1472       0       1       0       0       0       000010001D    999
     110       1       0       1       0       0       0               0D   1000
     120    1473       0       1       0       0       0       000010001D   1001
     120       1       0       1       0       0       0               0D   1002
     126    1474       0       1       0       0       0       000010501D   1003
     126       1       0       3       0       0       0               0D   1004
     126    1477       0       1       0       0       0       000010501D   1005
     126       1       0       2       0       0       0               0D   1006
     126    1479       0       1       0       0       0       000010501D   1007
     126       1       0       3       0       0       0               0D   1008
     126    1482       0       1       0       0       0       000010501D   1009
     126       1       0       2       0       0       0               0D   1010
     102    1484       0       1       0       0       0       000010501D   1011
     102       1       0       1       0       0       0               0D   1012
     124    1485       0       1       0       0       0       000010001D   1013
     124       1       0       1       0       0       0               0D   1014
     100    1486       0       1       0       0    1013       000010001D   1015
     100       1       0       1       0       0       0               0D   1016
     110    1487       0       1       0       0       0       000010001D   1017
     110       1       0       1       0       0       0               0D   1018
     124    1488       0       1       0       0       0       000010001D   1019
     124       1       0       1       0       0       0               0D   1020
     100    1489       0       1       0       0    1019       000010001D   1021
     100       1       0       1       0       0       0               0D   1022
     110    1490       0       1       0       0       0       000010001D   1023
     110       1       0       1       0       0       0               0D   1024
     102    1491       0       1       0       0       0       000010001D   1025
     102       1       0       1       0       0       0               0D   1026
     142    1492       0       1       0       0       0       000010001D   1027
     142       1       0       1       0       0       0               0D   1028
     144    1493       0       1       0       0       0       000000001D   1029
     144       1    -995       1       0       0       0               0D   1030
     314    1494       0       1       0       0       0       000010001D   1031
     314       1       0       2       0       0       0               0D   1032
     110    1496       0       1       0       0       0       000010001D   1033
     110       1       0       1       0       0       0               0D   1034
     122    1497       0       1       0       0       0       000010001D   1035
     122       1       0       1       0       0       0               0D   1036
     126    1498       0       1       0       0       0       000010501D   1037
     126       1       0       2       0       0       0               0D   1038
     126    1500       0       1       0       0       0       000010501D   1039
     126       1       0       2       0       0       0               0D   1040
     126    1502       0       1       0       0       0       000010501D   1041
     126       1       0       2       0       0       0               0D   1042
     126    1504       0       1       0       0       0       000010501D   1043
     126       1       0       2       0       0       0               0D   1044
     102    1506       0       1       0       0       0       000010501D   1045
     102       1       0       1       0       0       0               0D   1046
     110    1507       0       1       0       0       0       000010001D   1047
     110       1       0       1       0       0       0               0D   1048
     110    1508       0       1       0       0       0       000010001D   1049
     110       1       0       1       0       0       0               0D   1050
     110    1509       0       1       0       0       0       000010001D   1051
     110       1       0       1       0       0       0               0D   1052
     110    1510       0       1       0       0       0       000010001D   1053
     110       1       0       1       0       0       0               0D   1054
     102    1511       0       1       0       0       0       000010001D   1055
     102       1       0       1       0       0       0               0D   1056
     142    1512       0       1       0       0       0       000010001D   1057
     142       1       0       1       0       0       0               0D   1058
     144    1513       0       1       0       0       0       000000001D   1059
     144       1   -1031       1       0       0       0               0D   1060
     314    1514       0       1       0       0       0       000010001D   1061
     314       1       0       2       0       0       0               0D   1062
     110    1516       0       1       0       0       0       000010001D   1063
     110       1       0       1       0       0       0               0D   1064
     110    1517       0       1       0       0       0       000010001D   1065
     110       1       0       1       0       0       0               0D   1066
     120    1518       0       1       0       0       0       000010001D   1067
     120       1       0       1       0       0       0               0D   1068
     126    1519       0       1       0       0       0       000010501D   1069
     126       1       0       3       0       0       0               0D   1070
     126    1522       0       1       0       0       0       000010501D   1071
     126       1       0       2       0       0       0               0D   1072
     126    1524       0       1       0       0       0       000010501D   1073
     126       1       0       3       0       0       0               0D   1074
     126    1527       0       1       0       0       0       000010501D   1075
     126       1       0       2       0       0       0               0D   1076
     102    1529       0       1       0       0       0       000010501D   1077
     102       1       0       1       0       0       0               0D   1078
     124    1530       0       1       0       0       0       000010001D   1079
     124       1       0       1       0       0       0               0D   1080
     100    1531       0       1       0       0    1079       000010001D   1081
     100       1       0       1       0       0       0               0D   1082
     110    1532       0       1       0       0       0       000010001D   1083
     110       1       0       1       0       0       0               0D   1084
     124    1533       0       1       0       0       0       000010001D   1085
     124       1       0       1       0       0       0               0D   1086
     100    1534       0       1       0       0    1085       000010001D   1087
     100       1       0       1       0       0       0               0D   1088
     110    1535       0       1       0       0       0       000010001D   1089
     110       1       0       1       0       0       0               0D   1090
     102    1536       0       1       0       0       0       000010001D   1091
     102       1       0       1       0       0       0               0D   1092
     142    1537       0       1       0       0       0       000010001D   1093
     142       1       0       1       0       0       0               0D   1094
     144    1538       0       1       0       0       0       000000001D   1095
     144       1   -1061       1       0       0       0               0D   1096
     314    1539       0       1       0       0       0       000010001D   1097
     314       1       0       2       0       0       0               0D   1098
     110    1541       0       1       0       0       0       000010001D   1099
     110       1       0       1       0       0       0               0D   1100
     122    1542       0       1       0       0       0       000010001D   1101
     122       1       0       1       0       0       0               0D   1102
     126    1543       0       1       0       0       0       000010501D   1103
     126       1       0       2       0       0       0               0D   1104
     126    1545       0       1       0       0       0       000010501D   1105
     126       1       0       2       0       0       0               0D   1106
     126    1547       0       1       0       0       0       000010501D   1107
     126       1       0       2       0       0       0               0D   1108
     126    1549       0       1       0       0       0       000010501D   1109
     126       1       0       2       0       0       0               0D   1110
     102    1551       0       1       0       0       0       000010501D   1111
     102       1       0       1       0       0       0               0D   1112
     110    1552       0       1       0       0       0       000010001D   1113
     110       1       0       1       0       0       0               0D   1114
     110    1553       0       1       0       0       0       000010001D   1115
     110       1       0       1       0       0       0               0D   1116
     110    1554       0       1       0       0       0       000010001D   1117
     110       1       0       1       0       0       0               0D   1118
     110    1555       0       1       0       0       0       000010001D   1119
     110       1       0       1       0       0       0               0D   1120
     102    1556       0       1       0       0       0       000010001D   1121
     102       1       0       1       0       0       0               0D   1122
     142    1557       0       1       0       0       0       000010001D   1123
     142       1       0       1       0       0       0               0D   1124
     144    1558       0       1       0       0       0       000000001D   1125
     144       1   -1097       1       0       0       0               0D   1126
     314    1559       0       1       0       0       0       000010001D   1127
     314       1       0       2       0       0       0               0D   1128
     110    1561       0       1       0       0       0       000010001D   1129
     110       1       0       1       0       0       0               0D   1130
     122    1562       0       1       0       0       0       000010001D   1131
     122       1       0       1       0       0       0               0D   1132
     126    1563       0       1       0       0       0       000010501D   1133
     126       1       0       2       0       0       0               0D   1134
     126    1565       0       1       0       0       0       000010501D   1135
     126       1       0       2       0       0       0               0D   1136
     126    1567       0       1       0       0       0       000010501D   1137
     126       1       0       2       0       0       0               0D   1138
     126    1569       0       1       0       0       0       000010501D   1139
     126       1       0       2       0       0       0               0D   1140
     102    1571       0       1       0       0       0       000010501D   1141
     102       1       0       1       0       0       0               0D   1142
     110    1572       0       1       0       0       0       000010001D   1143
     110       1       0       1       0       0       0               0D   1144
     110    1573       0       1       0       0       0       000010001D   1145
     110       1       0       1       0       0       0               0D   1146
     110    1574       0       1       0       0       0       000010001D   1147
     110       1       0       1       0       0       0               0D   1148
     110    1575       0       1       0       0       0       000010001D   1149
     110       1       0       1       0       0       0               0D   1150
     102    1576       0       1       0       0       0       000010001D   1151
     102       1       0       1       0       0       0               0D   1152
     142    1577       0       1       0       0       0       000010001D   1153
     142       1       0       1       0       0       0               0D   1154
     144    1578       0       1       0       0       0       000000001D   1155
     144       1   -1127       1       0       0       0               0D   1156
     314    1579       0       1       0       0       0       000010001D   1157
     314       1       0       2       0       0       0               0D   1158
     110    1581       0       1       0       0       0       000010001D   1159
     110       1       0       1       0       0       0               0D   1160
     122    1582       0       1       0       0       0       000010001D   1161
     122       1       0       1       0       0       0               0D   1162
     126    1583       0       1       0       0       0       000010501D   1163
     126       1       0       2       0       0       0               0D   1164
     126    1585       0       1       0       0       0       000010501D   1165
     126       1       0       2       0       0       0               0D   1166
     126    1587       0       1       0       0       0       000010501D   1167
     126       1       0       2       0       0       0               0D   1168
     126    1589       0       1       0       0       0       000010501D   1169
     126       1       0       2       0       0       0               0D   1170
     102    1591       0       1       0       0       0       000010501D   1171
     102       1       0       1       0       0       0               0D   1172
     110    1592       0       1       0       0       0       000010001D   1173
     110       1       0       1       0       0       0               0D   1174
     110    1593       0       1       0       0       0       000010001D   1175
     110       1       0       1       0       0       0               0D   1176
     110    1594       0       1       0       0       0       000010001D   1177
     110       1       0       1       0       0       0               0D   1178
     110    1595       0       1       0       0       0       000010001D   1179
     110       1       0       1       0       0       0               0D   1180
     102    1596       0       1       0       0       0       000010001D   1181
     102       1       0       1       0       0       0               0D   1182
     142    1597       0       1       0       0       0       000010001D   1183
     142       1       0       1       0       0       0               0D   1184
     144    1598       0       1       0       0       0       000000001D   1185
     144       1   -1157       1       0       0       0               0D   1186
     314    1599       0       1       0       0       0       000010001D   1187
     314       1       0       2       0       0       0               0D   1188
     110    1601       0       1       0       0       0       000010001D   1189
     110       1       0       1       0       0       0               0D   1190
     122    1602       0       1       0       0       0       000010001D   1191
     122       1       0       1       0       0       0               0D   1192
     126    1603       0       1       0       0       0       000010501D   1193
     126       1       0       2       0       0       0               0D   1194
     126    1605       0       1       0       0       0       000010501D   1195
     126       1       0       2       0       0       0               0D   1196
     126    1607       0       1       0       0       0       000010501D   1197
     126       1       0       2       0       0       0               0D   1198
     126    1609       0       1       0       0       0       000010501D   1199
     126       1       0       2       0       0       0               0D   1200
     102    1611       0       1       0       0       0       000010501D   1201
     102       1       0       1       0       0       0               0D   1202
     110    1612       0       1       0       0       0       000010001D   1203
     110       1       0       1       0       0       0               0D   1204
     110    1613       0       1       0       0       0       000010001D   1205
     110       1       0       1       0       0       0               0D   1206
     110    1614       0       1       0       0       0       000010001D   1207
     110       1       0       1       0       0       0               0D   1208
     110    1615       0       1       0       0       0       000010001D   1209
     110       1       0       1       0       0       0               0D   1210
     102    1616       0       1       0       0       0       000010001D   1211
     102       1       0       1       0       0       0               0D   1212
     142    1617       0       1       0       0       0       000010001D   1213
     142       1       0       1       0       0       0               0D   1214
     144    1618       0       1       0       0       0       000000001D   1215
     144       1   -1187       1       0       0       0               0D   1216
     314    1619       0       1       0       0       0       000010001D   1217
     314       1       0       2       0       0       0               0D   1218
     110    1621       0       1       0       0       0       000010001D   1219
     110       1       0       1       0       0       0               0D   1220
     110    1622       0       1       0       0       0       000010001D   1221
     110       1       0       1       0       0       0               0D   1222
     120    1623       0       1       0       0       0       000010001D   1223
     120       1       0       1       0       0       0               0D   1224
     126    1624       0       1       0       0       0       000010501D   1225
     126       1       0       2       0       0       0               0D   1226
     126    1626       0       1       0       0       0       000010501D   1227
     126       1       0       2       0       0       0               0D   1228
     126    1628       0       1       0       0       0       000010501D   1229
     126       1       0       2       0       0       0               0D   1230
     126    1630       0       1       0       0       0       000010501D   1231
     126       1       0       2       0       0       0               0D   1232
     126    1632       0       1       0       0       0       000010501D   1233
     126       1       0       2       0       0       0               0D   1234
     126    1634       0       1       0       0       0       000010501D   1235
     126       1       0       2       0       0       0               0D   1236
     126    1636       0       1       0       0       0       000010501D   1237
     126       1       0       2       0       0       0               0D   1238
     126    1638       0       1       0       0       0       000010501D   1239
     126       1       0       2       0       0       0               0D   1240
     102    1640       0       1       0       0       0       000010501D   1241
     102       1       0       1       0       0       0               0D   1242
     124    1641       0       1       0       0       0       000010001D   1243
     124       1       0       1       0       0       0               0D   1244
     100    1642       0       1       0       0    1243       000010001D   1245
     100       1       0       1       0       0       0               0D   1246
     110    1643       0       1       0       0       0       000010001D   1247
     110       1       0       1       0       0       0               0D   1248
     124    1644       0       1       0       0       0       000010001D   1249
     124       1       0       1       0       0       0               0D   1250
     100    1645       0       1       0       0    1249       000010001D   1251
     100       1       0       1       0       0       0               0D   1252
     110    1646       0       1       0       0       0       000010001D   1253
     110       1       0       1       0       0       0               0D   1254
     102    1647       0       1       0       0       0       000010001D   1255
     102       1       0       1       0       0       0               0D   1256
     142    1648       0       1       0       0       0       000010001D   1257
     142       1       0       1       0       0       0               0D   1258
     144    1649       0       1       0       0       0       000000001D   1259
     144       1   -1217       1       0       0       0               0D   1260
     314    1650       0       1       0       0       0       000010001D   1261
     314       1       0       2       0       0       0               0D   1262
     110    1652       0       1       0       0       0       000010001D   1263
     110       1       0       1       0       0       0               0D   1264
     110    1653       0       1       0       0       0       000010001D   1265
     110       1       0       1       0       0       0               0D   1266
     120    1654       0       1       0       0       0       000010001D   1267
     120       1       0       1       0       0       0               0D   1268
     126    1655       0       1       0       0       0       000010501D   1269
     126       1       0       2       0       0       0               0D   1270
     126    1657       0       1       0       0       0       000010501D   1271
     126       1       0       2       0       0       0               0D   1272
     126    1659       0       1       0       0       0       000010501D   1273
     126       1       0       2       0       0       0               0D   1274
     126    1661       0       1       0       0       0       000010501D   1275
     126       1       0       2       0       0       0               0D   1276
     126    1663       0       1       0       0       0       000010501D   1277
     126       1       0       2       0       0       0               0D   1278
     126    1665       0       1       0       0       0       000010501D   1279
     126       1       0       2       0       0       0               0D   1280
     126    1667       0       1       0       0       0       000010501D   1281
     126       1       0       2       0       0       0               0D   1282
     126    1669       0       1       0       0       0       000010501D   1283
     126       1       0       2       0       0       0               0D   1284
     102    1671       0       1       0       0       0       000010501D   1285
     102       1       0       1       0       0       0               0D   1286
     124    1672       0       1       0       0       0       000010001D   1287
     124       1       0       1       0       0       0               0D   1288
     100    1673       0       1       0       0    1287       000010001D   1289
     100       1       0       1       0       0       0               0D   1290
     110    1674       0       1       0       0       0       000010001D   1291
     110       1       0       1       0       0       0               0D   1292
     124    1675       0       1       0       0       0       000010001D   1293
     124       1       0       1       0       0       0               0D   1294
     100    1676       0       1       0       0    1293       000010001D   1295
     100       1       0       1       0       0       0               0D   1296
     110    1677       0       1       0       0       0       000010001D   1297
     110       1       0       1       0       0       0               0D   1298
     102    1678       0       1       0       0       0       000010001D   1299
     102       1       0       1       0       0       0               0D   1300
     142    1679       0       1       0       0       0       000010001D   1301
     142       1       0       1       0       0       0               0D   1302
     144    1680       0       1       0       0       0       000000001D   1303
     144       1   -1261       1       0       0       0               0D   1304
     314    1681       0       1       0       0       0       000010001D   1305
     314       1       0       2       0       0       0               0D   1306
     110    1683       0       1       0       0       0       000010001D   1307
     110       1       0       2       0       0       0               0D   1308
     110    1685       0       1       0       0       0       000010001D   1309
     110       1       0       2       0       0       0               0D   1310
     120    1687       0       1       0       0       0       000010001D   1311
     120       1       0       1       0       0       0               0D   1312
     126    1688       0       1       0       0       0       000010501D   1313
     126       1       0       3       0       0       0               0D   1314
     126    1691       0       1       0       0       0       000010501D   1315
     126       1       0       2       0       0       0               0D   1316
     126    1693       0       1       0       0       0       000010501D   1317
     126       1       0       2       0       0       0               0D   1318
     126    1695       0       1       0       0       0       000010501D   1319
     126       1       0       2       0       0       0               0D   1320
     126    1697       0       1       0       0       0       000010501D   1321
     126       1       0       3       0       0       0               0D   1322
     126    1700       0       1       0       0       0       000010501D   1323
     126       1       0       2       0       0       0               0D   1324
     126    1702       0       1       0       0       0       000010501D   1325
     126       1       0       3       0       0       0               0D   1326
     126    1705       0       1       0       0       0       000010501D   1327
     126       1       0       2       0       0       0               0D   1328
     102    1707       0       1       0       0       0       000010501D   1329
     102       1       0       1       0       0       0               0D   1330
     124    1708       0       1       0       0       0       000010001D   1331
     124       1       0       2       0       0       0               0D   1332
     100    1710       0       1       0       0    1331       000010001D   1333
     100       1       0       1       0       0       0               0D   1334
     110    1711       0       1       0       0       0       000010001D   1335
     110       1       0       2       0       0       0               0D   1336
     124    1713       0       1       0       0       0       000010001D   1337
     124       1       0       2       0       0       0               0D   1338
     100    1715       0       1       0       0    1337       000010001D   1339
     100       1       0       1       0       0       0               0D   1340
     110    1716       0       1       0       0       0       000010001D   1341
     110       1       0       2       0       0       0               0D   1342
     102    1718       0       1       0       0       0       000010001D   1343
     102       1       0       1       0       0       0               0D   1344
     142    1719       0       1       0       0       0       000010001D   1345
     142       1       0       1       0       0       0               0D   1346
     144    1720       0       1       0       0       0       000000001D   1347
     144       1   -1305       1       0       0       0               0D   1348
     314    1721       0       1       0       0       0       000010001D   1349
     314       1       0       2       0       0       0               0D   1350
     110    1723       0       1       0       0       0       000010001D   1351
     110       1       0       2       0       0       0               0D   1352
     110    1725       0       1       0       0       0       000010001D   1353
     110       1       0       2       0       0       0               0D   1354
     120    1727       0       1       0       0       0       000010001D   1355
     120       1       0       1       0       0       0               0D   1356
     126    1728       0       1       0       0       0       000010501D   1357
     126       1       0       3       0       0       0               0D   1358
     126    1731       0       1       0       0       0       000010501D   1359
     126       1       0       2       0       0       0               0D   1360
     126    1733       0       1       0       0       0       000010501D   1361
     126       1       0       2       0       0       0               0D   1362
     126    1735       0       1       0       0       0       000010501D   1363
     126       1       0       2       0       0       0               0D   1364
     126    1737       0       1       0       0       0       000010501D   1365
     126       1       0       3       0       0       0               0D   1366
     126    1740       0       1       0       0       0       000010501D   1367
     126       1       0       2       0       0       0               0D   1368
     126    1742       0       1       0       0       0       000010501D   1369
     126       1       0       3       0       0       0               0D   1370
     126    1745       0       1       0       0       0       000010501D   1371
     126       1       0       2       0       0       0               0D   1372
     102    1747       0       1       0       0       0       000010501D   1373
     102       1       0       1       0       0       0               0D   1374
     124    1748       0       1       0       0       0       000010001D   1375
     124       1       0       2       0       0       0               0D   1376
     100    1750       0       1       0       0    1375       000010001D   1377
     100       1       0       1       0       0       0               0D   1378
     110    1751       0       1       0       0       0       000010001D   1379
     110       1       0       2       0       0       0               0D   1380
     124    1753       0       1       0       0       0       000010001D   1381
     124       1       0       2       0       0       0               0D   1382
     100    1755       0       1       0       0    1381       000010001D   1383
     100       1       0       1       0       0       0               0D   1384
     110    1756       0       1       0       0       0       000010001D   1385
     110       1       0       2       0       0       0               0D   1386
     102    1758       0       1       0       0       0       000010001D   1387
     102       1       0       1       0       0       0               0D   1388
     142    1759       0       1       0       0       0       000010001D   1389
     142       1       0       1       0       0       0               0D   1390
     144    1760       0       1       0       0       0       000000001D   1391
     144       1   -1349       1       0       0       0               0D   1392
     314    1761       0       1       0       0       0       000010001D   1393
     314       1       0       2       0       0       0               0D   1394
     110    1763       0       1       0       0       0       000010001D   1395
     110       1       0       2       0       0       0               0D   1396
     110    1765       0       1       0       0       0       000010001D   1397
     110       1       0       2       0       0       0               0D   1398
     120    1767       0       1       0       0       0       000010001D   1399
     120       1       0       1       0       0       0               0D   1400
     126    1768       0       1       0       0       0       000010501D   1401
     126       1       0       3       0       0       0               0D   1402
     126    1771       0       1       0       0       0       000010501D   1403
     126       1       0       2       0       0       0               0D   1404
     126    1773       0       1       0       0       0       000010501D   1405
     126       1       0       2       0       0       0               0D   1406
     126    1775       0       1       0       0       0       000010501D   1407
     126       1       0       2       0       0       0               0D   1408
     126    1777       0       1       0       0       0       000010501D   1409
     126       1       0       3       0       0       0               0D   1410
     126    1780       0       1       0       0       0       000010501D   1411
     126       1       0       2       0       0       0               0D   1412
     126    1782       0       1       0       0       0       000010501D   1413
     126       1       0       3       0       0       0               0D   1414
     126    1785       0       1       0       0       0       000010501D   1415
     126       1       0       2       0       0       0               0D   1416
     102    1787       0       1       0       0       0       000010501D   1417
     102       1       0       1       0       0       0               0D   1418
     124    1788       0       1       0       0       0       000010001D   1419
     124       1       0       2       0       0       0               0D   1420
     100    1790       0       1       0       0    1419       000010001D   1421
     100       1       0       1       0       0       0               0D   1422
     110    1791       0       1       0       0       0       000010001D   1423
     110       1       0       2       0       0       0               0D   1424
     124    1793       0       1       0       0       0       000010001D   1425
     124       1       0       2       0       0       0               0D   1426
     100    1795       0       1       0       0    1425       000010001D   1427
     100       1       0       1       0       0       0               0D   1428
     110    1796       0       1       0       0       0       000010001D   1429
     110       1       0       2       0       0       0               0D   1430
     102    1798       0       1       0       0       0       000010001D   1431
     102       1       0       1       0       0       0               0D   1432
     142    1799       0       1       0       0       0       000010001D   1433
     142       1       0       1       0       0       0               0D   1434
     144    1800       0       1       0       0       0       000000001D   1435
     144       1   -1393       1       0       0       0               0D   1436
     314    1801       0       1       0       0       0       000010001D   1437
     314       1       0       2       0       0       0               0D   1438
     110    1803       0       1       0       0       0       000010001D   1439
     110       1       0       2       0       0       0               0D   1440
     110    1805       0       1       0       0       0       000010001D   1441
     110       1       0       2       0       0       0               0D   1442
     120    1807       0       1       0       0       0       000010001D   1443
     120       1       0       1       0       0       0               0D   1444
     126    1808       0       1       0       0       0       000010501D   1445
     126       1       0       3       0       0       0               0D   1446
     126    1811       0       1       0       0       0       000010501D   1447
     126       1       0       2       0       0       0               0D   1448
     126    1813       0       1       0       0       0       000010501D   1449
     126       1       0       2       0       0       0               0D   1450
     126    1815       0       1       0       0       0       000010501D   1451
     126       1       0       2       0       0       0               0D   1452
     126    1817       0       1       0       0       0       000010501D   1453
     126       1       0       3       0       0       0               0D   1454
     126    1820       0       1       0       0       0       000010501D   1455
     126       1       0       2       0       0       0               0D   1456
     126    1822       0       1       0       0       0       000010501D   1457
     126       1       0       3       0       0       0               0D   1458
     126    1825       0       1       0       0       0       000010501D   1459
     126       1       0       2       0       0       0               0D   1460
     102    1827       0       1       0       0       0       000010501D   1461
     102       1       0       1       0       0       0               0D   1462
     124    1828       0       1       0       0       0       000010001D   1463
     124       1       0       2       0       0       0               0D   1464
     100    1830       0       1       0       0    1463       000010001D   1465
     100       1       0       1       0       0       0               0D   1466
     110    1831       0       1       0       0       0       000010001D   1467
     110       1       0       2       0       0       0               0D   1468
     124    1833       0       1       0       0       0       000010001D   1469
     124       1       0       2       0       0       0               0D   1470
     100    1835       0       1       0       0    1469       000010001D   1471
     100       1       0       1       0       0       0               0D   1472
     110    1836       0       1       0       0       0       000010001D   1473
     110       1       0       2       0       0       0               0D   1474
     102    1838       0       1       0       0       0       000010001D   1475
     102       1       0       1       0       0       0               0D   1476
     142    1839       0       1       0       0       0       000010001D   1477
     142       1       0       1       0       0       0               0D   1478
     144    1840       0       1       0       0       0       000000001D   1479
     144       1   -1437       1       0       0       0               0D   1480
     314    1841       0       1       0       0       0       000010001D   1481
     314       1       0       2       0       0       0               0D   1482
     110    1843       0       1       0       0       0       000010001D   1483
     110       1       0       1       0       0       0               0D   1484
     122    1844       0       1       0       0       0       000010001D   1485
     122       1       0       1       0       0       0               0D   1486
     126    1845       0       1       0       0       0       000010501D   1487
     126       1       0       2       0       0       0               0D   1488
     126    1847       0       1       0       0       0       000010501D   1489
     126       1       0       2       0       0       0               0D   1490
     126    1849       0       1       0       0       0       000010501D   1491
     126       1       0       2       0       0       0               0D   1492
     126    1851       0       1       0       0       0       000010501D   1493
     126       1       0       2       0       0       0               0D   1494
     102    1853       0       1       0       0       0       000010501D   1495
     102       1       0       1       0       0       0               0D   1496
     110    1854       0       1       0       0       0       000010001D   1497
     110       1       0       1       0       0       0               0D   1498
     110    1855       0       1       0       0       0       000010001D   1499
     110       1       0       1       0       0       0               0D   1500
     110    1856       0       1       0       0       0       000010001D   1501
     110       1       0       1       0       0       0               0D   1502
     110    1857       0       1       0       0       0       000010001D   1503
     110       1       0       1       0       0       0               0D   1504
     102    1858       0       1       0       0       0       000010001D   1505
     102       1       0       1       0       0       0               0D   1506
     142    1859       0       1       0       0       0       000010001D   1507
     142       1       0       1       0       0       0               0D   1508
     144    1860       0       1       0       0       0       000000001D   1509
     144       1   -1481       1       0       0       0               0D   1510
     314    1861       0       1       0       0       0       000010001D   1511
     314       1       0       2       0       0       0               0D   1512
     110    1863       0       1       0       0       0       000010001D   1513
     110       1       0       1       0       0       0               0D   1514
     122    1864       0       1       0       0       0       000010001D   1515
     122       1       0       1       0       0       0               0D   1516
     126    1865       0       1       0       0       0       000010501D   1517
     126       1       0       2       0       0       0               0D   1518
     126    1867       0       1       0       0       0       000010501D   1519
     126       1       0       2       0       0       0               0D   1520
     126    1869       0       1       0       0       0       000010501D   1521
     126       1       0       2       0       0       0               0D   1522
     126    1871       0       1       0       0       0       000010501D   1523
     126       1       0       2       0       0       0               0D   1524
     102    1873       0       1       0       0       0       000010501D   1525
     102       1       0       1       0       0       0               0D   1526
     110    1874       0       1       0       0       0       000010001D   1527
     110       1       0       1       0       0       0               0D   1528
     110    1875       0       1       0       0       0       000010001D   1529
     110       1       0       1       0       0       0               0D   1530
     110    1876       0       1       0       0       0       000010001D   1531
     110       1       0       1       0       0       0               0D   1532
     110    1877       0       1       0       0       0       000010001D   1533
     110       1       0       1       0       0       0               0D   1534
     102    1878       0       1       0       0       0       000010001D   1535
     102       1       0       1       0       0       0               0D   1536
     142    1879       0       1       0       0       0       000010001D   1537
     142       1       0       1       0       0       0               0D   1538
     144    1880       0       1       0       0       0       000000001D   1539
     144       1   -1511       1       0       0       0               0D   1540
     314    1881       0       1       0       0       0       000010001D   1541
     314       1       0       2       0       0       0               0D   1542
     110    1883       0       1       0       0       0       000010001D   1543
     110       1       0       1       0       0       0               0D   1544
     122    1884       0       1       0       0       0       000010001D   1545
     122       1       0       1       0       0       0               0D   1546
     126    1885       0       1       0       0       0       000010501D   1547
     126       1       0       2       0       0       0               0D   1548
     126    1887       0       1       0       0       0       000010501D   1549
     126       1       0       2       0       0       0               0D   1550
     126    1889       0       1       0       0       0       000010501D   1551
     126       1       0       2       0       0       0               0D   1552
     126    1891       0       1       0       0       0       000010501D   1553
     126       1       0       2       0       0       0               0D   1554
     102    1893       0       1       0       0       0       000010501D   1555
     102       1       0       1       0       0       0               0D   1556
     110    1894       0       1       0       0       0       000010001D   1557
     110       1       0       1       0       0       0               0D   1558
     110    1895       0       1       0       0       0       000010001D   1559
     110       1       0       1       0       0       0               0D   1560
     110    1896       0       1       0       0       0       000010001D   1561
     110       1       0       1       0       0       0               0D   1562
     110    1897       0       1       0       0       0       000010001D   1563
     110       1       0       1       0       0       0               0D   1564
     102    1898       0       1       0       0       0       000010001D   1565
     102       1       0       1       0       0       0               0D   1566
     142    1899       0       1       0       0       0       000010001D   1567
     142       1       0       1       0       0       0               0D   1568
     144    1900       0       1       0       0       0       000000001D   1569
     144       1   -1541       1       0       0       0               0D   1570
     314    1901       0       1       0       0       0       000010001D   1571
     314       1       0       2       0       0       0               0D   1572
     110    1903       0       1       0       0       0       000010001D   1573
     110       1       0       1       0       0       0               0D   1574
     122    1904       0       1       0       0       0       000010001D   1575
     122       1       0       1       0       0       0               0D   1576
     126    1905       0       1       0       0       0       000010501D   1577
     126       1       0       2       0       0       0               0D   1578
     126    1907       0       1       0       0       0       000010501D   1579
     126       1       0       2       0       0       0               0D   1580
     126    1909       0       1       0       0       0       000010501D   1581
     126       1       0       2       0       0       0               0D   1582
     126    1911       0       1       0       0       0       000010501D   1583
     126       1       0       2       0       0       0               0D   1584
     102    1913       0       1       0       0       0       000010501D   1585
     102       1       0       1       0       0       0               0D   1586
     110    1914       0       1       0       0       0       000010001D   1587
     110       1       0       1       0       0       0               0D   1588
     110    1915       0       1       0       0       0       000010001D   1589
     110       1       0       1       0       0       0               0D   1590
     110    1916       0       1       0       0       0       000010001D   1591
     110       1       0       1       0       0       0               0D   1592
     110    1917       0       1       0       0       0       000010001D   1593
     110       1       0       1       0       0       0               0D   1594
     102    1918       0       1       0       0       0       000010001D   1595
     102       1       0       1       0       0       0               0D   1596
     142    1919       0       1       0       0       0       000010001D   1597
     142       1       0       1       0       0       0               0D   1598
     144    1920       0       1       0       0       0       000000001D   1599
     144       1   -1571       1       0       0       0               0D   1600
     314    1921       0       1       0       0       0       000010001D   1601
     314       1       0       2       0       0       0               0D   1602
     110    1923       0       1       0       0       0       000010001D   1603
     110       1       0       1       0       0       0               0D   1604
     122    1924       0       1       0       0       0       000010001D   1605
     122       1       0       1       0       0       0               0D   1606
     126    1925       0       1       0       0       0       000010501D   1607
     126       1       0       2       0       0       0               0D   1608
     126    1927       0       1       0       0       0       000010501D   1609
     126       1       0       2       0       0       0               0D   1610
     126    1929       0       1       0       0       0       000010501D   1611
     126       1       0       2       0       0       0               0D   1612
     126    1931       0       1       0       0       0       000010501D   1613
     126       1       0       2       0       0       0               0D   1614
     102    1933       0       1       0       0       0       000010501D   1615
     102       1       0       1       0       0       0               0D   1616
     110    1934       0       1       0       0       0       000010001D   1617
     110       1       0       1       0       0       0               0D   1618
     110    1935       0       1       0       0       0       000010001D   1619
     110       1       0       1       0       0       0               0D   1620
     110    1936       0       1       0       0       0       000010001D   1621
     110       1       0       1       0       0       0               0D   1622
     110    1937       0       1       0       0       0       000010001D   1623
     110       1       0       1       0       0       0               0D   1624
     102    1938       0       1       0       0       0       000010001D   1625
     102       1       0       1       0       0       0               0D   1626
     142    1939       0       1       0       0       0       000010001D   1627
     142       1       0       1       0       0       0               0D   1628
     144    1940       0       1       0       0       0       000000001D   1629
     144       1   -1601       1       0       0       0               0D   1630
     314    1941       0       1       0       0       0       000010001D   1631
     314       1       0       2       0       0       0               0D   1632
     110    1943       0       1       0       0       0       000010001D   1633
     110       1       0       1       0       0       0               0D   1634
     122    1944       0       1       0       0       0       000010001D   1635
     122       1       0       1       0       0       0               0D   1636
     126    1945       0       1       0       0       0       000010501D   1637
     126       1       0       2       0       0       0               0D   1638
     126    1947       0       1       0       0       0       000010501D   1639
     126       1       0       2       0       0       0               0D   1640
     126    1949       0       1       0       0       0       000010501D   1641
     126       1       0       2       0       0       0               0D   1642
     126    1951       0       1       0       0       0       000010501D   1643
     126       1       0       2       0       0       0               0D   1644
     102    1953       0       1       0       0       0       000010501D   1645
     102       1       0       1       0       0       0               0D   1646
     110    1954       0       1       0       0       0       000010001D   1647
     110       1       0       1       0       0       0               0D   1648
     110    1955       0       1       0       0       0       000010001D   1649
     110       1       0       1       0       0       0               0D   1650
     110    1956       0       1       0       0       0       000010001D   1651
     110       1       0       1       0       0       0               0D   1652
     110    1957       0       1       0       0       0       000010001D   1653
     110       1       0       1       0       0       0               0D   1654
     102    1958       0       1       0       0       0       000010001D   1655
     102       1       0       1       0       0       0               0D   1656
     142    1959       0       1       0       0       0       000010001D   1657
     142       1       0       1       0       0       0               0D   1658
     144    1960       0       1       0       0       0       000000001D   1659
     144       1   -1631       1       0       0       0               0D   1660
     314    1961       0       1       0       0       0       000010001D   1661
     314       1       0       2       0       0       0               0D   1662
     110    1963       0       1       0       0       0       000010001D   1663
     110       1       0       1       0       0       0               0D   1664
     110    1964       0       1       0       0       0       000010001D   1665
     110       1       0       1       0       0       0               0D   1666
     120    1965       0       1       0       0       0       000010001D   1667
     120       1       0       1       0       0       0               0D   1668
     126    1966       0       1       0       0       0       000010501D   1669
     126       1       0       2       0       0       0               0D   1670
     126    1968       0       1       0       0       0       000010501D   1671
     126       1       0       2       0       0       0               0D   1672
     126    1970       0       1       0       0       0       000010501D   1673
     126       1       0       2       0       0       0               0D   1674
     126    1972       0       1       0       0       0       000010501D   1675
     126       1       0       2       0       0       0               0D   1676
     102    1974       0       1       0       0       0       000010501D   1677
     102       1       0       1       0       0       0               0D   1678
     124    1975       0       1       0       0       0       000010001D   1679
     124       1       0       1       0       0       0               0D   1680
     100    1976       0       1       0       0    1679       000010001D   1681
     100       1       0       1       0       0       0               0D   1682
     110    1977       0       1       0       0       0       000010001D   1683
     110       1       0       1       0       0       0               0D   1684
     124    1978       0       1       0       0       0       000010001D   1685
     124       1       0       1       0       0       0               0D   1686
     100    1979       0       1       0       0    1685       000010001D   1687
     100       1       0       1       0       0       0               0D   1688
     110    1980       0       1       0       0       0       000010001D   1689
     110       1       0       1       0       0       0               0D   1690
     102    1981       0       1       0       0       0       000010001D   1691
     102       1       0       1       0       0       0               0D   1692
     142    1982       0       1       0       0       0       000010001D   1693
     142       1       0       1       0       0       0               0D   1694
     144    1983       0       1       0       0       0       000000001D   1695
     144       1   -1661       1       0       0       0               0D   1696
     314    1984       0       1       0       0       0       000010001D   1697
     314       1       0       2       0       0       0               0D   1698
     110    1986       0       1       0       0       0       000010001D   1699
     110       1       0       1       0       0       0               0D   1700
     110    1987       0       1       0       0       0       000010001D   1701
     110       1       0       1       0       0       0               0D   1702
     120    1988       0       1       0       0       0       000010001D   1703
     120       1       0       1       0       0       0               0D   1704
     126    1989       0       1       0       0       0       000010501D   1705
     126       1       0       4       0       0       0               0D   1706
     126    1993       0       1       0       0       0       000010501D   1707
     126       1       0       2       0       0       0               0D   1708
     126    1995       0       1       0       0       0       000010501D   1709
     126       1       0       4       0       0       0               0D   1710
     126    1999       0       1       0       0       0       000010501D   1711
     126       1       0       2       0       0       0               0D   1712
     102    2001       0       1       0       0       0       000010501D   1713
     102       1       0       1       0       0       0               0D   1714
     124    2002       0       1       0       0       0       000010001D   1715
     124       1       0       1       0       0       0               0D   1716
     100    2003       0       1       0       0    1715       000010001D   1717
     100       1       0       1       0       0       0               0D   1718
     110    2004       0       1       0       0       0       000010001D   1719
     110       1       0       1       0       0       0               0D   1720
     124    2005       0       1       0       0       0       000010001D   1721
     124       1       0       1       0       0       0               0D   1722
     100    2006       0       1       0       0    1721       000010001D   1723
     100       1       0       1       0       0       0               0D   1724
     110    2007       0       1       0       0       0       000010001D   1725
     110       1       0       1       0       0       0               0D   1726
     102    2008       0       1       0       0       0       000010001D   1727
     102       1       0       1       0       0       0               0D   1728
     142    2009       0       1       0       0       0       000010001D   1729
     142       1       0       1       0       0       0               0D   1730
     144    2010       0       1       0       0       0       000000001D   1731
     144       1   -1697       1       0       0       0               0D   1732
     314    2011       0       1       0       0       0       000010001D   1733
     314       1       0       2       0       0       0               0D   1734
     110    2013       0       1       0       0       0       000010001D   1735
     110       1       0       1       0       0       0               0D   1736
     110    2014       0       1       0       0       0       000010001D   1737
     110       1       0       1       0       0       0               0D   1738
     120    2015       0       1       0       0       0       000010001D   1739
     120       1       0       1       0       0       0               0D   1740
     126    2016       0       1       0       0       0       000010501D   1741
     126       1       0       4       0       0       0               0D   1742
     126    2020       0       1       0       0       0       000010501D   1743
     126       1       0       2       0       0       0               0D   1744
     126    2022       0       1       0       0       0       000010501D   1745
     126       1       0       4       0       0       0               0D   1746
     126    2026       0       1       0       0       0       000010501D   1747
     126       1       0       3       0       0       0               0D   1748
     102    2029       0       1       0       0       0       000010501D   1749
     102       1       0       1       0       0       0               0D   1750
     124    2030       0       1       0       0       0       000010001D   1751
     124       1       0       1       0       0       0               0D   1752
     100    2031       0       1       0       0    1751       000010001D   1753
     100       1       0       1       0       0       0               0D   1754
     110    2032       0       1       0       0       0       000010001D   1755
     110       1       0       1       0       0       0               0D   1756
     124    2033       0       1       0       0       0       000010001D   1757
     124       1       0       1       0       0       0               0D   1758
     100    2034       0       1       0       0    1757       000010001D   1759
     100       1       0       1       0       0       0               0D   1760
     110    2035       0       1       0       0       0       000010001D   1761
     110       1       0       1       0       0       0               0D   1762
     102    2036       0       1       0       0       0       000010001D   1763
     102       1       0       1       0       0       0               0D   1764
     142    2037       0       1       0       0       0       000010001D   1765
     142       1       0       1       0       0       0               0D   1766
     144    2038       0       1       0       0       0       000000001D   1767
     144       1   -1733       1       0       0       0               0D   1768
     314    2039       0       1       0       0       0       000010001D   1769
     314       1       0       2       0       0       0               0D   1770
     110    2041       0       1       0       0       0       000010001D   1771
     110       1       0       1       0       0       0               0D   1772
     110    2042       0       1       0       0       0       000010001D   1773
     110       1       0       1       0       0       0               0D   1774
     120    2043       0       1       0       0       0       000010001D   1775
     120       1       0       1       0       0       0               0D   1776
     126    2044       0       1       0       0       0       000010501D   1777
     126       1       0       3       0       0       0               0D   1778
     126    2047       0       1       0       0       0       000010501D   1779
     126       1       0       2       0       0       0               0D   1780
     126    2049       0       1       0       0       0       000010501D   1781
     126       1       0       3       0       0       0               0D   1782
     126    2052       0       1       0       0       0       000010501D   1783
     126       1       0       2       0       0       0               0D   1784
     102    2054       0       1       0       0       0       000010501D   1785
     102       1       0       1       0       0       0               0D   1786
     124    2055       0       1       0       0       0       000010001D   1787
     124       1       0       1       0       0       0               0D   1788
     100    2056       0       1       0       0    1787       000010001D   1789
     100       1       0       1       0       0       0               0D   1790
     110    2057       0       1       0       0       0       000010001D   1791
     110       1       0       1       0       0       0               0D   1792
     124    2058       0       1       0       0       0       000010001D   1793
     124       1       0       1       0       0       0               0D   1794
     100    2059       0       1       0       0    1793       000010001D   1795
     100       1       0       1       0       0       0               0D   1796
     110    2060       0       1       0       0       0       000010001D   1797
     110       1       0       1       0       0       0               0D   1798
     102    2061       0       1       0       0       0       000010001D   1799
     102       1       0       1       0       0       0               0D   1800
     142    2062       0       1       0       0       0       000010001D   1801
     142       1       0       1       0       0       0               0D   1802
     144    2063       0       1       0       0       0       000000001D   1803
     144       1   -1769       1       0       0       0               0D   1804
314,64.70588445663452,64.70588445663452,64.70588445663452,10HMix       1P      1
edColor;                                                               1P      2
110,-0.00865,0.065,0.0635,-0.00865,0.077,0.0635;                       3P      3
122,3,-0.00865,0.065,0.072;                                            5P      4
126,1,1,1,0,1,0,-0.025,-0.025,-0.013,-0.013,1.,1.,1.,1.,0.,-0.,        7P      5
1.,0.,-0.025,-0.013,0.,0.,1.;                                          7P      6
126,1,1,1,0,1,0,0.003,0.003,0.0115,0.0115,1.,1.,-0.,1.,0.,-0.,         9P      7
-0.,0.,0.003,0.0115,0.,0.,1.;                                          9P      8
126,1,1,1,0,1,0,0.013,0.013,0.025,0.025,1.,1.,-0.,-0.,0.,1.,-0.,      11P      9
0.,0.013,0.025,0.,0.,1.;                                              11P     10
126,1,1,1,0,1,0,-0.0115,-0.0115,-0.003,-0.003,1.,1.,1.,-0.,0.,        13P     11
1.,1.,0.,-0.0115,-0.003,0.,0.,1.;                                     13P     12
102,4,7,9,11,13;                                                      15P     13
110,-0.00865,0.077,0.072,-0.00865,0.065,0.072;                        17P     14
110,-0.00865,0.065,0.072,-0.00865,0.065,0.0635;                       19P     15
110,-0.00865,0.065,0.0635,-0.00865,0.077,0.0635;                      21P     16
110,-0.00865,0.077,0.0635,-0.00865,0.077,0.072;                       23P     17
102,4,17,19,21,23;                                                    25P     18
142,1,5,15,25,2;                                                      27P     19
144,5,1,0,27;                                                         29P     20
314,64.70588445663452,64.70588445663452,64.70588445663452,10HMix      31P     21
edColor;                                                              31P     22
110,0.00865,0.077,0.0635,0.00865,0.065,0.0635;                        33P     23
122,33,0.00865,0.077,0.072;                                           35P     24
126,1,1,1,0,1,0,-0.0115,-0.0115,-0.003,-0.003,1.,1.,1.,-0.,0.,        37P     25
1.,1.,0.,-0.0115,-0.003,0.,0.,1.;                                     37P     26
126,1,1,1,0,1,0,0.013,0.013,0.025,0.025,1.,1.,1.,1.,0.,0.,1.,0.,      39P     27
0.013,0.025,0.,0.,1.;                                                 39P     28
126,1,1,1,0,1,0,0.003,0.003,0.0115,0.0115,1.,1.,0.,1.,0.,0.,-0.,      41P     29
0.,0.003,0.0115,0.,0.,1.;                                             41P     30
126,1,1,1,0,1,0,-0.025,-0.025,-0.013,-0.013,1.,1.,0.,-0.,0.,1.,       43P     31
-0.,0.,-0.025,-0.013,0.,0.,1.;                                        43P     32
102,4,37,39,41,43;                                                    45P     33
110,0.00865,0.065,0.0635,0.00865,0.065,0.072;                         47P     34
110,0.00865,0.065,0.072,0.00865,0.077,0.072;                          49P     35
110,0.00865,0.077,0.072,0.00865,0.077,0.0635;                         51P     36
110,0.00865,0.077,0.0635,0.00865,0.065,0.0635;                        53P     37
102,4,47,49,51,53;                                                    55P     38
142,1,35,45,55,2;                                                     57P     39
144,35,1,0,57;                                                        59P     40
314,64.70588445663452,64.70588445663452,64.70588445663452,10HMix      61P     41
edColor;                                                              61P     42
110,-0.0546,0.065,0.0554,0.0546,0.065,0.0554;                         63P     43
122,63,-0.0546,0.065,0.0946;                                          65P     44
126,1,1,1,0,1,0,-0.015,-0.015,0.005,0.005,1.,1.,0.,                   67P     45
0.75510204081633,0.,0.,0.24489795918367,0.,-0.015,0.005,0.,0.,        67P     46
1.;                                                                   67P     47
126,16,2,1,0,1,0,-6.28318530717959,-6.28318530717959,                 69P     48
-6.28318530717959,-6.08683576633022,-6.08683576633022,                69P     49
-5.89048622548086,-5.89048622548086,-5.6941366846315,                 69P     50
-5.6941366846315,-5.49778714378214,-5.49778714378214,                 69P     51
-5.30143760293278,-5.30143760293278,-5.10508806208341,                69P     52
-5.10508806208341,-4.90873852123405,-4.90873852123405,                69P     53
-4.71238898038469,-4.71238898038469,-4.71238898038469,1.,1.,1.,       69P     54
1.,1.,1.,1.,1.,1.,1.,1.,1.,1.,1.,1.,1.,1.,0.,0.24489795918367,        69P     55
0.,0.,0.22077761550437,0.,0.0016892061184,0.19712073746544,0.,        69P     56
0.00337841223679,0.17346385942651,0.,0.00669190922978,                69P     57
0.15117956758406,0.,0.01000540622276,0.12889527574161,0.,             69P     58
0.01481585825912,0.10883994293398,0.,0.01962631029547,                69P     59
0.08878461012634,0.,0.02574885440118,0.07172895154615,0.,             69P     60
0.03187139850689,0.05467329296596,0.,0.03907074874553,                69P     61
0.04127274800754,0.,0.04627009898417,0.02787220304912,0.,             69P     62
0.05426958836351,0.01864174714009,0.,0.06226907774285,                69P     63
0.00941129123107,0.,0.07076129037221,0.00470564561554,0.,             69P     64
0.07925350300157,0.,0.,0.08791208791209,0.,0.,-6.28318530717959,      69P     65
-4.71238898038469,0.,0.,1.;                                           69P     66
126,1,1,1,0,1,0,-0.045,-0.045,0.045,0.045,1.,1.,                      71P     67
0.08791208791209,0.,0.,0.91208791208791,0.,0.,-0.045,0.045,0.,        71P     68
0.,1.;                                                                71P     69
126,16,2,1,0,1,0,-4.71238898038469,-4.71238898038469,                 73P     70
-4.71238898038469,-4.51603943953533,-4.51603943953533,                73P     71
-4.31968989868597,-4.31968989868597,-4.1233403578366,                 73P     72
-4.1233403578366,-3.92699081698724,-3.92699081698724,                 73P     73
-3.73064127613788,-3.73064127613788,-3.53429173528852,                73P     74
-3.53429173528852,-3.33794219443916,-3.33794219443916,                73P     75
-3.14159265358979,-3.14159265358979,-3.14159265358979,1.,1.,1.,       73P     76
1.,1.,1.,1.,1.,1.,1.,1.,1.,1.,1.,1.,1.,1.,0.91208791208791,0.,        73P     77
0.,0.92074649699843,0.,0.,0.92923870962779,0.00470564561554,0.,       73P     78
0.93773092225715,0.00941129123107,0.,0.94573041163649,                73P     79
0.01864174714009,0.,0.95372990101583,0.02787220304912,0.,             73P     80
0.96092925125447,0.04127274800754,0.,0.96812860149311,                73P     81
0.05467329296596,0.,0.97425114559882,0.07172895154615,0.,             73P     82
0.98037368970453,0.08878461012634,0.,0.98518414174088,                73P     83
0.10883994293398,0.,0.98999459377724,0.12889527574161,0.,             73P     84
0.99330809077022,0.15117956758406,0.,0.99662158776321,                73P     85
0.17346385942651,0.,0.9983107938816,0.19712073746544,0.,1.,           73P     86
0.22077761550437,0.,1.,0.24489795918367,0.,-4.71238898038469,         73P     87
-3.14159265358979,0.,0.,1.;                                           73P     88
126,1,1,1,0,1,0,-0.01,-0.01,0.01,0.01,1.,1.,1.,0.24489795918367,      75P     89
0.,1.,0.75510204081633,0.,-0.01,0.01,0.,0.,1.;                        75P     90
126,16,2,1,0,1,0,-3.14159265358979,-3.14159265358979,                 77P     91
-3.14159265358979,-2.94524311274043,-2.94524311274043,                77P     92
-2.74889357189107,-2.74889357189107,-2.55254403104171,                77P     93
-2.55254403104171,-2.35619449019234,-2.35619449019234,                77P     94
-2.15984494934298,-2.15984494934298,-1.96349540849362,                77P     95
-1.96349540849362,-1.76714586764426,-1.76714586764426,                77P     96
-1.5707963267949,-1.5707963267949,-1.5707963267949,1.,1.,1.,1.,       77P     97
1.,1.,1.,1.,1.,1.,1.,1.,1.,1.,1.,1.,1.,1.,0.75510204081633,0.,        77P     98
1.,0.77922238449563,0.,0.9983107938816,0.80287926253456,0.,           77P     99
0.99662158776321,0.82653614057349,0.,0.99330809077022,                77P    100
0.84882043241594,0.,0.98999459377724,0.87110472425839,0.,             77P    101
0.98518414174088,0.89116005706603,0.,0.98037368970453,                77P    102
0.91121538987366,0.,0.97425114559882,0.92827104845385,0.,             77P    103
0.96812860149311,0.94532670703404,0.,0.96092925125447,                77P    104
0.95872725199246,0.,0.95372990101583,0.97212779695089,0.,             77P    105
0.94573041163649,0.98135825285991,0.,0.93773092225715,                77P    106
0.99058870876893,0.,0.92923870962779,0.99529435438446,0.,             77P    107
0.92074649699843,1.,0.,0.91208791208791,1.,0.,-3.14159265358979,      77P    108
-1.5707963267949,0.,0.,1.;                                            77P    109
126,1,1,1,0,1,0,-0.0225,-0.0225,0.0675,0.0675,1.,1.,                  79P    110
0.91208791208791,1.,0.,0.08791208791209,1.,0.,-0.0225,0.0675,0.,      79P    111
0.,1.;                                                                79P    112
126,16,2,1,0,1,0,-1.5707963267949,-1.5707963267949,                   81P    113
-1.5707963267949,-1.37444678594553,-1.37444678594553,                 81P    114
-1.17809724509617,-1.17809724509617,-0.98174770424681,                81P    115
-0.98174770424681,-0.78539816339745,-0.78539816339745,                81P    116
-0.58904862254809,-0.58904862254809,-0.39269908169872,                81P    117
-0.39269908169872,-0.19634954084936,-0.19634954084936,0.,0.,0.,       81P    118
1.,1.,1.,1.,1.,1.,1.,1.,1.,1.,1.,1.,1.,1.,1.,1.,1.,                   81P    119
0.08791208791209,1.,0.,0.07925350300157,1.,0.,0.07076129037221,       81P    120
0.99529435438446,0.,0.06226907774285,0.99058870876893,0.,             81P    121
0.05426958836351,0.98135825285991,0.,0.04627009898417,                81P    122
0.97212779695089,0.,0.03907074874553,0.95872725199246,0.,             81P    123
0.03187139850689,0.94532670703404,0.,0.02574885440118,                81P    124
0.92827104845385,0.,0.01962631029547,0.91121538987366,0.,             81P    125
0.01481585825912,0.89116005706603,0.,0.01000540622276,                81P    126
0.87110472425839,0.,0.00669190922978,0.84882043241594,0.,             81P    127
0.00337841223679,0.82653614057349,0.,0.0016892061184,                 81P    128
0.80287926253456,0.,0.,0.77922238449563,0.,0.,0.75510204081633,       81P    129
0.,-1.5707963267949,0.,0.,0.,1.;                                      81P    130
102,8,67,69,71,73,75,77,79,81;                                        83P    131
110,-0.0546,0.065,0.085,-0.0546,0.065,0.065;                          85P    132
124,-1.,0.,0.,-0.045,-0.,0.,-1.,0.065,0.,-1.,0.,0.065;                87P    133
100,0.,0.,0.,0.0096,0.,-0.,0.0096;                                    89P    134
110,-0.045,0.065,0.0554,0.045,0.065,0.0554;                           91P    135
124,-1.,0.,0.,0.045,-0.,0.,-1.,0.065,0.,-1.,0.,0.065;                 93P    136
100,0.,0.,0.,-0.,0.0096,-0.0096,-0.;                                  95P    137
110,0.0546,0.065,0.065,0.0546,0.065,0.085;                            97P    138
124,-1.,0.,0.,0.045,-0.,0.,-1.,0.065,0.,-1.,0.,0.085;                 99P    139
100,0.,0.,0.,-0.0096,-0.,0.,-0.0096;                                 101P    140
110,0.045,0.065,0.0946,-0.045,0.065,0.0946;                          103P    141
124,-1.,0.,0.,-0.045,-0.,0.,-1.,0.065,0.,-1.,0.,0.085;               105P    142
100,0.,0.,0.,0.,-0.0096,0.0096,0.;                                   107P    143
102,8,85,89,91,95,97,101,103,107;                                    109P    144
142,1,65,83,109,2;                                                   111P    145
126,32,2,1,1,1,1,0.,0.,0.,0.39269908169872,0.39269908169872,         113P    146
0.78539816339745,0.78539816339745,1.17809724509617,                  113P    147
1.17809724509617,1.5707963267949,1.5707963267949,                    113P    148
1.96349540849362,1.96349540849362,2.35619449019234,                  113P    149
2.35619449019234,2.74889357189107,2.74889357189107,                  113P    150
3.14159265358979,3.14159265358979,3.53429173528852,                  113P    151
3.53429173528852,3.92699081698724,3.92699081698724,                  113P    152
4.31968989868597,4.31968989868597,4.71238898038469,                  113P    153
4.71238898038469,5.10508806208341,5.10508806208341,                  113P    154
5.49778714378214,5.49778714378214,5.89048622548086,                  113P    155
5.89048622548086,6.28318530717959,6.28318530717959,                  113P    156
6.28318530717959,1.,1.,1.,1.,1.,1.,1.,1.,1.,1.,1.,1.,1.,1.,1.,       113P    157
1.,1.,1.,1.,1.,1.,1.,1.,1.,1.,1.,1.,1.,1.,1.,1.,1.,1.,               113P    158
0.48763736263736,0.13010204081633,0.,0.48763736263736,               113P    159
0.13695233918272,0.,0.4885784123728,0.14328118963502,0.,             113P    160
0.48951946210824,0.14961004008733,0.,0.49125829528753,               113P    161
0.15445393251535,0.,0.49299712846682,0.15929782494338,0.,            113P    162
0.49526902350098,0.16191932063496,0.,0.49754091853514,               113P    163
0.16454081632653,0.,0.5,0.16454081632653,0.,0.50245908146486,        113P    164
0.16454081632653,0.,0.50473097649902,0.16191932063496,0.,            113P    165
0.50700287153318,0.15929782494338,0.,0.50874170471247,               113P    166
0.15445393251535,0.,0.51048053789176,0.14961004008733,0.,            113P    167
0.5114215876272,0.14328118963502,0.,0.51236263736264,                113P    168
0.13695233918272,0.,0.51236263736264,0.13010204081633,0.,            113P    169
0.51236263736264,0.12325174244994,0.,0.5114215876272,                113P    170
0.11692289199763,0.,0.51048053789176,0.11059404154533,0.,            113P    171
0.50874170471247,0.1057501491173,0.,0.50700287153318,                113P    172
0.10090625668927,0.,0.50473097649902,0.0982847609977,0.,             113P    173
0.50245908146486,0.09566326530612,0.,0.5,0.09566326530612,0.,        113P    174
0.49754091853514,0.09566326530612,0.,0.49526902350098,               113P    175
0.0982847609977,0.,0.49299712846682,0.10090625668927,0.,             113P    176
0.49125829528753,0.1057501491173,0.,0.48951946210824,                113P    177
0.11059404154533,0.,0.4885784123728,0.11692289199763,0.,             113P    178
0.48763736263736,0.12325174244994,0.,0.48763736263736,               113P    179
0.13010204081633,0.,0.,6.28318530717959,0.,0.,1.;                    113P    180
102,1,113;                                                           115P    181
124,-1.,0.,-0.,-0.,-0.,0.,1.,0.065,0.,1.,0.,0.0605;                  117P    182
100,0.,0.,0.,0.00135,0.,0.00135,-0.;                                 119P    183
102,1,119;                                                           121P    184
142,1,65,115,121,2;                                                  123P    185
126,32,2,1,1,1,1,0.,0.,0.,0.39269908169872,0.39269908169872,         125P    186
0.78539816339745,0.78539816339745,1.17809724509617,                  125P    187
1.17809724509617,1.5707963267949,1.5707963267949,                    125P    188
1.96349540849362,1.96349540849362,2.35619449019234,                  125P    189
2.35619449019234,2.74889357189107,2.74889357189107,                  125P    190
3.14159265358979,3.14159265358979,3.53429173528852,                  125P    191
3.53429173528852,3.92699081698724,3.92699081698724,                  125P    192
4.31968989868597,4.31968989868597,4.71238898038469,                  125P    193
4.71238898038469,5.10508806208341,5.10508806208341,                  125P    194
5.49778714378214,5.49778714378214,5.89048622548086,                  125P    195
5.89048622548086,6.28318530717959,6.28318530717959,                  125P    196
6.28318530717959,1.,1.,1.,1.,1.,1.,1.,1.,1.,1.,1.,1.,1.,1.,1.,       125P    197
1.,1.,1.,1.,1.,1.,1.,1.,1.,1.,1.,1.,1.,1.,1.,1.,1.,1.,               125P    198
0.48763736263736,0.86989795918367,0.,0.48763736263736,               125P    199
0.87674825755006,0.,0.4885784123728,0.88307710800237,0.,             125P    200
0.48951946210824,0.88940595845467,0.,0.49125829528753,               125P    201
0.8942498508827,0.,0.49299712846682,0.89909374331073,0.,             125P    202
0.49526902350098,0.9017152390023,0.,0.49754091853514,                125P    203
0.90433673469388,0.,0.5,0.90433673469388,0.,0.50245908146486,        125P    204
0.90433673469388,0.,0.50473097649902,0.9017152390023,0.,             125P    205
0.50700287153318,0.89909374331073,0.,0.50874170471247,               125P    206
0.8942498508827,0.,0.51048053789176,0.88940595845467,0.,             125P    207
0.5114215876272,0.88307710800237,0.,0.51236263736264,                125P    208
0.87674825755006,0.,0.51236263736264,0.86989795918367,0.,            125P    209
0.51236263736264,0.86304766081728,0.,0.5114215876272,                125P    210
0.85671881036498,0.,0.51048053789176,0.85038995991267,0.,            125P    211
0.50874170471247,0.84554606748465,0.,0.50700287153318,               125P    212
0.84070217505662,0.,0.50473097649902,0.83808067936504,0.,            125P    213
0.50245908146486,0.83545918367347,0.,0.5,0.83545918367347,0.,        125P    214
0.49754091853514,0.83545918367347,0.,0.49526902350098,               125P    215
0.83808067936504,0.,0.49299712846682,0.84070217505662,0.,            125P    216
0.49125829528753,0.84554606748465,0.,0.48951946210824,               125P    217
0.85038995991267,0.,0.4885784123728,0.85671881036498,0.,             125P    218
0.48763736263736,0.86304766081728,0.,0.48763736263736,               125P    219
0.86989795918367,0.,0.,6.28318530717959,0.,0.,1.;                    125P    220
102,1,125;                                                           127P    221
124,-1.,0.,-0.,-0.,-0.,0.,1.,0.065,0.,1.,0.,0.0895;                  129P    222
100,0.,0.,0.,0.00135,0.,0.00135,-0.;                                 131P    223
102,1,131;                                                           133P    224
142,1,65,127,133,2;                                                  135P    225
126,1,1,1,0,1,0,-0.001,-0.001,0.001,0.001,1.,1.,                     137P    226
0.33974358974359,0.47448979591837,0.,0.33974358974359,               137P    227
0.52551020408163,0.,-0.001,0.001,0.,0.,1.;                           137P    228
126,8,2,1,0,1,0,0.,0.,0.,0.39269908169872,0.39269908169872,          139P    229
0.78539816339745,0.78539816339745,1.17809724509617,                  139P    230
1.17809724509617,1.5707963267949,1.5707963267949,                    139P    231
1.5707963267949,1.,1.,1.,1.,1.,1.,1.,1.,1.,0.33974358974359,         139P    232
0.52551020408163,0.,0.33974358974359,0.53565879425406,0.,            139P    233
0.34113773749979,0.54503486899822,0.,0.342531885256,                 139P    234
0.55441094374237,0.,0.3451079344105,0.56158708067278,0.,             139P    235
0.34768398356501,0.56876321760319,0.,0.35104975398599,               139P    236
0.57264691492405,0.,0.35441552440697,0.5765306122449,0.,             139P    237
0.35805860805861,0.5765306122449,0.,0.,1.5707963267949,0.,0.,1.;     139P    238
126,1,1,1,0,1,0,-0.0155,-0.0155,-0.00865,-0.00865,1.,1.,             141P    239
0.35805860805861,0.5765306122449,0.,0.42078754578755,                141P    240
0.5765306122449,0.,-0.0155,-0.00865,0.,0.,1.;                        141P    241
126,1,1,1,0,1,0,0.003,0.003,0.0115,0.0115,1.,1.,                     143P    242
0.42078754578755,0.5765306122449,0.,0.42078754578755,                143P    243
0.79336734693878,0.,0.003,0.0115,0.,0.,1.;                           143P    244
126,1,1,1,0,1,0,-0.00865,-0.00865,0.00865,0.00865,1.,1.,             145P    245
0.42078754578755,0.79336734693878,0.,0.57921245421245,               145P    246
0.79336734693878,0.,-0.00865,0.00865,0.,0.,1.;                       145P    247
126,1,1,1,0,1,0,-0.0115,-0.0115,-0.003,-0.003,1.,1.,                 147P    248
0.57921245421245,0.79336734693878,0.,0.57921245421245,               147P    249
0.5765306122449,0.,-0.0115,-0.003,0.,0.,1.;                          147P    250
126,1,1,1,0,1,0,0.00865,0.00865,0.0155,0.0155,1.,1.,                 149P    251
0.57921245421245,0.5765306122449,0.,0.64194139194139,                149P    252
0.5765306122449,0.,0.00865,0.0155,0.,0.,1.;                          149P    253
126,8,2,1,0,1,0,1.5707963267949,1.5707963267949,1.5707963267949,     151P    254
1.96349540849362,1.96349540849362,2.35619449019234,                  151P    255
2.35619449019234,2.74889357189107,2.74889357189107,                  151P    256
3.14159265358979,3.14159265358979,3.14159265358979,1.,1.,1.,1.,      151P    257
1.,1.,1.,1.,1.,0.64194139194139,0.5765306122449,0.,                  151P    258
0.64558447559303,0.5765306122449,0.,0.64895024601401,                151P    259
0.57264691492405,0.,0.65231601643499,0.56876321760319,0.,            151P    260
0.6548920655895,0.56158708067278,0.,0.657468114744,                  151P    261
0.55441094374237,0.,0.65886226250021,0.54503486899822,0.,            151P    262
0.66025641025641,0.53565879425406,0.,0.66025641025641,               151P    263
0.52551020408163,0.,1.5707963267949,3.14159265358979,0.,0.,1.;       151P    264
126,1,1,1,0,1,0,-0.001,-0.001,0.001,0.001,1.,1.,                     153P    265
0.66025641025641,0.52551020408163,0.,0.66025641025641,               153P    266
0.47448979591837,0.,-0.001,0.001,0.,0.,1.;                           153P    267
126,8,2,1,0,1,0,3.14159265358979,3.14159265358979,                   155P    268
3.14159265358979,3.53429173528852,3.53429173528852,                  155P    269
3.92699081698724,3.92699081698724,4.31968989868597,                  155P    270
4.31968989868597,4.71238898038469,4.71238898038469,                  155P    271
4.71238898038469,1.,1.,1.,1.,1.,1.,1.,1.,1.,0.66025641025641,        155P    272
0.47448979591837,0.,0.66025641025641,0.46434120574594,0.,            155P    273
0.65886226250021,0.45496513100178,0.,0.657468114744,                 155P    274
0.44558905625763,0.,0.6548920655895,0.43841291932722,0.,             155P    275
0.65231601643499,0.43123678239681,0.,0.64895024601401,               155P    276
0.42735308507595,0.,0.64558447559303,0.4234693877551,0.,             155P    277
0.64194139194139,0.4234693877551,0.,3.14159265358979,                155P    278
4.71238898038469,0.,0.,1.;                                           155P    279
126,1,1,1,0,1,0,-0.0155,-0.0155,-0.00865,-0.00865,1.,1.,             157P    280
0.64194139194139,0.4234693877551,0.,0.57921245421245,                157P    281
0.4234693877551,0.,-0.0155,-0.00865,0.,0.,1.;                        157P    282
126,1,1,1,0,1,0,0.003,0.003,0.0115,0.0115,1.,1.,                     159P    283
0.57921245421245,0.4234693877551,0.,0.57921245421245,                159P    284
0.20663265306122,0.,0.003,0.0115,0.,0.,1.;                           159P    285
126,1,1,1,0,1,0,-0.00865,-0.00865,0.00865,0.00865,1.,1.,             161P    286
0.57921245421245,0.20663265306122,0.,0.42078754578755,               161P    287
0.20663265306122,0.,-0.00865,0.00865,0.,0.,1.;                       161P    288
126,1,1,1,0,1,0,-0.0115,-0.0115,-0.003,-0.003,1.,1.,                 163P    289
0.42078754578755,0.20663265306122,0.,0.42078754578755,               163P    290
0.4234693877551,0.,-0.0115,-0.003,0.,0.,1.;                          163P    291
126,1,1,1,0,1,0,0.00865,0.00865,0.0155,0.0155,1.,1.,                 165P    292
0.42078754578755,0.4234693877551,0.,0.35805860805861,                165P    293
0.4234693877551,0.,0.00865,0.0155,0.,0.,1.;                          165P    294
126,8,2,1,0,1,0,4.71238898038469,4.71238898038469,                   167P    295
4.71238898038469,5.10508806208341,5.10508806208341,                  167P    296
5.49778714378214,5.49778714378214,5.89048622548086,                  167P    297
5.89048622548086,6.28318530717959,6.28318530717959,                  167P    298
6.28318530717959,1.,1.,1.,1.,1.,1.,1.,1.,1.,0.35805860805861,        167P    299
0.4234693877551,0.,0.35441552440697,0.4234693877551,0.,              167P    300
0.35104975398599,0.42735308507595,0.,0.34768398356501,               167P    301
0.43123678239681,0.,0.3451079344105,0.43841291932722,0.,             167P    302
0.342531885256,0.44558905625763,0.,0.34113773749979,                 167P    303
0.45496513100178,0.,0.33974358974359,0.46434120574594,0.,            167P    304
0.33974358974359,0.47448979591837,0.,4.71238898038469,               167P    305
6.28318530717959,0.,0.,1.;                                           167P    306
102,16,137,139,141,143,145,147,149,151,153,155,157,159,161,163,      169P    307
165,167;                                                             169P    308
110,-0.0175,0.065,0.074,-0.0175,0.065,0.076;                         171P    309
124,-1.,0.,-0.,-0.0155,-0.,0.,1.,0.065,0.,1.,0.,0.076;               173P    310
100,0.,0.,0.,0.002,0.,0.,0.002;                                      175P    311
110,-0.0155,0.065,0.078,-0.00865,0.065,0.078;                        177P    312
110,-0.00865,0.065,0.078,-0.00865,0.065,0.0865;                      179P    313
110,-0.00865,0.065,0.0865,0.00865,0.065,0.0865;                      181P    314
110,0.00865,0.065,0.0865,0.00865,0.065,0.078;                        183P    315
110,0.00865,0.065,0.078,0.0155,0.065,0.078;                          185P    316
124,-1.,0.,-0.,0.0155,-0.,0.,1.,0.065,0.,1.,0.,0.076;                187P    317
100,0.,0.,0.,0.,0.002,-0.002,0.;                                     189P    318
110,0.0175,0.065,0.076,0.0175,0.065,0.074;                           191P    319
124,-1.,0.,-0.,0.0155,-0.,0.,1.,0.065,0.,1.,0.,0.074;                193P    320
100,0.,0.,0.,-0.002,0.,-0.,-0.002;                                   195P    321
110,0.0155,0.065,0.072,0.00865,0.065,0.072;                          197P    322
110,0.00865,0.065,0.072,0.00865,0.065,0.0635;                        199P    323
110,0.00865,0.065,0.0635,-0.00865,0.065,0.0635;                      201P    324
110,-0.00865,0.065,0.0635,-0.00865,0.065,0.072;                      203P    325
110,-0.00865,0.065,0.072,-0.0155,0.065,0.072;                        205P    326
124,-1.,0.,-0.,-0.0155,-0.,0.,1.,0.065,0.,1.,0.,0.074;               207P    327
100,0.,0.,0.,-0.,-0.002,0.002,-0.;                                   209P    328
102,16,171,175,177,179,181,183,185,189,191,195,197,199,201,203,      211P    329
205,209;                                                             211P    330
142,1,65,169,211,2;                                                  213P    331
144,65,1,3,111,123,135,213;                                          215P    332
314,64.70588445663452,64.70588445663452,64.70588445663452,10HMix     217P    333
edColor;                                                             217P    334
110,0.0625,0.077,0.0475,-0.0625,0.077,0.0475;                        219P    335
122,219,0.0625,0.077,0.1025;                                         221P    336
126,1,1,1,0,1,0,-0.0175,-0.0175,0.0175,0.0175,1.,1.,0.,              223P    337
0.81818181818182,0.,0.,0.18181818181818,0.,-0.0175,0.0175,0.,0.,     223P    338
1.;                                                                  223P    339
126,16,2,1,0,1,0,3.14159265358979,3.14159265358979,                  225P    340
3.14159265358979,3.33794219443916,3.33794219443916,                  225P    341
3.53429173528852,3.53429173528852,3.73064127613788,                  225P    342
3.73064127613788,3.92699081698724,3.92699081698724,                  225P    343
4.1233403578366,4.1233403578366,4.31968989868597,                    225P    344
4.31968989868597,4.51603943953533,4.51603943953533,                  225P    345
4.71238898038469,4.71238898038469,4.71238898038469,1.,1.,1.,1.,      225P    346
1.,1.,1.,1.,1.,1.,1.,1.,1.,1.,1.,1.,1.,0.,0.18181818181818,0.,       225P    347
0.,0.16391065393506,0.,0.00153717756774,0.14634721417889,0.,         225P    348
0.00307435513548,0.12878377442271,0.,0.0060896373991,                225P    349
0.11223937593362,0.,0.00910491966271,0.09569497744453,0.,            225P    350
0.0134824310158,0.08080541217825,0.,0.01785994236888,                225P    351
0.06591584691198,0.,0.02343145750508,0.05325331251154,0.,            225P    352
0.02900297264127,0.04059077811109,0.,0.03555438135843,               225P    353
0.03064188867226,0.,0.04210579007559,0.02069299923343,0.,            225P    354
0.04938532541079,0.01384008499795,0.,0.05666486074599,               225P    355
0.00698717076246,0.,0.06439277423871,0.00349358538123,0.,            225P    356
0.07212068773143,0.,0.,0.08,0.,0.,3.14159265358979,                  225P    357
4.71238898038469,0.,0.,1.;                                           225P    358
126,1,1,1,0,1,0,-0.0525,-0.0525,0.0525,0.0525,1.,1.,0.08,0.,0.,      227P    359
0.92,0.,0.,-0.0525,0.0525,0.,0.,1.;                                  227P    360
126,16,2,1,0,1,0,4.71238898038469,4.71238898038469,                  229P    361
4.71238898038469,4.90873852123405,4.90873852123405,                  229P    362
5.10508806208341,5.10508806208341,5.30143760293278,                  229P    363
5.30143760293278,5.49778714378214,5.49778714378214,                  229P    364
5.6941366846315,5.6941366846315,5.89048622548086,                    229P    365
5.89048622548086,6.08683576633022,6.08683576633022,                  229P    366
6.28318530717959,6.28318530717959,6.28318530717959,1.,1.,1.,1.,      229P    367
1.,1.,1.,1.,1.,1.,1.,1.,1.,1.,1.,1.,1.,0.92,0.,0.,                   229P    368
0.92787931226857,0.,0.,0.93560722576129,0.00349358538123,0.,         229P    369
0.94333513925401,0.00698717076246,0.,0.95061467458921,               229P    370
0.01384008499795,0.,0.95789420992441,0.02069299923343,0.,            229P    371
0.96444561864157,0.03064188867226,0.,0.97099702735873,               229P    372
0.04059077811109,0.,0.97656854249492,0.05325331251154,0.,            229P    373
0.98214005763112,0.06591584691198,0.,0.9865175689842,                229P    374
0.08080541217825,0.,0.99089508033729,0.09569497744453,0.,            229P    375
0.9939103626009,0.11223937593362,0.,0.99692564486452,                229P    376
0.12878377442271,0.,0.99846282243226,0.14634721417889,0.,1.,         229P    377
0.16391065393506,0.,1.,0.18181818181818,0.,4.71238898038469,         229P    378
6.28318530717959,0.,0.,1.;                                           229P    379
126,1,1,1,0,1,0,-0.0175,-0.0175,0.0175,0.0175,1.,1.,1.,              231P    380
0.18181818181818,0.,1.,0.81818181818182,0.,-0.0175,0.0175,0.,0.,     231P    381
1.;                                                                  231P    382
126,16,2,1,0,1,0,0.,0.,0.,0.19634954084936,0.19634954084936,         233P    383
0.39269908169872,0.39269908169872,0.58904862254809,                  233P    384
0.58904862254809,0.78539816339745,0.78539816339745,                  233P    385
0.98174770424681,0.98174770424681,1.17809724509617,                  233P    386
1.17809724509617,1.37444678594553,1.37444678594553,                  233P    387
1.5707963267949,1.5707963267949,1.5707963267949,1.,1.,1.,1.,1.,      233P    388
1.,1.,1.,1.,1.,1.,1.,1.,1.,1.,1.,1.,1.,0.81818181818182,0.,1.,       233P    389
0.83608934606494,0.,0.99846282243226,0.85365278582111,0.,            233P    390
0.99692564486452,0.87121622557729,0.,0.9939103626009,                233P    391
0.88776062406638,0.,0.99089508033729,0.90430502255547,0.,            233P    392
0.9865175689842,0.91919458782175,0.,0.98214005763112,                233P    393
0.93408415308802,0.,0.97656854249492,0.94674668748846,0.,            233P    394
0.97099702735873,0.9594092218889,0.,0.96444561864157,                233P    395
0.96935811132774,0.,0.95789420992441,0.97930700076657,0.,            233P    396
0.95061467458921,0.98615991500205,0.,0.94333513925401,               233P    397
0.99301282923754,0.,0.93560722576129,0.99650641461877,0.,            233P    398
0.92787931226857,1.,0.,0.92,1.,0.,0.,1.5707963267949,0.,0.,1.;       233P    399
126,1,1,1,0,1,0,-0.0525,-0.0525,0.0525,0.0525,1.,1.,0.92,1.,0.,      235P    400
0.08,1.,0.,-0.0525,0.0525,0.,0.,1.;                                  235P    401
126,16,2,1,0,1,0,1.5707963267949,1.5707963267949,                    237P    402
1.5707963267949,1.76714586764426,1.76714586764426,                   237P    403
1.96349540849362,1.96349540849362,2.15984494934298,                  237P    404
2.15984494934298,2.35619449019234,2.35619449019234,                  237P    405
2.55254403104171,2.55254403104171,2.74889357189107,                  237P    406
2.74889357189107,2.94524311274043,2.94524311274043,                  237P    407
3.14159265358979,3.14159265358979,3.14159265358979,1.,1.,1.,1.,      237P    408
1.,1.,1.,1.,1.,1.,1.,1.,1.,1.,1.,1.,1.,0.08,1.,0.,                   237P    409
0.07212068773143,1.,0.,0.06439277423871,0.99650641461877,0.,         237P    410
0.05666486074599,0.99301282923754,0.,0.04938532541079,               237P    411
0.98615991500205,0.,0.04210579007559,0.97930700076657,0.,            237P    412
0.03555438135843,0.96935811132774,0.,0.02900297264127,               237P    413
0.95940922188891,0.,0.02343145750508,0.94674668748846,0.,            237P    414
0.01785994236888,0.93408415308802,0.,0.0134824310158,                237P    415
0.91919458782175,0.,0.00910491966271,0.90430502255547,0.,            237P    416
0.0060896373991,0.88776062406638,0.,0.00307435513548,                237P    417
0.87121622557729,0.,0.00153717756774,0.85365278582111,0.,0.,         237P    418
0.83608934606494,0.,0.,0.81818181818182,0.,1.5707963267949,          237P    419
3.14159265358979,0.,0.,1.;                                           237P    420
102,8,223,225,227,229,231,233,235,237;                               239P    421
110,0.0625,0.077,0.0925,0.0625,0.077,0.0575;                         241P    422
124,-1.,0.,-0.,0.0525,-0.,0.,1.,0.077,0.,1.,0.,0.0575;               243P    423
100,0.,0.,0.,-0.01,0.,-0.,-0.01;                                     245P    424
110,0.0525,0.077,0.0475,-0.0525,0.077,0.0475;                        247P    425
124,-1.,0.,-0.,-0.0525,-0.,0.,1.,0.077,0.,1.,0.,0.0575;              249P    426
100,0.,0.,0.,-0.,-0.01,0.01,-0.;                                     251P    427
110,-0.0625,0.077,0.0575,-0.0625,0.077,0.0925;                       253P    428
124,-1.,0.,-0.,-0.0525,-0.,0.,1.,0.077,0.,1.,0.,0.0925;              255P    429
100,0.,0.,0.,0.01,0.,0.,0.01;                                        257P    430
110,-0.0525,0.077,0.1025,0.0525,0.077,0.1025;                        259P    431
124,-1.,0.,-0.,0.0525,-0.,0.,1.,0.077,0.,1.,0.,0.0925;               261P    432
100,0.,0.,0.,0.,0.01,-0.01,0.;                                       263P    433
102,8,241,245,247,251,253,257,259,263;                               265P    434
142,1,221,239,265,2;                                                 267P    435
126,1,1,1,0,1,0,-0.0155,-0.0155,-0.00865,-0.00865,1.,1.,0.376,       269P    436
0.55454545454545,0.,0.4308,0.55454545454545,0.,-0.0155,-0.00865,     269P    437
0.,0.,1.;                                                            269P    438
126,1,1,1,0,1,0,0.003,0.003,0.0115,0.0115,1.,1.,0.4308,              271P    439
0.55454545454545,0.,0.4308,0.70909090909091,0.,0.003,0.0115,0.,      271P    440
0.,1.;                                                               271P    441
126,1,1,1,0,1,0,-0.00865,-0.00865,0.00865,0.00865,1.,1.,0.4308,      273P    442
0.70909090909091,0.,0.5692,0.70909090909091,0.,-0.00865,0.00865,     273P    443
0.,0.,1.;                                                            273P    444
126,1,1,1,0,1,0,-0.0115,-0.0115,-0.003,-0.003,1.,1.,0.5692,          275P    445
0.70909090909091,0.,0.5692,0.55454545454545,0.,-0.0115,-0.003,       275P    446
0.,0.,1.;                                                            275P    447
126,1,1,1,0,1,0,0.00865,0.00865,0.0155,0.0155,1.,1.,0.5692,          277P    448
0.55454545454545,0.,0.624,0.55454545454545,0.,0.00865,0.0155,0.,     277P    449
0.,1.;                                                               277P    450
126,8,2,1,0,1,0,-1.5707963267949,-1.5707963267949,                   279P    451
-1.5707963267949,-1.17809724509617,-1.17809724509617,                279P    452
-0.78539816339745,-0.78539816339745,-0.39269908169872,               279P    453
-0.39269908169872,0.,0.,0.,1.,1.,1.,1.,1.,1.,1.,1.,1.,0.624,         279P    454
0.55454545454545,0.,0.62718259787807,0.55454545454545,0.,            279P    455
0.63012293491784,0.55177743754587,0.,0.63306327195761,               279P    456
0.54900942054628,0.,0.63531370849898,0.54389479204315,0.,            279P    457
0.63756414504036,0.53878016354002,0.,0.63878207252018,               279P    458
0.53209757935873,0.,0.64,0.52541499517744,0.,0.64,                   279P    459
0.51818181818182,0.,-1.5707963267949,0.,0.,0.,1.;                    279P    460
126,1,1,1,0,1,0,-0.001,-0.001,0.001,0.001,1.,1.,0.64,                281P    461
0.51818181818182,0.,0.64,0.48181818181818,0.,-0.001,0.001,0.,0.,     281P    462
1.;                                                                  281P    463
126,8,2,1,0,1,0,-6.28318530717959,-6.28318530717959,                 283P    464
-6.28318530717959,-5.89048622548086,-5.89048622548086,               283P    465
-5.49778714378214,-5.49778714378214,-5.10508806208341,               283P    466
-5.10508806208341,-4.71238898038469,-4.71238898038469,               283P    467
-4.71238898038469,1.,1.,1.,1.,1.,1.,1.,1.,1.,0.64,                   283P    468
0.48181818181818,0.,0.64,0.47458500482256,0.,0.63878207252018,       283P    469
0.46790242064127,0.,0.63756414504036,0.46121983645998,0.,            283P    470
0.63531370849898,0.45610520795685,0.,0.63306327195761,               283P    471
0.45099057945372,0.,0.63012293491784,0.44822256245413,0.,            283P    472
0.62718259787807,0.44545454545455,0.,0.624,0.44545454545455,0.,      283P    473
-6.28318530717959,-4.71238898038469,0.,0.,1.;                        283P    474
126,1,1,1,0,1,0,-0.0155,-0.0155,-0.00865,-0.00865,1.,1.,0.624,       285P    475
0.44545454545455,0.,0.5692,0.44545454545455,0.,-0.0155,-0.00865,     285P    476
0.,0.,1.;                                                            285P    477
126,1,1,1,0,1,0,0.003,0.003,0.0115,0.0115,1.,1.,0.5692,              287P    478
0.44545454545455,0.,0.5692,0.29090909090909,0.,0.003,0.0115,0.,      287P    479
0.,1.;                                                               287P    480
126,1,1,1,0,1,0,-0.00865,-0.00865,0.00865,0.00865,1.,1.,0.5692,      289P    481
0.29090909090909,0.,0.4308,0.29090909090909,0.,-0.00865,0.00865,     289P    482
0.,0.,1.;                                                            289P    483
126,1,1,1,0,1,0,-0.0115,-0.0115,-0.003,-0.003,1.,1.,0.4308,          291P    484
0.29090909090909,0.,0.4308,0.44545454545455,0.,-0.0115,-0.003,       291P    485
0.,0.,1.;                                                            291P    486
126,1,1,1,0,1,0,0.00865,0.00865,0.0155,0.0155,1.,1.,0.4308,          293P    487
0.44545454545455,0.,0.376,0.44545454545455,0.,0.00865,0.0155,0.,     293P    488
0.,1.;                                                               293P    489
126,8,2,1,0,1,0,-4.71238898038469,-4.71238898038469,                 295P    490
-4.71238898038469,-4.31968989868597,-4.31968989868597,               295P    491
-3.92699081698724,-3.92699081698724,-3.53429173528852,               295P    492
-3.53429173528852,-3.14159265358979,-3.14159265358979,               295P    493
-3.14159265358979,1.,1.,1.,1.,1.,1.,1.,1.,1.,0.376,                  295P    494
0.44545454545455,0.,0.37281740212193,0.44545454545455,0.,            295P    495
0.36987706508216,0.44822256245413,0.,0.36693672804239,               295P    496
0.45099057945372,0.,0.36468629150102,0.45610520795685,0.,            295P    497
0.36243585495964,0.46121983645998,0.,0.36121792747982,               295P    498
0.46790242064127,0.,0.36,0.47458500482256,0.,0.36,                   295P    499
0.48181818181818,0.,-4.71238898038469,-3.14159265358979,0.,0.,       295P    500
1.;                                                                  295P    501
126,1,1,1,0,1,0,-0.001,-0.001,0.001,0.001,1.,1.,0.36,                297P    502
0.48181818181818,0.,0.36,0.51818181818182,0.,-0.001,0.001,0.,0.,     297P    503
1.;                                                                  297P    504
126,8,2,1,0,1,0,-3.14159265358979,-3.14159265358979,                 299P    505
-3.14159265358979,-2.74889357189107,-2.74889357189107,               299P    506
-2.35619449019234,-2.35619449019234,-1.96349540849362,               299P    507
-1.96349540849362,-1.5707963267949,-1.5707963267949,                 299P    508
-1.5707963267949,1.,1.,1.,1.,1.,1.,1.,1.,1.,0.36,                    299P    509
0.51818181818182,0.,0.36,0.52541499517744,0.,0.36121792747982,       299P    510
0.53209757935873,0.,0.36243585495964,0.53878016354002,0.,            299P    511
0.36468629150102,0.54389479204315,0.,0.36693672804239,               299P    512
0.54900942054628,0.,0.36987706508216,0.55177743754587,0.,            299P    513
0.37281740212193,0.55454545454545,0.,0.376,0.55454545454545,0.,      299P    514
-3.14159265358979,-1.5707963267949,0.,0.,1.;                         299P    515
102,16,269,271,273,275,277,279,281,283,285,287,289,291,293,295,      301P    516
297,299;                                                             301P    517
110,0.0155,0.077,0.078,0.00865,0.077,0.078;                          303P    518
110,0.00865,0.077,0.078,0.00865,0.077,0.0865;                        305P    519
110,0.00865,0.077,0.0865,-0.00865,0.077,0.0865;                      307P    520
110,-0.00865,0.077,0.0865,-0.00865,0.077,0.078;                      309P    521
110,-0.00865,0.077,0.078,-0.0155,0.077,0.078;                        311P    522
124,-1.,0.,0.,-0.0155,-0.,0.,-1.,0.077,0.,-1.,0.,0.076;              313P    523
100,0.,0.,0.,0.,-0.002,0.002,0.;                                     315P    524
110,-0.0175,0.077,0.076,-0.0175,0.077,0.074;                         317P    525
124,-1.,0.,0.,-0.0155,-0.,0.,-1.,0.077,0.,-1.,0.,0.074;              319P    526
100,0.,0.,0.,0.002,0.,-0.,0.002;                                     321P    527
110,-0.0155,0.077,0.072,-0.00865,0.077,0.072;                        323P    528
110,-0.00865,0.077,0.072,-0.00865,0.077,0.0635;                      325P    529
110,-0.00865,0.077,0.0635,0.00865,0.077,0.0635;                      327P    530
110,0.00865,0.077,0.0635,0.00865,0.077,0.072;                        329P    531
110,0.00865,0.077,0.072,0.0155,0.077,0.072;                          331P    532
124,-1.,0.,0.,0.0155,-0.,0.,-1.,0.077,0.,-1.,0.,0.074;               333P    533
100,0.,0.,0.,-0.,0.002,-0.002,-0.;                                   335P    534
110,0.0175,0.077,0.074,0.0175,0.077,0.076;                           337P    535
124,-1.,0.,0.,0.0155,-0.,0.,-1.,0.077,0.,-1.,0.,0.076;               339P    536
100,0.,0.,0.,-0.002,-0.,0.,-0.002;                                   341P    537
102,16,303,305,307,309,311,315,317,321,323,325,327,329,331,335,      343P    538
337,341;                                                             343P    539
142,1,221,301,343,2;                                                 345P    540
126,32,2,1,1,1,1,-7.85398163397448,-7.85398163397448,                347P    541
-7.85398163397448,-7.46128255227576,-7.46128255227576,               347P    542
-7.06858347057703,-7.06858347057703,-6.67588438887831,               347P    543
-6.67588438887831,-6.28318530717959,-6.28318530717959,               347P    544
-5.89048622548086,-5.89048622548086,-5.49778714378214,               347P    545
-5.49778714378214,-5.10508806208341,-5.10508806208341,               347P    546
-4.71238898038469,-4.71238898038469,-4.31968989868597,               347P    547
-4.31968989868597,-3.92699081698724,-3.92699081698724,               347P    548
-3.53429173528852,-3.53429173528852,-3.14159265358979,               347P    549
-3.14159265358979,-2.74889357189107,-2.74889357189107,               347P    550
-2.35619449019234,-2.35619449019234,-1.96349540849362,               347P    551
-1.96349540849362,-1.5707963267949,-1.5707963267949,                 347P    552
-1.5707963267949,1.,1.,1.,1.,1.,1.,1.,1.,1.,1.,1.,1.,1.,1.,1.,       347P    553
1.,1.,1.,1.,1.,1.,1.,1.,1.,1.,1.,1.,1.,1.,1.,1.,1.,1.,               347P    554
0.94828427124746,0.19208120171031,0.,0.95480859689752,               347P    555
0.19208120171031,0.,0.96083628782904,0.18640676686116,0.,            347P    556
0.96686397876056,0.180732332012,0.,0.97147737367038,                 347P    557
0.17024734358058,0.,0.9760907685802,0.15976235514917,0.,             347P    558
0.97858751991383,0.14606305757753,0.,0.98108427124746,               347P    559
0.13236376000589,0.,0.98108427124746,0.11753574716486,0.,            347P    560
0.98108427124746,0.10270773432383,0.,0.97858751991383,               347P    561
0.08900843675219,0.,0.9760907685802,0.07530913918055,0.,             347P    562
0.97147737367038,0.06482415074914,0.,0.96686397876056,               347P    563
0.05433916231772,0.,0.96083628782904,0.04866472746856,0.,            347P    564
0.95480859689752,0.04299029261941,0.,0.94828427124746,               347P    565
0.04299029261941,0.,0.94175994559741,0.04299029261941,0.,            347P    566
0.93573225466589,0.04866472746856,0.,0.92970456373437,               347P    567
0.05433916231772,0.,0.92509116882454,0.06482415074914,0.,            347P    568
0.92047777391472,0.07530913918055,0.,0.91798102258109,               347P    569
0.08900843675219,0.,0.91548427124746,0.10270773432383,0.,            347P    570
0.91548427124746,0.11753574716486,0.,0.91548427124746,               347P    571
0.13236376000589,0.,0.91798102258109,0.14606305757753,0.,            347P    572
0.92047777391472,0.15976235514917,0.,0.92509116882454,               347P    573
0.17024734358058,0.,0.92970456373437,0.180732332012,0.,              347P    574
0.93573225466589,0.18640676686116,0.,0.94175994559741,               347P    575
0.19208120171031,0.,0.94828427124746,0.19208120171031,0.,            347P    576
-7.85398163397448,-1.5707963267949,0.,0.,1.;                         347P    577
102,1,347;                                                           349P    578
124,-1.,0.,0.,-0.05603553390593,-0.,0.,-1.,0.077,0.,-1.,0.,          351P    579
0.05396446609407;                                                    351P    580
100,0.,0.,0.,0.,-0.0041,0.,-0.0041;                                  353P    581
102,1,353;                                                           355P    582
142,1,221,349,355,2;                                                 357P    583
126,32,2,1,1,1,1,-7.85398163397448,-7.85398163397448,                359P    584
-7.85398163397448,-7.46128255227576,-7.46128255227576,               359P    585
-7.06858347057703,-7.06858347057703,-6.67588438887831,               359P    586
-6.67588438887831,-6.28318530717959,-6.28318530717959,               359P    587
-5.89048622548086,-5.89048622548086,-5.49778714378214,               359P    588
-5.49778714378214,-5.10508806208341,-5.10508806208341,               359P    589
-4.71238898038469,-4.71238898038469,-4.31968989868597,               359P    590
-4.31968989868597,-3.92699081698724,-3.92699081698724,               359P    591
-3.53429173528852,-3.53429173528852,-3.14159265358979,               359P    592
-3.14159265358979,-2.74889357189107,-2.74889357189107,               359P    593
-2.35619449019234,-2.35619449019234,-1.96349540849362,               359P    594
-1.96349540849362,-1.5707963267949,-1.5707963267949,                 359P    595
-1.5707963267949,1.,1.,1.,1.,1.,1.,1.,1.,1.,1.,1.,1.,1.,1.,1.,       359P    596
1.,1.,1.,1.,1.,1.,1.,1.,1.,1.,1.,1.,1.,1.,1.,1.,1.,1.,               359P    597
0.94828427124746,0.9570097073806,0.,0.95480859689752,                359P    598
0.9570097073806,0.,0.96083628782904,0.95133527253144,0.,             359P    599
0.96686397876056,0.94566083768228,0.,0.97147737367038,               359P    600
0.93517584925087,0.,0.9760907685802,0.92469086081945,0.,             359P    601
0.97858751991383,0.91099156324781,0.,0.98108427124746,               359P    602
0.89729226567617,0.,0.98108427124746,0.88246425283514,0.,            359P    603
0.98108427124746,0.86763623999411,0.,0.97858751991383,               359P    604
0.85393694242247,0.,0.9760907685802,0.84023764485083,0.,             359P    605
0.97147737367038,0.82975265641942,0.,0.96686397876056,               359P    606
0.819267667988,0.,0.96083628782904,0.81359323313885,0.,              359P    607
0.95480859689752,0.80791879828969,0.,0.94828427124746,               359P    608
0.80791879828969,0.,0.94175994559741,0.80791879828969,0.,            359P    609
0.93573225466589,0.81359323313885,0.,0.92970456373437,               359P    610
0.819267667988,0.,0.92509116882454,0.82975265641942,0.,              359P    611
0.92047777391472,0.84023764485083,0.,0.91798102258109,               359P    612
0.85393694242247,0.,0.91548427124746,0.86763623999411,0.,            359P    613
0.91548427124746,0.88246425283514,0.,0.91548427124746,               359P    614
0.89729226567617,0.,0.91798102258109,0.91099156324781,0.,            359P    615
0.92047777391472,0.92469086081945,0.,0.92509116882454,               359P    616
0.93517584925087,0.,0.92970456373437,0.94566083768228,0.,            359P    617
0.93573225466589,0.95133527253144,0.,0.94175994559741,               359P    618
0.9570097073806,0.,0.94828427124746,0.9570097073806,0.,              359P    619
-7.85398163397448,-1.5707963267949,0.,0.,1.;                         359P    620
102,1,359;                                                           361P    621
124,-1.,0.,0.,-0.05603553390593,-0.,0.,-1.,0.077,0.,-1.,0.,          363P    622
0.09603553390593;                                                    363P    623
100,0.,0.,0.,0.,-0.0041,0.,-0.0041;                                  365P    624
102,1,365;                                                           367P    625
142,1,221,361,367,2;                                                 369P    626
126,32,2,1,1,1,1,-7.85398163397448,-7.85398163397448,                371P    627
-7.85398163397448,-7.46128255227576,-7.46128255227576,               371P    628
-7.06858347057703,-7.06858347057703,-6.67588438887831,               371P    629
-6.67588438887831,-6.28318530717959,-6.28318530717959,               371P    630
-5.89048622548086,-5.89048622548086,-5.49778714378214,               371P    631
-5.49778714378214,-5.10508806208341,-5.10508806208341,               371P    632
-4.71238898038469,-4.71238898038469,-4.31968989868597,               371P    633
-4.31968989868597,-3.92699081698724,-3.92699081698724,               371P    634
-3.53429173528852,-3.53429173528852,-3.14159265358979,               371P    635
-3.14159265358979,-2.74889357189107,-2.74889357189107,               371P    636
-2.35619449019234,-2.35619449019234,-1.96349540849362,               371P    637
-1.96349540849362,-1.5707963267949,-1.5707963267949,                 371P    638
-1.5707963267949,1.,1.,1.,1.,1.,1.,1.,1.,1.,1.,1.,1.,1.,1.,1.,       371P    639
1.,1.,1.,1.,1.,1.,1.,1.,1.,1.,1.,1.,1.,1.,1.,1.,1.,1.,               371P    640
0.05171572875254,0.19208120171031,0.,0.05824005440259,               371P    641
0.19208120171031,0.,0.06426774533411,0.18640676686115,0.,            371P    642
0.07029543626564,0.180732332012,0.,0.07490883117546,                 371P    643
0.17024734358058,0.,0.07952222608528,0.15976235514917,0.,            371P    644
0.08201897741891,0.14606305757753,0.,0.08451572875254,               371P    645
0.13236376000589,0.,0.08451572875254,0.11753574716486,0.,            371P    646
0.08451572875254,0.10270773432383,0.,0.08201897741891,               371P    647
0.08900843675219,0.,0.07952222608528,0.07530913918055,0.,            371P    648
0.07490883117546,0.06482415074913,0.,0.07029543626564,               371P    649
0.05433916231772,0.,0.06426774533411,0.04866472746856,0.,            371P    650
0.05824005440259,0.0429902926194,0.,0.05171572875254,                371P    651
0.0429902926194,0.,0.04519140310249,0.0429902926194,0.,              371P    652
0.03916371217096,0.04866472746856,0.,0.03313602123944,               371P    653
0.05433916231772,0.,0.02852262632962,0.06482415074913,0.,            371P    654
0.0239092314198,0.07530913918055,0.,0.02141248008617,                371P    655
0.08900843675219,0.,0.01891572875254,0.10270773432383,0.,            371P    656
0.01891572875254,0.11753574716486,0.,0.01891572875254,               371P    657
0.13236376000589,0.,0.02141248008617,0.14606305757753,0.,            371P    658
0.0239092314198,0.15976235514917,0.,0.02852262632962,                371P    659
0.17024734358058,0.,0.03313602123944,0.180732332012,0.,              371P    660
0.03916371217096,0.18640676686115,0.,0.04519140310249,               371P    661
0.19208120171031,0.,0.05171572875254,0.19208120171031,0.,            371P    662
-7.85398163397448,-1.5707963267949,0.,0.,1.;                         371P    663
102,1,371;                                                           373P    664
124,-1.,0.,0.,0.05603553390593,-0.,0.,-1.,0.077,0.,-1.,0.,           375P    665
0.05396446609407;                                                    375P    666
100,0.,0.,0.,0.,-0.0041,0.,-0.0041;                                  377P    667
102,1,377;                                                           379P    668
142,1,221,373,379,2;                                                 381P    669
126,32,2,1,1,1,1,-7.85398163397448,-7.85398163397448,                383P    670
-7.85398163397448,-7.46128255227576,-7.46128255227576,               383P    671
-7.06858347057703,-7.06858347057703,-6.67588438887831,               383P    672
-6.67588438887831,-6.28318530717959,-6.28318530717959,               383P    673
-5.89048622548086,-5.89048622548086,-5.49778714378214,               383P    674
-5.49778714378214,-5.10508806208341,-5.10508806208341,               383P    675
-4.71238898038469,-4.71238898038469,-4.31968989868597,               383P    676
-4.31968989868597,-3.92699081698724,-3.92699081698724,               383P    677
-3.53429173528852,-3.53429173528852,-3.14159265358979,               383P    678
-3.14159265358979,-2.74889357189107,-2.74889357189107,               383P    679
-2.35619449019234,-2.35619449019234,-1.96349540849362,               383P    680
-1.96349540849362,-1.5707963267949,-1.5707963267949,                 383P    681
-1.5707963267949,1.,1.,1.,1.,1.,1.,1.,1.,1.,1.,1.,1.,1.,1.,1.,       383P    682
1.,1.,1.,1.,1.,1.,1.,1.,1.,1.,1.,1.,1.,1.,1.,1.,1.,1.,               383P    683
0.05171572875254,0.9570097073806,0.,0.05824005440259,                383P    684
0.9570097073806,0.,0.06426774533411,0.95133527253144,0.,             383P    685
0.07029543626564,0.94566083768228,0.,0.07490883117546,               383P    686
0.93517584925087,0.,0.07952222608528,0.92469086081945,0.,            383P    687
0.08201897741891,0.91099156324781,0.,0.08451572875254,               383P    688
0.89729226567617,0.,0.08451572875254,0.88246425283514,0.,            383P    689
0.08451572875254,0.86763623999411,0.,0.08201897741891,               383P    690
0.85393694242247,0.,0.07952222608528,0.84023764485083,0.,            383P    691
0.07490883117546,0.82975265641942,0.,0.07029543626564,               383P    692
0.819267667988,0.,0.06426774533411,0.81359323313885,0.,              383P    693
0.05824005440259,0.80791879828969,0.,0.05171572875254,               383P    694
0.80791879828969,0.,0.04519140310249,0.80791879828969,0.,            383P    695
0.03916371217096,0.81359323313885,0.,0.03313602123944,               383P    696
0.819267667988,0.,0.02852262632962,0.82975265641942,0.,              383P    697
0.0239092314198,0.84023764485083,0.,0.02141248008617,                383P    698
0.85393694242247,0.,0.01891572875254,0.86763623999411,0.,            383P    699
0.01891572875254,0.88246425283514,0.,0.01891572875254,               383P    700
0.89729226567617,0.,0.02141248008617,0.91099156324781,0.,            383P    701
0.0239092314198,0.92469086081945,0.,0.02852262632962,                383P    702
0.93517584925087,0.,0.03313602123944,0.94566083768228,0.,            383P    703
0.03916371217096,0.95133527253144,0.,0.04519140310249,               383P    704
0.9570097073806,0.,0.05171572875254,0.9570097073806,0.,              383P    705
-7.85398163397448,-1.5707963267949,0.,0.,1.;                         383P    706
102,1,383;                                                           385P    707
124,-1.,0.,0.,0.05603553390593,-0.,0.,-1.,0.077,0.,-1.,0.,           387P    708
0.09603553390593;                                                    387P    709
100,0.,0.,0.,0.,-0.0041,0.,-0.0041;                                  389P    710
102,1,389;                                                           391P    711
142,1,221,385,391,2;                                                 393P    712
126,32,2,1,1,1,1,-6.28318530717959,-6.28318530717959,                395P    713
-6.28318530717959,-5.89048622548086,-5.89048622548086,               395P    714
-5.49778714378214,-5.49778714378214,-5.10508806208341,               395P    715
-5.10508806208341,-4.71238898038469,-4.71238898038469,               395P    716
-4.31968989868597,-4.31968989868597,-3.92699081698724,               395P    717
-3.92699081698724,-3.53429173528852,-3.53429173528852,               395P    718
-3.14159265358979,-3.14159265358979,-2.74889357189107,               395P    719
-2.74889357189107,-2.35619449019234,-2.35619449019234,               395P    720
-1.96349540849362,-1.96349540849362,-1.5707963267949,                395P    721
-1.5707963267949,-1.17809724509617,-1.17809724509617,                395P    722
-0.78539816339745,-0.78539816339745,-0.39269908169872,               395P    723
-0.39269908169872,0.,0.,0.,1.,1.,1.,1.,1.,1.,1.,1.,1.,1.,1.,1.,      395P    724
1.,1.,1.,1.,1.,1.,1.,1.,1.,1.,1.,1.,1.,1.,1.,1.,1.,1.,1.,1.,1.,      395P    725
0.5108,0.23636363636364,0.,0.5108,0.23148124189159,0.,               395P    726
0.50997789895112,0.22697049756922,0.,0.50915579790224,               395P    727
0.22245975324685,0.,0.50763675323681,0.21900737900724,0.,            395P    728
0.50611770857139,0.21555500476763,0.,0.50413298106954,               395P    729
0.2136865932929,0.,0.5021482535677,0.21181818181818,0.,0.5,          395P    730
0.21181818181818,0.,0.4978517464323,0.21181818181818,0.,             395P    731
0.49586701893046,0.2136865932929,0.,0.49388229142861,                395P    732
0.21555500476763,0.,0.49236324676319,0.21900737900724,0.,            395P    733
0.49084420209776,0.22245975324685,0.,0.49002210104888,               395P    734
0.22697049756922,0.,0.4892,0.23148124189159,0.,0.4892,               395P    735
0.23636363636364,0.,0.4892,0.24124603083568,0.,0.49002210104888,     395P    736
0.24575677515805,0.,0.49084420209776,0.25026751948042,0.,            395P    737
0.49236324676319,0.25371989372003,0.,0.49388229142861,               395P    738
0.25717226795964,0.,0.49586701893046,0.25904067943437,0.,            395P    739
0.4978517464323,0.26090909090909,0.,0.5,0.26090909090909,0.,         395P    740
0.5021482535677,0.26090909090909,0.,0.50413298106954,                395P    741
0.25904067943437,0.,0.50611770857139,0.25717226795964,0.,            395P    742
0.50763675323681,0.25371989372003,0.,0.50915579790224,               395P    743
0.25026751948042,0.,0.50997789895112,0.24575677515805,0.,0.5108,     395P    744
0.24124603083568,0.,0.5108,0.23636363636364,0.,                      395P    745
-6.28318530717959,0.,0.,0.,1.;                                       395P    746
102,1,395;                                                           397P    747
124,-1.,0.,0.,-0.,-0.,0.,-1.,0.077,0.,-1.,0.,0.0605;                 399P    748
100,0.,0.,0.,0.00135,0.,0.00135,0.;                                  401P    749
102,1,401;                                                           403P    750
142,1,221,397,403,2;                                                 405P    751
126,32,2,1,1,1,1,-6.28318530717959,-6.28318530717959,                407P    752
-6.28318530717959,-5.89048622548086,-5.89048622548086,               407P    753
-5.49778714378214,-5.49778714378214,-5.10508806208341,               407P    754
-5.10508806208341,-4.71238898038469,-4.71238898038469,               407P    755
-4.31968989868597,-4.31968989868597,-3.92699081698724,               407P    756
-3.92699081698724,-3.53429173528852,-3.53429173528852,               407P    757
-3.14159265358979,-3.14159265358979,-2.74889357189107,               407P    758
-2.74889357189107,-2.35619449019234,-2.35619449019234,               407P    759
-1.96349540849362,-1.96349540849362,-1.5707963267949,                407P    760
-1.5707963267949,-1.17809724509617,-1.17809724509617,                407P    761
-0.78539816339745,-0.78539816339745,-0.39269908169872,               407P    762
-0.39269908169872,0.,0.,0.,1.,1.,1.,1.,1.,1.,1.,1.,1.,1.,1.,1.,      407P    763
1.,1.,1.,1.,1.,1.,1.,1.,1.,1.,1.,1.,1.,1.,1.,1.,1.,1.,1.,1.,1.,      407P    764
0.5108,0.76363636363636,0.,0.5108,0.75875396916432,0.,               407P    765
0.50997789895112,0.75424322484195,0.,0.50915579790224,               407P    766
0.74973248051958,0.,0.50763675323681,0.74628010627997,0.,            407P    767
0.50611770857139,0.74282773204035,0.,0.50413298106954,               407P    768
0.74095932056563,0.,0.5021482535677,0.73909090909091,0.,0.5,         407P    769
0.73909090909091,0.,0.4978517464323,0.73909090909091,0.,             407P    770
0.49586701893046,0.74095932056563,0.,0.49388229142861,               407P    771
0.74282773204036,0.,0.49236324676319,0.74628010627997,0.,            407P    772
0.49084420209776,0.74973248051958,0.,0.49002210104888,               407P    773
0.75424322484195,0.,0.4892,0.75875396916432,0.,0.4892,               407P    774
0.76363636363636,0.,0.4892,0.76851875810841,0.,0.49002210104888,     407P    775
0.77302950243078,0.,0.49084420209776,0.77754024675315,0.,            407P    776
0.49236324676319,0.78099262099276,0.,0.49388229142861,               407P    777
0.78444499523237,0.,0.49586701893046,0.7863134067071,0.,             407P    778
0.4978517464323,0.78818181818182,0.,0.5,0.78818181818182,0.,         407P    779
0.5021482535677,0.78818181818182,0.,0.50413298106954,                407P    780
0.7863134067071,0.,0.50611770857139,0.78444499523237,0.,             407P    781
0.50763675323681,0.78099262099276,0.,0.50915579790224,               407P    782
0.77754024675315,0.,0.50997789895112,0.77302950243078,0.,0.5108,     407P    783
0.76851875810841,0.,0.5108,0.76363636363636,0.,                      407P    784
-6.28318530717959,0.,0.,0.,1.;                                       407P    785
102,1,407;                                                           409P    786
124,-1.,0.,0.,-0.,-0.,0.,-1.,0.077,0.,-1.,0.,0.0895;                 411P    787
100,0.,0.,0.,0.00135,0.,0.00135,0.;                                  413P    788
102,1,413;                                                           415P    789
142,1,221,409,415,2;                                                 417P    790
144,221,1,7,267,345,357,369,381,393,405,417;                         419P    791
314,64.70588445663452,64.70588445663452,64.70588445663452,10HMix     421P    792
edColor;                                                             421P    793
110,-0.0546,0.075,0.065,-0.0546,0.065,0.065;                         423P    794
122,423,-0.0546,0.075,0.085;                                         425P    795
126,1,1,1,0,1,0,-0.015,-0.015,0.005,0.005,1.,1.,0.,1.,0.,0.,0.,      427P    796
0.,-0.015,0.005,0.,0.,1.;                                            427P    797
126,1,1,1,0,1,0,-0.01,-0.01,0.,0.,1.,1.,0.,0.,0.,1.,0.,0.,-0.01,     429P    798
0.,0.,0.,1.;                                                         429P    799
126,1,1,1,0,1,0,-0.005,-0.005,0.015,0.015,1.,1.,1.,0.,0.,1.,1.,      431P    800
0.,-0.005,0.015,0.,0.,1.;                                            431P    801
126,1,1,1,0,1,0,0.,0.,0.01,0.01,1.,1.,1.,1.,0.,0.,1.,0.,0.,0.01,     433P    802
0.,0.,1.;                                                            433P    803
102,4,427,429,431,433;                                               435P    804
110,-0.0546,0.075,0.085,-0.0546,0.075,0.065;                         437P    805
110,-0.0546,0.075,0.065,-0.0546,0.065,0.065;                         439P    806
110,-0.0546,0.065,0.065,-0.0546,0.065,0.085;                         441P    807
110,-0.0546,0.065,0.085,-0.0546,0.075,0.085;                         443P    808
102,4,437,439,441,443;                                               445P    809
142,1,425,435,445,2;                                                 447P    810
144,425,1,0,447;                                                     449P    811
314,64.70588445663452,64.70588445663452,64.70588445663452,10HMix     451P    812
edColor;                                                             451P    813
110,-0.045,0.065,0.085,-0.045,1.065,0.085;                           453P    814
110,-0.0546,0.075,0.085,-0.0546,0.065,0.085;                         455P    815
120,453,455,0.,6.28318530717959;                                     457P    816
126,1,1,1,0,1,0,-1.5707963267949,-1.5707963267949,0.,0.,1.,1.,       459P    817
0.,1.5707963267949,0.,0.,0.,0.,-1.5707963267949,0.,0.,0.,1.;         459P    818
126,1,1,1,0,1,0,-0.01,-0.01,0.,0.,1.,1.,0.,0.,0.,1.,0.,0.,-0.01,     461P    819
0.,0.,0.,1.;                                                         461P    820
126,1,1,1,0,1,0,0.,0.,1.5707963267949,1.5707963267949,1.,1.,1.,      463P    821
0.,0.,1.,1.5707963267949,0.,0.,1.5707963267949,0.,0.,1.;             463P    822
126,1,1,1,0,1,0,0.,0.,0.01,0.01,1.,1.,1.,1.5707963267949,0.,0.,      465P    823
1.5707963267949,0.,0.,0.01,0.,0.,1.;                                 465P    824
102,4,459,461,463,465;                                               467P    825
124,-1.,0.,0.,-0.045,-0.,0.,-1.,0.075,0.,-1.,0.,0.085;               469P    826
100,0.,0.,0.,0.,-0.0096,0.0096,0.;                                   471P    827
110,-0.0546,0.075,0.085,-0.0546,0.065,0.085;                         473P    828
124,-1.,0.,-0.,-0.045,-0.,0.,1.,0.065,0.,1.,0.,0.085;                475P    829
100,0.,0.,0.,0.0096,0.,0.,0.0096;                                    477P    830
110,-0.045,0.065,0.0946,-0.045,0.075,0.0946;                         479P    831
102,4,471,473,477,479;                                               481P    832
142,1,457,467,481,2;                                                 483P    833
144,457,1,0,483;                                                     485P    834
314,64.70588445663452,64.70588445663452,64.70588445663452,10HMix     487P    835
edColor;                                                             487P    836
110,-0.045,0.065,0.0946,0.045,0.065,0.0946;                          489P    837
122,489,-0.045,0.075,0.0946;                                         491P    838
126,1,1,1,0,1,0,-0.0225,-0.0225,0.0675,0.0675,1.,1.,1.,1.,0.,0.,     493P    839
1.,0.,-0.0225,0.0675,0.,0.,1.;                                       493P    840
126,1,1,1,0,1,0,-0.01,-0.01,0.,0.,1.,1.,0.,1.,0.,0.,0.,0.,-0.01,     495P    841
0.,0.,0.,1.;                                                         495P    842
126,1,1,1,0,1,0,-0.0675,-0.0675,0.0225,0.0225,1.,1.,0.,0.,0.,1.,     497P    843
0.,0.,-0.0675,0.0225,0.,0.,1.;                                       497P    844
126,1,1,1,0,1,0,0.,0.,0.01,0.01,1.,1.,1.,0.,0.,1.,1.,0.,0.,0.01,     499P    845
0.,0.,1.;                                                            499P    846
102,4,493,495,497,499;                                               501P    847
110,0.045,0.075,0.0946,-0.045,0.075,0.0946;                          503P    848
110,-0.045,0.075,0.0946,-0.045,0.065,0.0946;                         505P    849
110,-0.045,0.065,0.0946,0.045,0.065,0.0946;                          507P    850
110,0.045,0.065,0.0946,0.045,0.075,0.0946;                           509P    851
102,4,503,505,507,509;                                               511P    852
142,1,491,501,511,2;                                                 513P    853
144,491,1,0,513;                                                     515P    854
314,64.70588445663452,64.70588445663452,64.70588445663452,10HMix     517P    855
edColor;                                                             517P    856
110,0.045,0.065,0.085,0.045,1.065,0.085;                             519P    857
110,0.0354,0.075,0.085,0.0354,0.065,0.085;                           521P    858
120,519,521,0.,6.28318530717959;                                     523P    859
126,1,1,1,0,1,0,-3.14159265358979,-3.14159265358979,                 525P    860
-1.5707963267949,-1.5707963267949,1.,1.,0.,3.14159265358979,0.,      525P    861
0.,1.5707963267949,0.,-3.14159265358979,-1.5707963267949,0.,0.,      525P    862
1.;                                                                  525P    863
126,1,1,1,0,1,0,-0.01,-0.01,0.,0.,1.,1.,0.,1.5707963267949,0.,       527P    864
1.,1.5707963267949,0.,-0.01,0.,0.,0.,1.;                             527P    865
126,1,1,1,0,1,0,1.5707963267949,1.5707963267949,                     529P    866
3.14159265358979,3.14159265358979,1.,1.,1.,1.5707963267949,0.,       529P    867
1.,3.14159265358979,0.,1.5707963267949,3.14159265358979,0.,0.,       529P    868
1.;                                                                  529P    869
126,1,1,1,0,1,0,0.,0.,0.01,0.01,1.,1.,1.,3.14159265358979,0.,0.,     531P    870
3.14159265358979,0.,0.,0.01,0.,0.,1.;                                531P    871
102,4,525,527,529,531;                                               533P    872
124,-1.,0.,0.,0.045,-0.,0.,-1.,0.075,0.,-1.,0.,0.085;                535P    873
100,0.,0.,0.,-0.0096,-0.,0.,-0.0096;                                 537P    874
110,0.045,0.075,0.0946,0.045,0.065,0.0946;                           539P    875
124,-1.,0.,-0.,0.045,-0.,0.,1.,0.065,0.,1.,0.,0.085;                 541P    876
100,0.,0.,0.,0.,0.0096,-0.0096,0.;                                   543P    877
110,0.0546,0.065,0.085,0.0546,0.075,0.085;                           545P    878
102,4,537,539,543,545;                                               547P    879
142,1,523,533,547,2;                                                 549P    880
144,523,1,0,549;                                                     551P    881
314,64.70588445663452,64.70588445663452,64.70588445663452,10HMix     553P    882
edColor;                                                             553P    883
110,0.0546,0.065,0.065,0.0546,0.075,0.065;                           555P    884
122,555,0.0546,0.065,0.085;                                          557P    885
126,1,1,1,0,1,0,-0.01,-0.01,0.01,0.01,1.,1.,1.,0.,0.,1.,1.,0.,       559P    886
-0.01,0.01,0.,0.,1.;                                                 559P    887
126,1,1,1,0,1,0,-0.01,-0.01,0.,0.,1.,1.,1.,1.,0.,0.,1.,0.,-0.01,     561P    888
0.,0.,0.,1.;                                                         561P    889
126,1,1,1,0,1,0,-0.01,-0.01,0.01,0.01,1.,1.,0.,1.,0.,0.,0.,0.,       563P    890
-0.01,0.01,0.,0.,1.;                                                 563P    891
126,1,1,1,0,1,0,0.,0.,0.01,0.01,1.,1.,0.,0.,0.,1.,0.,0.,0.,0.01,     565P    892
0.,0.,1.;                                                            565P    893
102,4,559,561,563,565;                                               567P    894
110,0.0546,0.075,0.065,0.0546,0.075,0.085;                           569P    895
110,0.0546,0.075,0.085,0.0546,0.065,0.085;                           571P    896
110,0.0546,0.065,0.085,0.0546,0.065,0.065;                           573P    897
110,0.0546,0.065,0.065,0.0546,0.075,0.065;                           575P    898
102,4,569,571,573,575;                                               577P    899
142,1,557,567,577,2;                                                 579P    900
144,557,1,0,579;                                                     581P    901
314,64.70588445663452,64.70588445663452,64.70588445663452,10HMix     583P    902
edColor;                                                             583P    903
110,0.045,0.065,0.065,0.045,1.065,0.065;                             585P    904
110,0.0354,0.075,0.065,0.0354,0.065,0.065;                           587P    905
120,585,587,0.,6.28318530717959;                                     589P    906
126,1,1,1,0,1,0,-4.71238898038469,-4.71238898038469,                 591P    907
-3.14159265358979,-3.14159265358979,1.,1.,-0.,4.71238898038469,      591P    908
0.,-0.,3.14159265358979,0.,-4.71238898038469,-3.14159265358979,      591P    909
0.,0.,1.;                                                            591P    910
126,1,1,1,0,1,0,-0.01,-0.01,0.,0.,1.,1.,-0.,3.14159265358979,0.,     593P    911
1.,3.14159265358979,0.,-0.01,0.,0.,0.,1.;                            593P    912
126,1,1,1,0,1,0,3.14159265358979,3.14159265358979,                   595P    913
4.71238898038469,4.71238898038469,1.,1.,1.,3.14159265358979,0.,      595P    914
1.,4.71238898038469,0.,3.14159265358979,4.71238898038469,0.,0.,      595P    915
1.;                                                                  595P    916
126,1,1,1,0,1,0,0.,0.,0.01,0.01,1.,1.,1.,4.71238898038469,0.,        597P    917
-0.,4.71238898038469,0.,0.,0.01,0.,0.,1.;                            597P    918
102,4,591,593,595,597;                                               599P    919
124,-1.,0.,0.,0.045,-0.,0.,-1.,0.075,0.,-1.,0.,0.065;                601P    920
100,0.,0.,0.,-0.,0.0096,-0.0096,-0.;                                 603P    921
110,0.0546,0.075,0.065,0.0546,0.065,0.065;                           605P    922
124,-1.,0.,-0.,0.045,-0.,0.,1.,0.065,0.,1.,0.,0.065;                 607P    923
100,0.,0.,0.,-0.0096,0.,-0.,-0.0096;                                 609P    924
110,0.045,0.065,0.0554,0.045,0.075,0.0554;                           611P    925
102,4,603,605,609,611;                                               613P    926
142,1,589,599,613,2;                                                 615P    927
144,589,1,0,615;                                                     617P    928
314,64.70588445663452,64.70588445663452,64.70588445663452,10HMix     619P    929
edColor;                                                             619P    930
110,0.045,0.065,0.0554,-0.045,0.065,0.0554;                          621P    931
122,621,0.045,0.075,0.0554;                                          623P    932
126,1,1,1,0,1,0,-0.045,-0.045,0.045,0.045,1.,1.,1.,1.,0.,0.,1.,      625P    933
0.,-0.045,0.045,0.,0.,1.;                                            625P    934
126,1,1,1,0,1,0,-0.01,-0.01,0.,0.,1.,1.,0.,1.,0.,0.,0.,0.,-0.01,     627P    935
0.,0.,0.,1.;                                                         627P    936
126,1,1,1,0,1,0,-0.045,-0.045,0.045,0.045,1.,1.,0.,0.,0.,1.,0.,      629P    937
0.,-0.045,0.045,0.,0.,1.;                                            629P    938
126,1,1,1,0,1,0,0.,0.,0.01,0.01,1.,1.,1.,0.,0.,1.,1.,0.,0.,0.01,     631P    939
0.,0.,1.;                                                            631P    940
102,4,625,627,629,631;                                               633P    941
110,-0.045,0.075,0.0554,0.045,0.075,0.0554;                          635P    942
110,0.045,0.075,0.0554,0.045,0.065,0.0554;                           637P    943
110,0.045,0.065,0.0554,-0.045,0.065,0.0554;                          639P    944
110,-0.045,0.065,0.0554,-0.045,0.075,0.0554;                         641P    945
102,4,635,637,639,641;                                               643P    946
142,1,623,633,643,2;                                                 645P    947
144,623,1,0,645;                                                     647P    948
314,64.70588445663452,64.70588445663452,64.70588445663452,10HMix     649P    949
edColor;                                                             649P    950
110,-0.045,0.065,0.065,-0.045,1.065,0.065;                           651P    951
110,-0.0546,0.075,0.065,-0.0546,0.065,0.065;                         653P    952
120,651,653,0.,6.28318530717959;                                     655P    953
126,1,1,1,0,1,0,-6.28318530717959,-6.28318530717959,                 657P    954
-4.71238898038469,-4.71238898038469,1.,1.,-0.,6.28318530717959,      657P    955
0.,-0.,4.71238898038469,0.,-6.28318530717959,-4.71238898038469,      657P    956
0.,0.,1.;                                                            657P    957
126,1,1,1,0,1,0,-0.01,-0.01,0.,0.,1.,1.,-0.,4.71238898038469,0.,     659P    958
1.,4.71238898038469,0.,-0.01,0.,0.,0.,1.;                            659P    959
126,1,1,1,0,1,0,4.71238898038469,4.71238898038469,                   661P    960
6.28318530717959,6.28318530717959,1.,1.,1.,4.71238898038469,0.,      661P    961
1.,6.28318530717959,0.,4.71238898038469,6.28318530717959,0.,0.,      661P    962
1.;                                                                  661P    963
126,1,1,1,0,1,0,0.,0.,0.01,0.01,1.,1.,1.,6.28318530717959,0.,        663P    964
-0.,6.28318530717959,0.,0.,0.01,0.,0.,1.;                            663P    965
102,4,657,659,661,663;                                               665P    966
124,-1.,0.,0.,-0.045,-0.,0.,-1.,0.075,0.,-1.,0.,0.065;               667P    967
100,0.,0.,0.,0.0096,0.,-0.,0.0096;                                   669P    968
110,-0.045,0.075,0.0554,-0.045,0.065,0.0554;                         671P    969
124,-1.,0.,-0.,-0.045,-0.,0.,1.,0.065,0.,1.,0.,0.065;                673P    970
100,0.,0.,0.,-0.,-0.0096,0.0096,-0.;                                 675P    971
110,-0.0546,0.065,0.065,-0.0546,0.075,0.065;                         677P    972
102,4,669,671,675,677;                                               679P    973
142,1,655,665,679,2;                                                 681P    974
144,655,1,0,681;                                                     683P    975
314,64.70588445663452,64.70588445663452,64.70588445663452,10HMix     685P    976
edColor;                                                             685P    977
110,-0.0625,0.075,0.0475,0.0625,0.075,0.0475;                        687P    978
122,687,-0.0625,0.075,0.1025;                                        689P    979
126,1,1,1,0,1,0,-0.0175,-0.0175,0.0175,0.0175,1.,1.,1.,              691P    980
0.18181818181818,0.,1.,0.81818181818182,0.,-0.0175,0.0175,0.,0.,     691P    981
1.;                                                                  691P    982
126,16,2,1,0,1,0,-3.14159265358979,-3.14159265358979,                693P    983
-3.14159265358979,-2.94524311274043,-2.94524311274043,               693P    984
-2.74889357189107,-2.74889357189107,-2.55254403104171,               693P    985
-2.55254403104171,-2.35619449019234,-2.35619449019234,               693P    986
-2.15984494934298,-2.15984494934298,-1.96349540849362,               693P    987
-1.96349540849362,-1.76714586764426,-1.76714586764426,               693P    988
-1.5707963267949,-1.5707963267949,-1.5707963267949,1.,1.,1.,1.,      693P    989
1.,1.,1.,1.,1.,1.,1.,1.,1.,1.,1.,1.,1.,1.,0.81818181818182,0.,       693P    990
1.,0.83608934606494,0.,0.99846282243226,0.85365278582111,0.,         693P    991
0.99692564486452,0.87121622557729,0.,0.9939103626009,                693P    992
0.88776062406638,0.,0.99089508033729,0.90430502255547,0.,            693P    993
0.9865175689842,0.91919458782175,0.,0.98214005763112,                693P    994
0.93408415308802,0.,0.97656854249492,0.94674668748846,0.,            693P    995
0.97099702735873,0.95940922188891,0.,0.96444561864157,               693P    996
0.96935811132774,0.,0.95789420992441,0.97930700076657,0.,            693P    997
0.95061467458921,0.98615991500205,0.,0.94333513925401,               693P    998
0.99301282923754,0.,0.93560722576129,0.99650641461877,0.,            693P    999
0.92787931226857,1.,0.,0.92,1.,0.,-3.14159265358979,                 693P   1000
-1.5707963267949,0.,0.,1.;                                           693P   1001
126,1,1,1,0,1,0,-0.0525,-0.0525,0.0525,0.0525,1.,1.,0.92,1.,0.,      695P   1002
0.08,1.,0.,-0.0525,0.0525,0.,0.,1.;                                  695P   1003
126,16,2,1,0,1,0,-1.5707963267949,-1.5707963267949,                  697P   1004
-1.5707963267949,-1.37444678594553,-1.37444678594553,                697P   1005
-1.17809724509617,-1.17809724509617,-0.98174770424681,               697P   1006
-0.98174770424681,-0.78539816339745,-0.78539816339745,               697P   1007
-0.58904862254809,-0.58904862254809,-0.39269908169872,               697P   1008
-0.39269908169872,-0.19634954084936,-0.19634954084936,0.,0.,0.,      697P   1009
1.,1.,1.,1.,1.,1.,1.,1.,1.,1.,1.,1.,1.,1.,1.,1.,1.,0.08,1.,0.,       697P   1010
0.07212068773143,1.,0.,0.06439277423871,0.99650641461877,0.,         697P   1011
0.05666486074599,0.99301282923754,0.,0.04938532541079,               697P   1012
0.98615991500205,0.,0.04210579007559,0.97930700076657,0.,            697P   1013
0.03555438135843,0.96935811132774,0.,0.02900297264127,               697P   1014
0.9594092218889,0.,0.02343145750508,0.94674668748846,0.,             697P   1015
0.01785994236888,0.93408415308802,0.,0.0134824310158,                697P   1016
0.91919458782175,0.,0.00910491966271,0.90430502255547,0.,            697P   1017
0.0060896373991,0.88776062406638,0.,0.00307435513548,                697P   1018
0.87121622557729,0.,0.00153717756774,0.85365278582111,0.,0.,         697P   1019
0.83608934606494,0.,0.,0.81818181818182,0.,-1.5707963267949,0.,      697P   1020
0.,0.,1.;                                                            697P   1021
126,1,1,1,0,1,0,-0.0175,-0.0175,0.0175,0.0175,1.,1.,0.,              699P   1022
0.81818181818182,0.,0.,0.18181818181818,0.,-0.0175,0.0175,0.,0.,     699P   1023
1.;                                                                  699P   1024
126,16,2,1,0,1,0,-6.28318530717959,-6.28318530717959,                701P   1025
-6.28318530717959,-6.08683576633022,-6.08683576633022,               701P   1026
-5.89048622548086,-5.89048622548086,-5.6941366846315,                701P   1027
-5.6941366846315,-5.49778714378214,-5.49778714378214,                701P   1028
-5.30143760293278,-5.30143760293278,-5.10508806208341,               701P   1029
-5.10508806208341,-4.90873852123405,-4.90873852123405,               701P   1030
-4.71238898038469,-4.71238898038469,-4.71238898038469,1.,1.,1.,      701P   1031
1.,1.,1.,1.,1.,1.,1.,1.,1.,1.,1.,1.,1.,1.,0.,0.18181818181818,       701P   1032
0.,0.,0.16391065393506,0.,0.00153717756774,0.14634721417889,0.,      701P   1033
0.00307435513548,0.12878377442271,0.,0.0060896373991,                701P   1034
0.11223937593362,0.,0.00910491966271,0.09569497744453,0.,            701P   1035
0.0134824310158,0.08080541217825,0.,0.01785994236888,                701P   1036
0.06591584691198,0.,0.02343145750508,0.05325331251154,0.,            701P   1037
0.02900297264127,0.04059077811109,0.,0.03555438135843,               701P   1038
0.03064188867226,0.,0.04210579007559,0.02069299923343,0.,            701P   1039
0.04938532541079,0.01384008499795,0.,0.05666486074599,               701P   1040
0.00698717076246,0.,0.06439277423871,0.00349358538123,0.,            701P   1041
0.07212068773143,0.,0.,0.08,0.,0.,-6.28318530717959,                 701P   1042
-4.71238898038469,0.,0.,1.;                                          701P   1043
126,1,1,1,0,1,0,-0.0525,-0.0525,0.0525,0.0525,1.,1.,0.08,0.,0.,      703P   1044
0.92,0.,0.,-0.0525,0.0525,0.,0.,1.;                                  703P   1045
126,16,2,1,0,1,0,-4.71238898038469,-4.71238898038469,                705P   1046
-4.71238898038469,-4.51603943953533,-4.51603943953533,               705P   1047
-4.31968989868597,-4.31968989868597,-4.1233403578366,                705P   1048
-4.1233403578366,-3.92699081698724,-3.92699081698724,                705P   1049
-3.73064127613788,-3.73064127613788,-3.53429173528852,               705P   1050
-3.53429173528852,-3.33794219443916,-3.33794219443916,               705P   1051
-3.14159265358979,-3.14159265358979,-3.14159265358979,1.,1.,1.,      705P   1052
1.,1.,1.,1.,1.,1.,1.,1.,1.,1.,1.,1.,1.,1.,0.92,0.,0.,                705P   1053
0.92787931226857,0.,0.,0.93560722576129,0.00349358538123,0.,         705P   1054
0.94333513925401,0.00698717076246,0.,0.95061467458921,               705P   1055
0.01384008499795,0.,0.95789420992441,0.02069299923343,0.,            705P   1056
0.96444561864157,0.03064188867226,0.,0.97099702735873,               705P   1057
0.04059077811109,0.,0.97656854249492,0.05325331251154,0.,            705P   1058
0.98214005763112,0.06591584691198,0.,0.9865175689842,                705P   1059
0.08080541217825,0.,0.99089508033729,0.09569497744453,0.,            705P   1060
0.9939103626009,0.11223937593362,0.,0.99692564486452,                705P   1061
0.12878377442271,0.,0.99846282243226,0.14634721417889,0.,1.,         705P   1062
0.16391065393506,0.,1.,0.18181818181818,0.,-4.71238898038469,        705P   1063
-3.14159265358979,0.,0.,1.;                                          705P   1064
102,8,691,693,695,697,699,701,703,705;                               707P   1065
110,0.0625,0.075,0.0575,0.0625,0.075,0.0925;                         709P   1066
124,-1.,0.,0.,0.0525,-0.,0.,-1.,0.075,0.,-1.,0.,0.0925;              711P   1067
100,0.,0.,0.,-0.01,-0.,0.,-0.01;                                     713P   1068
110,0.0525,0.075,0.1025,-0.0525,0.075,0.1025;                        715P   1069
124,-1.,0.,0.,-0.0525,-0.,0.,-1.,0.075,0.,-1.,0.,0.0925;             717P   1070
100,0.,0.,0.,0.,-0.01,0.01,0.;                                       719P   1071
110,-0.0625,0.075,0.0925,-0.0625,0.075,0.0575;                       721P   1072
124,-1.,0.,0.,-0.0525,-0.,0.,-1.,0.075,0.,-1.,0.,0.0575;             723P   1073
100,0.,0.,0.,0.01,0.,-0.,0.01;                                       725P   1074
110,-0.0525,0.075,0.0475,0.0525,0.075,0.0475;                        727P   1075
124,-1.,0.,0.,0.0525,-0.,0.,-1.,0.075,0.,-1.,0.,0.0575;              729P   1076
100,0.,0.,0.,-0.,0.01,-0.01,-0.;                                     731P   1077
102,8,709,713,715,719,721,725,727,731;                               733P   1078
142,1,689,707,733,2;                                                 735P   1079
126,32,2,1,1,1,1,1.5707963267949,1.5707963267949,                    737P   1080
1.5707963267949,1.96349540849362,1.96349540849362,                   737P   1081
2.35619449019234,2.35619449019234,2.74889357189107,                  737P   1082
2.74889357189107,3.14159265358979,3.14159265358979,                  737P   1083
3.53429173528852,3.53429173528852,3.92699081698724,                  737P   1084
3.92699081698724,4.31968989868597,4.31968989868597,                  737P   1085
4.71238898038469,4.71238898038469,5.10508806208341,                  737P   1086
5.10508806208341,5.49778714378214,5.49778714378214,                  737P   1087
5.89048622548086,5.89048622548086,6.28318530717959,                  737P   1088
6.28318530717959,6.67588438887831,6.67588438887831,                  737P   1089
7.06858347057703,7.06858347057703,7.46128255227576,                  737P   1090
7.46128255227576,7.85398163397448,7.85398163397448,                  737P   1091
7.85398163397448,1.,1.,1.,1.,1.,1.,1.,1.,1.,1.,1.,1.,1.,1.,1.,       737P   1092
1.,1.,1.,1.,1.,1.,1.,1.,1.,1.,1.,1.,1.,1.,1.,1.,1.,1.,               737P   1093
0.94828427124746,0.15571756534668,0.,0.95162599901944,               737P   1094
0.15571756534668,0.,0.9547133529112,0.15281114749711,0.,             737P   1095
0.95780070680295,0.14990472964754,0.,0.9601636651714,                737P   1096
0.14453436971925,0.,0.96252662353984,0.13916400979097,0.,            737P   1097
0.96380544739365,0.13214729640062,0.,0.96508427124746,               737P   1098
0.12513058301026,0.,0.96508427124746,0.11753574716486,0.,            737P   1099
0.96508427124746,0.10994091131945,0.,0.96380544739365,               737P   1100
0.1029241979291,0.,0.96252662353984,0.09590748453875,0.,             737P   1101
0.9601636651714,0.09053712461046,0.,0.95780070680295,                737P   1102
0.08516676468218,0.,0.9547133529112,0.08226034683261,0.,             737P   1103
0.95162599901944,0.07935392898304,0.,0.94828427124746,               737P   1104
0.07935392898304,0.,0.94494254347548,0.07935392898304,0.,            737P   1105
0.94185518958373,0.08226034683261,0.,0.93876783569197,               737P   1106
0.08516676468218,0.,0.93640487732353,0.09053712461046,0.,            737P   1107
0.93404191895508,0.09590748453875,0.,0.93276309510127,               737P   1108
0.1029241979291,0.,0.93148427124746,0.10994091131945,0.,             737P   1109
0.93148427124746,0.11753574716486,0.,0.93148427124746,               737P   1110
0.12513058301026,0.,0.93276309510127,0.13214729640062,0.,            737P   1111
0.93404191895508,0.13916400979097,0.,0.93640487732353,               737P   1112
0.14453436971925,0.,0.93876783569197,0.14990472964754,0.,            737P   1113
0.94185518958373,0.15281114749711,0.,0.94494254347548,               737P   1114
0.15571756534668,0.,0.94828427124746,0.15571756534668,0.,            737P   1115
1.5707963267949,7.85398163397448,0.,0.,1.;                           737P   1116
102,1,737;                                                           739P   1117
124,-1.,0.,-0.,0.05603553390593,-0.,0.,1.,0.075,0.,1.,0.,            741P   1118
0.05396446609407;                                                    741P   1119
100,0.,0.,0.,0.,0.0021,0.,0.0021;                                    743P   1120
102,1,743;                                                           745P   1121
142,1,689,739,745,2;                                                 747P   1122
126,32,2,1,1,1,1,1.5707963267949,1.5707963267949,                    749P   1123
1.5707963267949,1.96349540849362,1.96349540849362,                   749P   1124
2.35619449019234,2.35619449019234,2.74889357189107,                  749P   1125
2.74889357189107,3.14159265358979,3.14159265358979,                  749P   1126
3.53429173528852,3.53429173528852,3.92699081698724,                  749P   1127
3.92699081698724,4.31968989868597,4.31968989868597,                  749P   1128
4.71238898038469,4.71238898038469,5.10508806208341,                  749P   1129
5.10508806208341,5.49778714378214,5.49778714378214,                  749P   1130
5.89048622548086,5.89048622548086,6.28318530717959,                  749P   1131
6.28318530717959,6.67588438887831,6.67588438887831,                  749P   1132
7.06858347057703,7.06858347057703,7.46128255227576,                  749P   1133
7.46128255227576,7.85398163397448,7.85398163397448,                  749P   1134
7.85398163397448,1.,1.,1.,1.,1.,1.,1.,1.,1.,1.,1.,1.,1.,1.,1.,       749P   1135
1.,1.,1.,1.,1.,1.,1.,1.,1.,1.,1.,1.,1.,1.,1.,1.,1.,1.,               749P   1136
0.05171572875254,0.92064607101696,0.,0.05505745652452,               749P   1137
0.92064607101696,0.,0.05814481041627,0.91773965316739,0.,            749P   1138
0.06123216430803,0.91483323531782,0.,0.06359512267647,               749P   1139
0.90946287538954,0.,0.06595808104492,0.90409251546125,0.,            749P   1140
0.06723690489873,0.8970758020709,0.,0.06851572875254,                749P   1141
0.89005908868055,0.,0.06851572875254,0.88246425283514,0.,            749P   1142
0.06851572875254,0.87486941698974,0.,0.06723690489873,               749P   1143
0.86785270359938,0.,0.06595808104492,0.86083599020903,0.,            749P   1144
0.06359512267647,0.85546563028075,0.,0.06123216430803,               749P   1145
0.85009527035246,0.,0.05814481041627,0.84718885250289,0.,            749P   1146
0.05505745652452,0.84428243465332,0.,0.05171572875254,               749P   1147
0.84428243465332,0.,0.04837400098056,0.84428243465332,0.,            749P   1148
0.0452866470888,0.84718885250289,0.,0.04219929319705,                749P   1149
0.85009527035246,0.,0.0398363348286,0.85546563028075,0.,             749P   1150
0.03747337646016,0.86083599020903,0.,0.03619455260635,               749P   1151
0.86785270359938,0.,0.03491572875254,0.87486941698974,0.,            749P   1152
0.03491572875254,0.88246425283514,0.,0.03491572875254,               749P   1153
0.89005908868055,0.,0.03619455260635,0.8970758020709,0.,             749P   1154
0.03747337646016,0.90409251546125,0.,0.0398363348286,                749P   1155
0.90946287538954,0.,0.04219929319705,0.91483323531782,0.,            749P   1156
0.0452866470888,0.91773965316739,0.,0.04837400098056,                749P   1157
0.92064607101696,0.,0.05171572875254,0.92064607101696,0.,            749P   1158
1.5707963267949,7.85398163397448,0.,0.,1.;                           749P   1159
102,1,749;                                                           751P   1160
124,-1.,0.,-0.,-0.05603553390593,-0.,0.,1.,0.075,0.,1.,0.,           753P   1161
0.09603553390593;                                                    753P   1162
100,0.,0.,0.,0.,0.0021,0.,0.0021;                                    755P   1163
102,1,755;                                                           757P   1164
142,1,689,751,757,2;                                                 759P   1165
126,32,2,1,1,1,1,1.5707963267949,1.5707963267949,                    761P   1166
1.5707963267949,1.96349540849362,1.96349540849362,                   761P   1167
2.35619449019234,2.35619449019234,2.74889357189107,                  761P   1168
2.74889357189107,3.14159265358979,3.14159265358979,                  761P   1169
3.53429173528852,3.53429173528852,3.92699081698724,                  761P   1170
3.92699081698724,4.31968989868597,4.31968989868597,                  761P   1171
4.71238898038469,4.71238898038469,5.10508806208341,                  761P   1172
5.10508806208341,5.49778714378214,5.49778714378214,                  761P   1173
5.89048622548086,5.89048622548086,6.28318530717959,                  761P   1174
6.28318530717959,6.67588438887831,6.67588438887831,                  761P   1175
7.06858347057703,7.06858347057703,7.46128255227576,                  761P   1176
7.46128255227576,7.85398163397448,7.85398163397448,                  761P   1177
7.85398163397448,1.,1.,1.,1.,1.,1.,1.,1.,1.,1.,1.,1.,1.,1.,1.,       761P   1178
1.,1.,1.,1.,1.,1.,1.,1.,1.,1.,1.,1.,1.,1.,1.,1.,1.,1.,               761P   1179
0.05171572875254,0.15571756534668,0.,0.05505745652452,               761P   1180
0.15571756534668,0.,0.05814481041627,0.15281114749711,0.,            761P   1181
0.06123216430803,0.14990472964754,0.,0.06359512267647,               761P   1182
0.14453436971926,0.,0.06595808104492,0.13916400979097,0.,            761P   1183
0.06723690489873,0.13214729640062,0.,0.06851572875254,               761P   1184
0.12513058301027,0.,0.06851572875254,0.11753574716486,0.,            761P   1185
0.06851572875254,0.10994091131945,0.,0.06723690489873,               761P   1186
0.1029241979291,0.,0.06595808104492,0.09590748453875,0.,             761P   1187
0.06359512267647,0.09053712461046,0.,0.06123216430803,               761P   1188
0.08516676468218,0.,0.05814481041627,0.08226034683261,0.,            761P   1189
0.05505745652452,0.07935392898304,0.,0.05171572875254,               761P   1190
0.07935392898304,0.,0.04837400098056,0.07935392898304,0.,            761P   1191
0.0452866470888,0.08226034683261,0.,0.04219929319705,                761P   1192
0.08516676468218,0.,0.0398363348286,0.09053712461046,0.,             761P   1193
0.03747337646016,0.09590748453875,0.,0.03619455260635,               761P   1194
0.1029241979291,0.,0.03491572875254,0.10994091131945,0.,             761P   1195
0.03491572875254,0.11753574716486,0.,0.03491572875254,               761P   1196
0.12513058301027,0.,0.03619455260635,0.13214729640062,0.,            761P   1197
0.03747337646016,0.13916400979097,0.,0.0398363348286,                761P   1198
0.14453436971926,0.,0.04219929319705,0.14990472964754,0.,            761P   1199
0.0452866470888,0.15281114749711,0.,0.04837400098056,                761P   1200
0.15571756534668,0.,0.05171572875254,0.15571756534668,0.,            761P   1201
1.5707963267949,7.85398163397448,0.,0.,1.;                           761P   1202
102,1,761;                                                           763P   1203
124,-1.,0.,-0.,-0.05603553390593,-0.,0.,1.,0.075,0.,1.,0.,           765P   1204
0.05396446609407;                                                    765P   1205
100,0.,0.,0.,0.,0.0021,0.,0.0021;                                    767P   1206
102,1,767;                                                           769P   1207
142,1,689,763,769,2;                                                 771P   1208
126,32,2,1,1,1,1,1.5707963267949,1.5707963267949,                    773P   1209
1.5707963267949,1.96349540849362,1.96349540849362,                   773P   1210
2.35619449019234,2.35619449019234,2.74889357189107,                  773P   1211
2.74889357189107,3.14159265358979,3.14159265358979,                  773P   1212
3.53429173528852,3.53429173528852,3.92699081698724,                  773P   1213
3.92699081698724,4.31968989868597,4.31968989868597,                  773P   1214
4.71238898038469,4.71238898038469,5.10508806208341,                  773P   1215
5.10508806208341,5.49778714378214,5.49778714378214,                  773P   1216
5.89048622548086,5.89048622548086,6.28318530717959,                  773P   1217
6.28318530717959,6.67588438887831,6.67588438887831,                  773P   1218
7.06858347057703,7.06858347057703,7.46128255227576,                  773P   1219
7.46128255227576,7.85398163397448,7.85398163397448,                  773P   1220
7.85398163397448,1.,1.,1.,1.,1.,1.,1.,1.,1.,1.,1.,1.,1.,1.,1.,       773P   1221
1.,1.,1.,1.,1.,1.,1.,1.,1.,1.,1.,1.,1.,1.,1.,1.,1.,1.,               773P   1222
0.94828427124746,0.92064607101696,0.,0.95162599901944,               773P   1223
0.92064607101696,0.,0.9547133529112,0.91773965316739,0.,             773P   1224
0.95780070680295,0.91483323531782,0.,0.9601636651714,                773P   1225
0.90946287538954,0.,0.96252662353984,0.90409251546125,0.,            773P   1226
0.96380544739365,0.8970758020709,0.,0.96508427124746,                773P   1227
0.89005908868055,0.,0.96508427124746,0.88246425283514,0.,            773P   1228
0.96508427124746,0.87486941698974,0.,0.96380544739365,               773P   1229
0.86785270359938,0.,0.96252662353984,0.86083599020903,0.,            773P   1230
0.9601636651714,0.85546563028075,0.,0.95780070680295,                773P   1231
0.85009527035246,0.,0.9547133529112,0.84718885250289,0.,             773P   1232
0.95162599901944,0.84428243465332,0.,0.94828427124746,               773P   1233
0.84428243465332,0.,0.94494254347548,0.84428243465332,0.,            773P   1234
0.94185518958373,0.84718885250289,0.,0.93876783569197,               773P   1235
0.85009527035246,0.,0.93640487732353,0.85546563028075,0.,            773P   1236
0.93404191895508,0.86083599020903,0.,0.93276309510127,               773P   1237
0.86785270359938,0.,0.93148427124746,0.87486941698974,0.,            773P   1238
0.93148427124746,0.88246425283514,0.,0.93148427124746,               773P   1239
0.89005908868055,0.,0.93276309510127,0.8970758020709,0.,             773P   1240
0.93404191895508,0.90409251546125,0.,0.93640487732353,               773P   1241
0.90946287538954,0.,0.93876783569197,0.91483323531782,0.,            773P   1242
0.94185518958373,0.91773965316739,0.,0.94494254347548,               773P   1243
0.92064607101696,0.,0.94828427124746,0.92064607101696,0.,            773P   1244
1.5707963267949,7.85398163397448,0.,0.,1.;                           773P   1245
102,1,773;                                                           775P   1246
124,-1.,0.,-0.,0.05603553390593,-0.,0.,1.,0.075,0.,1.,0.,            777P   1247
0.09603553390593;                                                    777P   1248
100,0.,0.,0.,0.,0.0021,0.,0.0021;                                    779P   1249
102,1,779;                                                           781P   1250
142,1,689,775,781,2;                                                 783P   1251
126,1,1,1,0,1,0,-0.005,-0.005,0.015,0.015,1.,1.,0.0632,              785P   1252
0.31818181818182,0.,0.0632,0.68181818181818,0.,-0.005,0.015,0.,      785P   1253
0.,1.;                                                               785P   1254
126,16,2,1,0,1,0,0.,0.,0.,0.19634954084936,0.19634954084936,         787P   1255
0.39269908169872,0.39269908169872,0.58904862254809,                  787P   1256
0.58904862254809,0.78539816339745,0.78539816339745,                  787P   1257
0.98174770424681,0.98174770424681,1.17809724509617,                  787P   1258
1.17809724509617,1.37444678594553,1.37444678594553,                  787P   1259
1.5707963267949,1.5707963267949,1.5707963267949,1.,1.,1.,1.,1.,      787P   1260
1.,1.,1.,1.,1.,1.,1.,1.,1.,1.,1.,1.,0.0632,0.68181818181818,0.,      787P   1261
0.0632,0.69900940858598,0.,0.06467569046503,0.71587031075191,0.,     787P   1262
0.06615138093006,0.73273121291783,0.,0.06904605190313,               787P   1263
0.74861383546736,0.,0.0719407228762,0.76449645801689,0.,             787P   1264
0.07614313377516,0.77879044067251,0.,0.08034554467413,               787P   1265
0.79308442332814,0.,0.08569419920487,0.80524045635256,0.,            787P   1266
0.09104285373562,0.81739648937699,0.,0.09733220610409,               787P   1267
0.82694742323826,0.,0.10362155847257,0.83649835709954,0.,            787P   1268
0.11060991239436,0.84307715476561,0.,0.11759826631615,               787P   1269
0.84965595243167,0.,0.12501706326916,0.85300979439765,0.,            787P   1270
0.13243586022217,0.85636363636364,0.,0.14,0.85636363636364,0.,       787P   1271
0.,1.5707963267949,0.,0.,1.;                                         787P   1272
126,1,1,1,0,1,0,-0.0675,-0.0675,0.0225,0.0225,1.,1.,0.14,            789P   1273
0.85636363636364,0.,0.86,0.85636363636364,0.,-0.0675,0.0225,0.,      789P   1274
0.,1.;                                                               789P   1275
126,16,2,1,0,1,0,1.5707963267949,1.5707963267949,                    791P   1276
1.5707963267949,1.76714586764426,1.76714586764426,                   791P   1277
1.96349540849362,1.96349540849362,2.15984494934298,                  791P   1278
2.15984494934298,2.35619449019234,2.35619449019234,                  791P   1279
2.55254403104171,2.55254403104171,2.74889357189107,                  791P   1280
2.74889357189107,2.94524311274043,2.94524311274043,                  791P   1281
3.14159265358979,3.14159265358979,3.14159265358979,1.,1.,1.,1.,      791P   1282
1.,1.,1.,1.,1.,1.,1.,1.,1.,1.,1.,1.,1.,0.86,0.85636363636364,0.,     791P   1283
0.86756413977783,0.85636363636364,0.,0.87498293673084,               791P   1284
0.85300979439765,0.,0.88240173368385,0.84965595243167,0.,            791P   1285
0.88939008760564,0.84307715476561,0.,0.89637844152743,               791P   1286
0.83649835709954,0.,0.90266779389591,0.82694742323826,0.,            791P   1287
0.90895714626438,0.81739648937699,0.,0.91430580079513,               791P   1288
0.80524045635256,0.,0.91965445532587,0.79308442332814,0.,            791P   1289
0.92385686622484,0.77879044067251,0.,0.9280592771238,                791P   1290
0.76449645801689,0.,0.93095394809687,0.74861383546736,0.,            791P   1291
0.93384861906994,0.73273121291783,0.,0.93532430953497,               791P   1292
0.71587031075191,0.,0.9368,0.69900940858598,0.,0.9368,               791P   1293
0.68181818181818,0.,1.5707963267949,3.14159265358979,0.,0.,1.;       791P   1294
126,1,1,1,0,1,0,-0.01,-0.01,0.01,0.01,1.,1.,0.9368,                  793P   1295
0.68181818181818,0.,0.9368,0.31818181818182,0.,-0.01,0.01,0.,0.,     793P   1296
1.;                                                                  793P   1297
126,16,2,1,0,1,0,3.14159265358979,3.14159265358979,                  795P   1298
3.14159265358979,3.33794219443916,3.33794219443916,                  795P   1299
3.53429173528852,3.53429173528852,3.73064127613788,                  795P   1300
3.73064127613788,3.92699081698724,3.92699081698724,                  795P   1301
4.1233403578366,4.1233403578366,4.31968989868597,                    795P   1302
4.31968989868597,4.51603943953533,4.51603943953533,                  795P   1303
4.71238898038469,4.71238898038469,4.71238898038469,1.,1.,1.,1.,      795P   1304
1.,1.,1.,1.,1.,1.,1.,1.,1.,1.,1.,1.,1.,0.9368,0.31818181818182,      795P   1305
0.,0.9368,0.30099059141402,0.,0.93532430953497,0.28412968924809,     795P   1306
0.,0.93384861906994,0.26726878708217,0.,0.93095394809687,            795P   1307
0.25138616453264,0.,0.9280592771238,0.23550354198311,0.,             795P   1308
0.92385686622484,0.22120955932749,0.,0.91965445532587,               795P   1309
0.20691557667186,0.,0.91430580079513,0.19475954364744,0.,            795P   1310
0.90895714626438,0.18260351062301,0.,0.90266779389591,               795P   1311
0.17305257676174,0.,0.89637844152743,0.16350164290046,0.,            795P   1312
0.88939008760564,0.15692284523439,0.,0.88240173368385,               795P   1313
0.15034404756833,0.,0.87498293673084,0.14699020560235,0.,            795P   1314
0.86756413977783,0.14363636363636,0.,0.86,0.14363636363636,0.,       795P   1315
3.14159265358979,4.71238898038469,0.,0.,1.;                          795P   1316
126,1,1,1,0,1,0,-0.045,-0.045,0.045,0.045,1.,1.,0.86,                797P   1317
0.14363636363636,0.,0.14,0.14363636363636,0.,-0.045,0.045,0.,0.,     797P   1318
1.;                                                                  797P   1319
126,16,2,1,0,1,0,4.71238898038469,4.71238898038469,                  799P   1320
4.71238898038469,4.90873852123405,4.90873852123405,                  799P   1321
5.10508806208341,5.10508806208341,5.30143760293278,                  799P   1322
5.30143760293278,5.49778714378214,5.49778714378214,                  799P   1323
5.6941366846315,5.6941366846315,5.89048622548086,                    799P   1324
5.89048622548086,6.08683576633022,6.08683576633022,                  799P   1325
6.28318530717959,6.28318530717959,6.28318530717959,1.,1.,1.,1.,      799P   1326
1.,1.,1.,1.,1.,1.,1.,1.,1.,1.,1.,1.,1.,0.14,0.14363636363636,0.,     799P   1327
0.13243586022217,0.14363636363636,0.,0.12501706326916,               799P   1328
0.14699020560235,0.,0.11759826631615,0.15034404756833,0.,            799P   1329
0.11060991239436,0.15692284523439,0.,0.10362155847257,               799P   1330
0.16350164290046,0.,0.09733220610409,0.17305257676174,0.,            799P   1331
0.09104285373562,0.18260351062301,0.,0.08569419920487,               799P   1332
0.19475954364744,0.,0.08034554467413,0.20691557667186,0.,            799P   1333
0.07614313377516,0.22120955932749,0.,0.0719407228762,                799P   1334
0.23550354198311,0.,0.06904605190313,0.25138616453264,0.,            799P   1335
0.06615138093006,0.26726878708217,0.,0.06467569046503,               799P   1336
0.28412968924809,0.,0.0632,0.30099059141402,0.,0.0632,               799P   1337
0.31818181818182,0.,4.71238898038469,6.28318530717959,0.,0.,1.;      799P   1338
102,8,785,787,789,791,793,795,797,799;                               801P   1339
110,-0.0546,0.075,0.065,-0.0546,0.075,0.085;                         803P   1340
124,-1.,0.,-0.,-0.045,-0.,0.,1.,0.075,0.,1.,0.,0.085;                805P   1341
100,0.,0.,0.,0.0096,0.,0.,0.0096;                                    807P   1342
110,-0.045,0.075,0.0946,0.045,0.075,0.0946;                          809P   1343
124,-1.,0.,-0.,0.045,-0.,0.,1.,0.075,0.,1.,0.,0.085;                 811P   1344
100,0.,0.,0.,0.,0.0096,-0.0096,0.;                                   813P   1345
110,0.0546,0.075,0.085,0.0546,0.075,0.065;                           815P   1346
124,-1.,0.,-0.,0.045,-0.,0.,1.,0.075,0.,1.,0.,0.065;                 817P   1347
100,0.,0.,0.,-0.0096,0.,-0.,-0.0096;                                 819P   1348
110,0.045,0.075,0.0554,-0.045,0.075,0.0554;                          821P   1349
124,-1.,0.,-0.,-0.045,-0.,0.,1.,0.075,0.,1.,0.,0.065;                823P   1350
100,0.,0.,0.,-0.,-0.0096,0.0096,-0.;                                 825P   1351
102,8,803,807,809,813,815,819,821,825;                               827P   1352
142,1,689,801,827,2;                                                 829P   1353
144,689,1,5,735,747,759,771,783,829;                                 831P   1354
314,64.70588445663452,64.70588445663452,64.70588445663452,10HMix     833P   1355
edColor;                                                             833P   1356
110,0.0625,0.075,0.0575,0.0625,0.077,0.0575;                         835P   1357
122,835,0.0625,0.075,0.0925;                                         837P   1358
126,1,1,1,0,1,0,-0.0175,-0.0175,0.0175,0.0175,1.,1.,0.,1.,0.,0.,     839P   1359
-0.,0.,-0.0175,0.0175,0.,0.,1.;                                      839P   1360
126,1,1,1,0,1,0,-0.002,-0.002,0.,0.,1.,1.,0.,-0.,0.,1.,-0.,0.,       841P   1361
-0.002,0.,0.,0.,1.;                                                  841P   1362
126,1,1,1,0,1,0,-0.0175,-0.0175,0.0175,0.0175,1.,1.,1.,-0.,0.,       843P   1363
1.,1.,0.,-0.0175,0.0175,0.,0.,1.;                                    843P   1364
126,1,1,1,0,1,0,0.,0.,0.002,0.002,1.,1.,1.,1.,0.,0.,1.,0.,0.,        845P   1365
0.002,0.,0.,1.;                                                      845P   1366
102,4,839,841,843,845;                                               847P   1367
110,0.0625,0.075,0.0925,0.0625,0.075,0.0575;                         849P   1368
110,0.0625,0.075,0.0575,0.0625,0.077,0.0575;                         851P   1369
110,0.0625,0.077,0.0575,0.0625,0.077,0.0925;                         853P   1370
110,0.0625,0.077,0.0925,0.0625,0.075,0.0925;                         855P   1371
102,4,849,851,853,855;                                               857P   1372
142,1,837,847,857,2;                                                 859P   1373
144,837,1,0,859;                                                     861P   1374
314,64.70588445663452,64.70588445663452,64.70588445663452,10HMix     863P   1375
edColor;                                                             863P   1376
110,0.0525,0.077,0.0575,0.0525,-0.923,0.0575;                        865P   1377
110,0.0625,0.075,0.0575,0.0625,0.077,0.0575;                         867P   1378
120,865,867,0.,6.28318530717959;                                     869P   1379
126,1,1,1,0,1,0,3.14159265358979,3.14159265358979,                   871P   1380
4.71238898038469,4.71238898038469,1.,1.,0.,6.28318530717959,0.,      871P   1381
0.,4.71238898038469,0.,3.14159265358979,4.71238898038469,0.,0.,      871P   1382
1.;                                                                  871P   1383
126,1,1,1,0,1,0,-0.002,-0.002,0.,0.,1.,1.,0.,4.71238898038469,       873P   1384
0.,1.,4.71238898038469,0.,-0.002,0.,0.,0.,1.;                        873P   1385
126,1,1,1,0,1,0,-4.71238898038469,-4.71238898038469,                 875P   1386
-3.14159265358979,-3.14159265358979,1.,1.,1.,4.71238898038469,       875P   1387
0.,1.,6.28318530717959,0.,-4.71238898038469,-3.14159265358979,       875P   1388
0.,0.,1.;                                                            875P   1389
126,1,1,1,0,1,0,0.,0.,0.002,0.002,1.,1.,1.,6.28318530717959,0.,      877P   1390
0.,6.28318530717959,0.,0.,0.002,0.,0.,1.;                            877P   1391
102,4,871,873,875,877;                                               879P   1392
124,-1.,0.,-0.,0.0525,-0.,0.,1.,0.075,0.,1.,0.,0.0575;               881P   1393
100,0.,0.,0.,-0.01,0.,-0.,-0.01;                                     883P   1394
110,0.0525,0.075,0.0475,0.0525,0.077,0.0475;                         885P   1395
124,-1.,0.,0.,0.0525,-0.,0.,-1.,0.077,0.,-1.,0.,0.0575;              887P   1396
100,0.,0.,0.,-0.,0.01,-0.01,-0.;                                     889P   1397
110,0.0625,0.077,0.0575,0.0625,0.075,0.0575;                         891P   1398
102,4,883,885,889,891;                                               893P   1399
142,1,869,879,893,2;                                                 895P   1400
144,869,1,0,895;                                                     897P   1401
314,64.70588445663452,64.70588445663452,64.70588445663452,10HMix     899P   1402
edColor;                                                             899P   1403
110,0.0525,0.075,0.0475,-0.0525,0.075,0.0475;                        901P   1404
122,901,0.0525,0.077,0.0475;                                         903P   1405
126,1,1,1,0,1,0,-0.0525,-0.0525,0.0525,0.0525,1.,1.,0.,0.,0.,1.,     905P   1406
0.,0.,-0.0525,0.0525,0.,0.,1.;                                       905P   1407
126,1,1,1,0,1,0,-0.002,-0.002,0.,0.,1.,1.,1.,0.,0.,1.,1.,0.,         907P   1408
-0.002,0.,0.,0.,1.;                                                  907P   1409
126,1,1,1,0,1,0,-0.0525,-0.0525,0.0525,0.0525,1.,1.,1.,1.,0.,0.,     909P   1410
1.,0.,-0.0525,0.0525,0.,0.,1.;                                       909P   1411
126,1,1,1,0,1,0,0.,0.,0.002,0.002,1.,1.,0.,1.,0.,0.,0.,0.,0.,        911P   1412
0.002,0.,0.,1.;                                                      911P   1413
102,4,905,907,909,911;                                               913P   1414
110,0.0525,0.075,0.0475,-0.0525,0.075,0.0475;                        915P   1415
110,-0.0525,0.075,0.0475,-0.0525,0.077,0.0475;                       917P   1416
110,-0.0525,0.077,0.0475,0.0525,0.077,0.0475;                        919P   1417
110,0.0525,0.077,0.0475,0.0525,0.075,0.0475;                         921P   1418
102,4,915,917,919,921;                                               923P   1419
142,1,903,913,923,2;                                                 925P   1420
144,903,1,0,925;                                                     927P   1421
314,64.70588445663452,64.70588445663452,64.70588445663452,10HMix     929P   1422
edColor;                                                             929P   1423
110,-0.0525,0.077,0.0575,-0.0525,-0.923,0.0575;                      931P   1424
110,-0.0425,0.075,0.0575,-0.0425,0.077,0.0575;                       933P   1425
120,931,933,0.,6.28318530717959;                                     935P   1426
126,1,1,1,0,1,0,4.71238898038469,4.71238898038469,                   937P   1427
6.28318530717959,6.28318530717959,1.,1.,0.,4.71238898038469,0.,      937P   1428
0.,3.14159265358979,0.,4.71238898038469,6.28318530717959,0.,0.,      937P   1429
1.;                                                                  937P   1430
126,1,1,1,0,1,0,-0.002,-0.002,0.,0.,1.,1.,0.,3.14159265358979,       939P   1431
0.,1.,3.14159265358979,0.,-0.002,0.,0.,0.,1.;                        939P   1432
126,1,1,1,0,1,0,-6.28318530717959,-6.28318530717959,                 941P   1433
-4.71238898038469,-4.71238898038469,1.,1.,1.,3.14159265358979,       941P   1434
0.,1.,4.71238898038469,0.,-6.28318530717959,-4.71238898038469,       941P   1435
0.,0.,1.;                                                            941P   1436
126,1,1,1,0,1,0,0.,0.,0.002,0.002,1.,1.,1.,4.71238898038469,0.,      943P   1437
0.,4.71238898038469,0.,0.,0.002,0.,0.,1.;                            943P   1438
102,4,937,939,941,943;                                               945P   1439
124,-1.,0.,-0.,-0.0525,-0.,0.,1.,0.075,0.,1.,0.,0.0575;              947P   1440
100,0.,0.,0.,-0.,-0.01,0.01,-0.;                                     949P   1441
110,-0.0625,0.075,0.0575,-0.0625,0.077,0.0575;                       951P   1442
124,-1.,0.,0.,-0.0525,-0.,0.,-1.,0.077,0.,-1.,0.,0.0575;             953P   1443
100,0.,0.,0.,0.01,0.,-0.,0.01;                                       955P   1444
110,-0.0525,0.077,0.0475,-0.0525,0.075,0.0475;                       957P   1445
102,4,949,951,955,957;                                               959P   1446
142,1,935,945,959,2;                                                 961P   1447
144,935,1,0,961;                                                     963P   1448
314,64.70588445663452,64.70588445663452,64.70588445663452,10HMix     965P   1449
edColor;                                                             965P   1450
110,-0.0625,0.077,0.0575,-0.0625,0.075,0.0575;                       967P   1451
122,967,-0.0625,0.077,0.0925;                                        969P   1452
126,1,1,1,0,1,0,-0.0175,-0.0175,0.0175,0.0175,1.,1.,1.,-0.,0.,       971P   1453
1.,1.,0.,-0.0175,0.0175,0.,0.,1.;                                    971P   1454
126,1,1,1,0,1,0,-0.002,-0.002,0.,0.,1.,1.,1.,1.,0.,0.,1.,0.,         973P   1455
-0.002,0.,0.,0.,1.;                                                  973P   1456
126,1,1,1,0,1,0,-0.0175,-0.0175,0.0175,0.0175,1.,1.,0.,1.,0.,0.,     975P   1457
-0.,0.,-0.0175,0.0175,0.,0.,1.;                                      975P   1458
126,1,1,1,0,1,0,0.,0.,0.002,0.002,1.,1.,0.,-0.,0.,1.,-0.,0.,0.,      977P   1459
0.002,0.,0.,1.;                                                      977P   1460
102,4,971,973,975,977;                                               979P   1461
110,-0.0625,0.075,0.0575,-0.0625,0.075,0.0925;                       981P   1462
110,-0.0625,0.075,0.0925,-0.0625,0.077,0.0925;                       983P   1463
110,-0.0625,0.077,0.0925,-0.0625,0.077,0.0575;                       985P   1464
110,-0.0625,0.077,0.0575,-0.0625,0.075,0.0575;                       987P   1465
102,4,981,983,985,987;                                               989P   1466
142,1,969,979,989,2;                                                 991P   1467
144,969,1,0,991;                                                     993P   1468
314,64.70588445663452,64.70588445663452,64.70588445663452,10HMix     995P   1469
edColor;                                                             995P   1470
110,-0.0525,0.077,0.0925,-0.0525,-0.923,0.0925;                      997P   1471
110,-0.0425,0.075,0.0925,-0.0425,0.077,0.0925;                       999P   1472
120,997,999,0.,6.28318530717959;                                    1001P   1473
126,1,1,1,0,1,0,0.,0.,1.5707963267949,1.5707963267949,1.,1.,-0.,    1003P   1474
3.14159265358979,0.,-0.,1.5707963267949,0.,0.,1.5707963267949,      1003P   1475
0.,0.,1.;                                                           1003P   1476
126,1,1,1,0,1,0,-0.002,-0.002,0.,0.,1.,1.,-0.,1.5707963267949,      1005P   1477
0.,1.,1.5707963267949,0.,-0.002,0.,0.,0.,1.;                        1005P   1478
126,1,1,1,0,1,0,-1.5707963267949,-1.5707963267949,0.,0.,1.,1.,      1007P   1479
1.,1.5707963267949,0.,1.,3.14159265358979,0.,-1.5707963267949,      1007P   1480
0.,0.,0.,1.;                                                        1007P   1481
126,1,1,1,0,1,0,0.,0.,0.002,0.002,1.,1.,1.,3.14159265358979,0.,     1009P   1482
-0.,3.14159265358979,0.,0.,0.002,0.,0.,1.;                          1009P   1483
102,4,1003,1005,1007,1009;                                          1011P   1484
124,-1.,0.,-0.,-0.0525,-0.,0.,1.,0.075,0.,1.,0.,0.0925;             1013P   1485
100,0.,0.,0.,0.01,0.,0.,0.01;                                       1015P   1486
110,-0.0525,0.075,0.1025,-0.0525,0.077,0.1025;                      1017P   1487
124,-1.,0.,0.,-0.0525,-0.,0.,-1.,0.077,0.,-1.,0.,0.0925;            1019P   1488
100,0.,0.,0.,0.,-0.01,0.01,0.;                                      1021P   1489
110,-0.0625,0.077,0.0925,-0.0625,0.075,0.0925;                      1023P   1490
102,4,1015,1017,1021,1023;                                          1025P   1491
142,1,1001,1011,1025,2;                                             1027P   1492
144,1001,1,0,1027;                                                  1029P   1493
314,64.70588445663452,64.70588445663452,64.70588445663452,10HMix    1031P   1494
edColor;                                                            1031P   1495
110,-0.0525,0.075,0.1025,0.0525,0.075,0.1025;                       1033P   1496
122,1033,-0.0525,0.077,0.1025;                                      1035P   1497
126,1,1,1,0,1,0,-0.0525,-0.0525,0.0525,0.0525,1.,1.,0.,0.,0.,1.,    1037P   1498
0.,0.,-0.0525,0.0525,0.,0.,1.;                                      1037P   1499
126,1,1,1,0,1,0,-0.002,-0.002,0.,0.,1.,1.,1.,0.,0.,1.,1.,0.,        1039P   1500
-0.002,0.,0.,0.,1.;                                                 1039P   1501
126,1,1,1,0,1,0,-0.0525,-0.0525,0.0525,0.0525,1.,1.,1.,1.,0.,0.,    1041P   1502
1.,0.,-0.0525,0.0525,0.,0.,1.;                                      1041P   1503
126,1,1,1,0,1,0,0.,0.,0.002,0.002,1.,1.,0.,1.,0.,0.,0.,0.,0.,       1043P   1504
0.002,0.,0.,1.;                                                     1043P   1505
102,4,1037,1039,1041,1043;                                          1045P   1506
110,-0.0525,0.075,0.1025,0.0525,0.075,0.1025;                       1047P   1507
110,0.0525,0.075,0.1025,0.0525,0.077,0.1025;                        1049P   1508
110,0.0525,0.077,0.1025,-0.0525,0.077,0.1025;                       1051P   1509
110,-0.0525,0.077,0.1025,-0.0525,0.075,0.1025;                      1053P   1510
102,4,1047,1049,1051,1053;                                          1055P   1511
142,1,1035,1045,1055,2;                                             1057P   1512
144,1035,1,0,1057;                                                  1059P   1513
314,64.70588445663452,64.70588445663452,64.70588445663452,10HMix    1061P   1514
edColor;                                                            1061P   1515
110,0.0525,0.077,0.0925,0.0525,-0.923,0.0925;                       1063P   1516
110,0.0625,0.075,0.0925,0.0625,0.077,0.0925;                        1065P   1517
120,1063,1065,0.,6.28318530717959;                                  1067P   1518
126,1,1,1,0,1,0,1.5707963267949,1.5707963267949,                    1069P   1519
3.14159265358979,3.14159265358979,1.,1.,-0.,1.5707963267949,0.,     1069P   1520
-0.,0.,0.,1.5707963267949,3.14159265358979,0.,0.,1.;                1069P   1521
126,1,1,1,0,1,0,-0.002,-0.002,0.,0.,1.,1.,-0.,0.,0.,1.,0.,0.,       1071P   1522
-0.002,0.,0.,0.,1.;                                                 1071P   1523
126,1,1,1,0,1,0,-3.14159265358979,-3.14159265358979,                1073P   1524
-1.5707963267949,-1.5707963267949,1.,1.,1.,0.,0.,1.,                1073P   1525
1.5707963267949,0.,-3.14159265358979,-1.5707963267949,0.,0.,1.;     1073P   1526
126,1,1,1,0,1,0,0.,0.,0.002,0.002,1.,1.,1.,1.5707963267949,0.,      1075P   1527
-0.,1.5707963267949,0.,0.,0.002,0.,0.,1.;                           1075P   1528
102,4,1069,1071,1073,1075;                                          1077P   1529
124,-1.,0.,-0.,0.0525,-0.,0.,1.,0.075,0.,1.,0.,0.0925;              1079P   1530
100,0.,0.,0.,0.,0.01,-0.01,0.;                                      1081P   1531
110,0.0625,0.075,0.0925,0.0625,0.077,0.0925;                        1083P   1532
124,-1.,0.,0.,0.0525,-0.,0.,-1.,0.077,0.,-1.,0.,0.0925;             1085P   1533
100,0.,0.,0.,-0.01,-0.,0.,-0.01;                                    1087P   1534
110,0.0525,0.077,0.1025,0.0525,0.075,0.1025;                        1089P   1535
102,4,1081,1083,1087,1089;                                          1091P   1536
142,1,1067,1077,1091,2;                                             1093P   1537
144,1067,1,0,1093;                                                  1095P   1538
314,64.70588445663452,64.70588445663452,64.70588445663452,10HMix    1097P   1539
edColor;                                                            1097P   1540
110,-0.00865,0.065,0.0635,0.00865,0.065,0.0635;                     1099P   1541
122,1099,-0.00865,0.077,0.0635;                                     1101P   1542
126,1,1,1,0,1,0,-0.00865,-0.00865,0.00865,0.00865,1.,1.,0.,0.,      1103P   1543
0.,1.,0.,0.,-0.00865,0.00865,0.,0.,1.;                              1103P   1544
126,1,1,1,0,1,0,0.013,0.013,0.025,0.025,1.,1.,1.,0.,0.,1.,1.,0.,    1105P   1545
0.013,0.025,0.,0.,1.;                                               1105P   1546
126,1,1,1,0,1,0,-0.00865,-0.00865,0.00865,0.00865,1.,1.,1.,1.,      1107P   1547
0.,0.,1.,0.,-0.00865,0.00865,0.,0.,1.;                              1107P   1548
126,1,1,1,0,1,0,-0.025,-0.025,-0.013,-0.013,1.,1.,0.,1.,0.,0.,      1109P   1549
0.,0.,-0.025,-0.013,0.,0.,1.;                                       1109P   1550
102,4,1103,1105,1107,1109;                                          1111P   1551
110,-0.00865,0.065,0.0635,0.00865,0.065,0.0635;                     1113P   1552
110,0.00865,0.065,0.0635,0.00865,0.077,0.0635;                      1115P   1553
110,0.00865,0.077,0.0635,-0.00865,0.077,0.0635;                     1117P   1554
110,-0.00865,0.077,0.0635,-0.00865,0.065,0.0635;                    1119P   1555
102,4,1113,1115,1117,1119;                                          1121P   1556
142,1,1101,1111,1121,2;                                             1123P   1557
144,1101,1,0,1123;                                                  1125P   1558
314,64.70588445663452,64.70588445663452,64.70588445663452,10HMix    1127P   1559
edColor;                                                            1127P   1560
110,-0.00865,0.065,0.078,-0.00865,0.077,0.078;                      1129P   1561
122,1129,-0.00865,0.065,0.0865;                                     1131P   1562
126,1,1,1,0,1,0,-0.0115,-0.0115,-0.003,-0.003,1.,1.,-0.,1.,0.,      1133P   1563
-0.,0.,0.,-0.0115,-0.003,0.,0.,1.;                                  1133P   1564
126,1,1,1,0,1,0,0.013,0.013,0.025,0.025,1.,1.,-0.,0.,0.,1.,0.,      1135P   1565
0.,0.013,0.025,0.,0.,1.;                                            1135P   1566
126,1,1,1,0,1,0,0.003,0.003,0.0115,0.0115,1.,1.,1.,0.,0.,1.,1.,     1137P   1567
0.,0.003,0.0115,0.,0.,1.;                                           1137P   1568
126,1,1,1,0,1,0,-0.025,-0.025,-0.013,-0.013,1.,1.,1.,1.,0.,-0.,     1139P   1569
1.,0.,-0.025,-0.013,0.,0.,1.;                                       1139P   1570
102,4,1133,1135,1137,1139;                                          1141P   1571
110,-0.00865,0.065,0.0865,-0.00865,0.065,0.078;                     1143P   1572
110,-0.00865,0.065,0.078,-0.00865,0.077,0.078;                      1145P   1573
110,-0.00865,0.077,0.078,-0.00865,0.077,0.0865;                     1147P   1574
110,-0.00865,0.077,0.0865,-0.00865,0.065,0.0865;                    1149P   1575
102,4,1143,1145,1147,1149;                                          1151P   1576
142,1,1131,1141,1151,2;                                             1153P   1577
144,1131,1,0,1153;                                                  1155P   1578
314,64.70588445663452,64.70588445663452,64.70588445663452,10HMix    1157P   1579
edColor;                                                            1157P   1580
110,0.00865,0.065,0.0865,-0.00865,0.065,0.0865;                     1159P   1581
122,1159,0.00865,0.077,0.0865;                                      1161P   1582
126,1,1,1,0,1,0,0.013,0.013,0.025,0.025,1.,1.,1.,0.,0.,1.,1.,0.,    1163P   1583
0.013,0.025,0.,0.,1.;                                               1163P   1584
126,1,1,1,0,1,0,-0.00865,-0.00865,0.00865,0.00865,1.,1.,1.,1.,      1165P   1585
0.,0.,1.,0.,-0.00865,0.00865,0.,0.,1.;                              1165P   1586
126,1,1,1,0,1,0,-0.025,-0.025,-0.013,-0.013,1.,1.,0.,1.,0.,0.,      1167P   1587
0.,0.,-0.025,-0.013,0.,0.,1.;                                       1167P   1588
126,1,1,1,0,1,0,-0.00865,-0.00865,0.00865,0.00865,1.,1.,0.,0.,      1169P   1589
0.,1.,0.,0.,-0.00865,0.00865,0.,0.,1.;                              1169P   1590
102,4,1163,1165,1167,1169;                                          1171P   1591
110,-0.00865,0.065,0.0865,-0.00865,0.077,0.0865;                    1173P   1592
110,-0.00865,0.077,0.0865,0.00865,0.077,0.0865;                     1175P   1593
110,0.00865,0.077,0.0865,0.00865,0.065,0.0865;                      1177P   1594
110,0.00865,0.065,0.0865,-0.00865,0.065,0.0865;                     1179P   1595
102,4,1173,1175,1177,1179;                                          1181P   1596
142,1,1161,1171,1181,2;                                             1183P   1597
144,1161,1,0,1183;                                                  1185P   1598
314,64.70588445663452,64.70588445663452,64.70588445663452,10HMix    1187P   1599
edColor;                                                            1187P   1600
110,0.00865,0.077,0.078,0.00865,0.065,0.078;                        1189P   1601
122,1189,0.00865,0.077,0.0865;                                      1191P   1602
126,1,1,1,0,1,0,-0.025,-0.025,-0.013,-0.013,1.,1.,0.,0.,0.,1.,      1193P   1603
0.,0.,-0.025,-0.013,0.,0.,1.;                                       1193P   1604
126,1,1,1,0,1,0,0.003,0.003,0.0115,0.0115,1.,1.,1.,0.,0.,1.,1.,     1195P   1605
0.,0.003,0.0115,0.,0.,1.;                                           1195P   1606
126,1,1,1,0,1,0,0.013,0.013,0.025,0.025,1.,1.,1.,1.,0.,0.,1.,0.,    1197P   1607
0.013,0.025,0.,0.,1.;                                               1197P   1608
126,1,1,1,0,1,0,-0.0115,-0.0115,-0.003,-0.003,1.,1.,0.,1.,0.,0.,    1199P   1609
0.,0.,-0.0115,-0.003,0.,0.,1.;                                      1199P   1610
102,4,1193,1195,1197,1199;                                          1201P   1611
110,0.00865,0.077,0.078,0.00865,0.065,0.078;                        1203P   1612
110,0.00865,0.065,0.078,0.00865,0.065,0.0865;                       1205P   1613
110,0.00865,0.065,0.0865,0.00865,0.077,0.0865;                      1207P   1614
110,0.00865,0.077,0.0865,0.00865,0.077,0.078;                       1209P   1615
102,4,1203,1205,1207,1209;                                          1211P   1616
142,1,1191,1201,1211,2;                                             1213P   1617
144,1191,1,0,1213;                                                  1215P   1618
314,64.70588445663452,64.70588445663452,64.70588445663452,10HMix    1217P   1619
edColor;                                                            1217P   1620
110,-0.,0.052,0.0895,-0.,1.052,0.0895;                              1219P   1621
110,-0.00135,0.065,0.0895,-0.00135,0.077,0.0895;                    1221P   1622
120,1219,1221,0.,6.28318530717959;                                  1223P   1623
126,1,1,1,0,1,0,-6.28318530717959,-6.28318530717959,0.,0.,1.,1.,    1225P   1624
0.,6.28318530717959,0.,0.,0.,0.,-6.28318530717959,0.,0.,0.,1.;      1225P   1625
126,1,1,1,0,1,0,0.,0.,1.,1.,1.,1.,0.,0.,0.,0.,6.28318530717959,     1227P   1626
0.,0.,1.,0.,0.,1.;                                                  1227P   1627
126,1,1,1,0,1,0,0.013,0.013,0.025,0.025,1.,1.,0.,                   1229P   1628
6.28318530717959,0.,1.,6.28318530717959,0.,0.013,0.025,0.,0.,1.;    1229P   1629
126,1,1,1,0,1,0,0.,0.,1.,1.,1.,1.,1.,6.28318530717959,0.,1.,0.,     1231P   1630
0.,0.,1.,0.,0.,1.;                                                  1231P   1631
126,1,1,1,0,1,0,0.,0.,6.28318530717959,6.28318530717959,1.,1.,      1233P   1632
1.,0.,0.,1.,6.28318530717959,0.,0.,6.28318530717959,0.,0.,1.;       1233P   1633
126,1,1,1,0,1,0,0.,0.,1.,1.,1.,1.,1.,6.28318530717959,0.,1.,0.,     1235P   1634
0.,0.,1.,0.,0.,1.;                                                  1235P   1635
126,1,1,1,0,1,0,-0.025,-0.025,-0.013,-0.013,1.,1.,1.,0.,0.,0.,      1237P   1636
0.,0.,-0.025,-0.013,0.,0.,1.;                                       1237P   1637
126,1,1,1,0,1,0,0.,0.,1.,1.,1.,1.,0.,0.,0.,0.,6.28318530717959,     1239P   1638
0.,0.,1.,0.,0.,1.;                                                  1239P   1639
102,8,1225,1227,1229,1231,1233,1235,1237,1239;                      1241P   1640
124,-1.,0.,0.,-0.,-0.,0.,-1.,0.065,0.,-1.,0.,0.0895;                1243P   1641
100,0.,0.,0.,0.00135,0.,0.00135,0.;                                 1245P   1642
110,-0.00135,0.065,0.0895,-0.00135,0.077,0.0895;                    1247P   1643
124,-1.,0.,-0.,-0.,-0.,0.,1.,0.077,0.,1.,0.,0.0895;                 1249P   1644
100,0.,0.,0.,0.00135,0.,0.00135,-0.;                                1251P   1645
110,-0.00135,0.077,0.0895,-0.00135,0.065,0.0895;                    1253P   1646
102,4,1245,1247,1251,1253;                                          1255P   1647
142,1,1223,1241,1255,2;                                             1257P   1648
144,1223,1,0,1257;                                                  1259P   1649
314,64.70588445663452,64.70588445663452,64.70588445663452,10HMix    1261P   1650
edColor;                                                            1261P   1651
110,-0.,0.052,0.0605,-0.,1.052,0.0605;                              1263P   1652
110,-0.00135,0.065,0.0605,-0.00135,0.077,0.0605;                    1265P   1653
120,1263,1265,0.,6.28318530717959;                                  1267P   1654
126,1,1,1,0,1,0,-6.28318530717959,-6.28318530717959,0.,0.,1.,1.,    1269P   1655
0.,6.28318530717959,0.,0.,0.,0.,-6.28318530717959,0.,0.,0.,1.;      1269P   1656
126,1,1,1,0,1,0,0.,0.,1.,1.,1.,1.,0.,0.,0.,0.,6.28318530717959,     1271P   1657
0.,0.,1.,0.,0.,1.;                                                  1271P   1658
126,1,1,1,0,1,0,0.013,0.013,0.025,0.025,1.,1.,0.,                   1273P   1659
6.28318530717959,0.,1.,6.28318530717959,0.,0.013,0.025,0.,0.,1.;    1273P   1660
126,1,1,1,0,1,0,0.,0.,1.,1.,1.,1.,1.,6.28318530717959,0.,1.,0.,     1275P   1661
0.,0.,1.,0.,0.,1.;                                                  1275P   1662
126,1,1,1,0,1,0,0.,0.,6.28318530717959,6.28318530717959,1.,1.,      1277P   1663
1.,0.,0.,1.,6.28318530717959,0.,0.,6.28318530717959,0.,0.,1.;       1277P   1664
126,1,1,1,0,1,0,0.,0.,1.,1.,1.,1.,1.,6.28318530717959,0.,1.,0.,     1279P   1665
0.,0.,1.,0.,0.,1.;                                                  1279P   1666
126,1,1,1,0,1,0,-0.025,-0.025,-0.013,-0.013,1.,1.,1.,0.,0.,0.,      1281P   1667
0.,0.,-0.025,-0.013,0.,0.,1.;                                       1281P   1668
126,1,1,1,0,1,0,0.,0.,1.,1.,1.,1.,0.,0.,0.,0.,6.28318530717959,     1283P   1669
0.,0.,1.,0.,0.,1.;                                                  1283P   1670
102,8,1269,1271,1273,1275,1277,1279,1281,1283;                      1285P   1671
124,-1.,0.,0.,-0.,-0.,0.,-1.,0.065,0.,-1.,0.,0.0605;                1287P   1672
100,0.,0.,0.,0.00135,0.,0.00135,0.;                                 1289P   1673
110,-0.00135,0.065,0.0605,-0.00135,0.077,0.0605;                    1291P   1674
124,-1.,0.,-0.,-0.,-0.,0.,1.,0.077,0.,1.,0.,0.0605;                 1293P   1675
100,0.,0.,0.,0.00135,0.,0.00135,-0.;                                1295P   1676
110,-0.00135,0.077,0.0605,-0.00135,0.065,0.0605;                    1297P   1677
102,4,1289,1291,1295,1297;                                          1299P   1678
142,1,1267,1285,1299,2;                                             1301P   1679
144,1267,1,0,1301;                                                  1303P   1680
314,64.70588445663452,64.70588445663452,64.70588445663452,10HMix    1305P   1681
edColor;                                                            1305P   1682
110,-0.05603553390593,0.075,0.05396446609407,-0.05603553390593,     1307P   1683
-0.925,0.05396446609407;                                            1307P   1684
110,-0.05603553390593,0.077,0.05806446609407,-0.05603553390593,     1309P   1685
0.075,0.05606446609407;                                             1309P   1686
120,1307,1309,0.,6.28318530717959;                                  1311P   1687
126,1,1,1,0,1,0,-7.85398163397448,-7.85398163397448,                1313P   1688
-1.5707963267949,-1.5707963267949,1.,1.,1.,0.,0.,1.,                1313P   1689
6.28318530717959,0.,-7.85398163397448,-1.5707963267949,0.,0.,1.;    1313P   1690
126,1,1,1,0,1,0,0.,0.,1.,1.,1.,1.,1.,6.28318530717959,0.,1.,0.,     1315P   1691
0.,0.,1.,0.,0.,1.;                                                  1315P   1692
126,1,1,1,0,1,0,0.,0.,0.00282842712475,0.00282842712475,1.,1.,      1317P   1693
1.,0.,0.,0.,0.,0.,0.,0.00282842712475,0.,0.,1.;                     1317P   1694
126,1,1,1,0,1,0,0.,0.,1.,1.,1.,1.,0.,0.,0.,0.,6.28318530717959,     1319P   1695
0.,0.,1.,0.,0.,1.;                                                  1319P   1696
126,1,1,1,0,1,0,1.5707963267949,1.5707963267949,                    1321P   1697
7.85398163397448,7.85398163397448,1.,1.,0.,6.28318530717959,0.,     1321P   1698
0.,0.,0.,1.5707963267949,7.85398163397448,0.,0.,1.;                 1321P   1699
126,1,1,1,0,1,0,0.,0.,1.,1.,1.,1.,0.,0.,0.,0.,6.28318530717959,     1323P   1700
0.,0.,1.,0.,0.,1.;                                                  1323P   1701
126,1,1,1,0,1,0,-0.00282842712475,-0.00282842712475,0.,0.,1.,1.,    1325P   1702
0.,6.28318530717959,0.,1.,6.28318530717959,0.,-0.00282842712475,    1325P   1703
0.,0.,0.,1.;                                                        1325P   1704
126,1,1,1,0,1,0,0.,0.,1.,1.,1.,1.,1.,6.28318530717959,0.,1.,0.,     1327P   1705
0.,0.,1.,0.,0.,1.;                                                  1327P   1706
102,8,1313,1315,1317,1319,1321,1323,1325,1327;                      1329P   1707
124,-1.,0.,0.,-0.05603553390593,-0.,0.,-1.,0.075,0.,-1.,0.,         1331P   1708
0.05396446609407;                                                   1331P   1709
100,0.,0.,0.,0.,-0.0021,0.,-0.0021;                                 1333P   1710
110,-0.05603553390593,0.075,0.05606446609407,-0.05603553390593,     1335P   1711
0.077,0.05806446609407;                                             1335P   1712
124,-1.,0.,-0.,-0.05603553390593,-0.,0.,1.,0.077,0.,1.,0.,          1337P   1713
0.05396446609407;                                                   1337P   1714
100,0.,0.,0.,0.,0.0041,0.,0.0041;                                   1339P   1715
110,-0.05603553390593,0.077,0.05806446609407,-0.05603553390593,     1341P   1716
0.075,0.05606446609407;                                             1341P   1717
102,4,1333,1335,1339,1341;                                          1343P   1718
142,1,1311,1329,1343,2;                                             1345P   1719
144,1311,1,0,1345;                                                  1347P   1720
314,64.70588445663452,64.70588445663452,64.70588445663452,10HMix    1349P   1721
edColor;                                                            1349P   1722
110,-0.05603553390593,0.075,0.09603553390593,-0.05603553390593,     1351P   1723
-0.925,0.09603553390593;                                            1351P   1724
110,-0.05603553390593,0.077,0.10013553390593,-0.05603553390593,     1353P   1725
0.075,0.09813553390593;                                             1353P   1726
120,1351,1353,0.,6.28318530717959;                                  1355P   1727
126,1,1,1,0,1,0,-7.85398163397448,-7.85398163397448,                1357P   1728
-1.5707963267949,-1.5707963267949,1.,1.,1.,0.,0.,1.,                1357P   1729
6.28318530717959,0.,-7.85398163397448,-1.5707963267949,0.,0.,1.;    1357P   1730
126,1,1,1,0,1,0,0.,0.,1.,1.,1.,1.,1.,6.28318530717959,0.,1.,0.,     1359P   1731
0.,0.,1.,0.,0.,1.;                                                  1359P   1732
126,1,1,1,0,1,0,0.,0.,0.00282842712475,0.00282842712475,1.,1.,      1361P   1733
1.,0.,0.,0.,0.,0.,0.,0.00282842712475,0.,0.,1.;                     1361P   1734
126,1,1,1,0,1,0,0.,0.,1.,1.,1.,1.,0.,0.,0.,0.,6.28318530717959,     1363P   1735
0.,0.,1.,0.,0.,1.;                                                  1363P   1736
126,1,1,1,0,1,0,1.5707963267949,1.5707963267949,                    1365P   1737
7.85398163397448,7.85398163397448,1.,1.,0.,6.28318530717959,0.,     1365P   1738
0.,0.,0.,1.5707963267949,7.85398163397448,0.,0.,1.;                 1365P   1739
126,1,1,1,0,1,0,0.,0.,1.,1.,1.,1.,0.,0.,0.,0.,6.28318530717959,     1367P   1740
0.,0.,1.,0.,0.,1.;                                                  1367P   1741
126,1,1,1,0,1,0,-0.00282842712475,-0.00282842712475,0.,0.,1.,1.,    1369P   1742
0.,6.28318530717959,0.,1.,6.28318530717959,0.,-0.00282842712475,    1369P   1743
0.,0.,0.,1.;                                                        1369P   1744
126,1,1,1,0,1,0,0.,0.,1.,1.,1.,1.,1.,6.28318530717959,0.,1.,0.,     1371P   1745
0.,0.,1.,0.,0.,1.;                                                  1371P   1746
102,8,1357,1359,1361,1363,1365,1367,1369,1371;                      1373P   1747
124,-1.,0.,0.,-0.05603553390593,-0.,0.,-1.,0.075,0.,-1.,0.,         1375P   1748
0.09603553390593;                                                   1375P   1749
100,0.,0.,0.,0.,-0.0021,0.,-0.0021;                                 1377P   1750
110,-0.05603553390593,0.075,0.09813553390593,-0.05603553390593,     1379P   1751
0.077,0.10013553390593;                                             1379P   1752
124,-1.,0.,-0.,-0.05603553390593,-0.,0.,1.,0.077,0.,1.,0.,          1381P   1753
0.09603553390593;                                                   1381P   1754
100,0.,0.,0.,0.,0.0041,0.,0.0041;                                   1383P   1755
110,-0.05603553390593,0.077,0.10013553390593,-0.05603553390593,     1385P   1756
0.075,0.09813553390593;                                             1385P   1757
102,4,1377,1379,1383,1385;                                          1387P   1758
142,1,1355,1373,1387,2;                                             1389P   1759
144,1355,1,0,1389;                                                  1391P   1760
314,64.70588445663452,64.70588445663452,64.70588445663452,10HMix    1393P   1761
edColor;                                                            1393P   1762
110,0.05603553390593,0.075,0.05396446609407,0.05603553390593,       1395P   1763
-0.925,0.05396446609407;                                            1395P   1764
110,0.05603553390593,0.077,0.05806446609407,0.05603553390593,       1397P   1765
0.075,0.05606446609407;                                             1397P   1766
120,1395,1397,0.,6.28318530717959;                                  1399P   1767
126,1,1,1,0,1,0,-7.85398163397448,-7.85398163397448,                1401P   1768
-1.5707963267949,-1.5707963267949,1.,1.,1.,0.,0.,1.,                1401P   1769
6.28318530717959,0.,-7.85398163397448,-1.5707963267949,0.,0.,1.;    1401P   1770
126,1,1,1,0,1,0,0.,0.,1.,1.,1.,1.,1.,6.28318530717959,0.,1.,0.,     1403P   1771
0.,0.,1.,0.,0.,1.;                                                  1403P   1772
126,1,1,1,0,1,0,0.,0.,0.00282842712475,0.00282842712475,1.,1.,      1405P   1773
1.,0.,0.,0.,0.,0.,0.,0.00282842712475,0.,0.,1.;                     1405P   1774
126,1,1,1,0,1,0,0.,0.,1.,1.,1.,1.,0.,0.,0.,0.,6.28318530717959,     1407P   1775
0.,0.,1.,0.,0.,1.;                                                  1407P   1776
126,1,1,1,0,1,0,1.5707963267949,1.5707963267949,                    1409P   1777
7.85398163397448,7.85398163397448,1.,1.,0.,6.28318530717959,0.,     1409P   1778
0.,0.,0.,1.5707963267949,7.85398163397448,0.,0.,1.;                 1409P   1779
126,1,1,1,0,1,0,0.,0.,1.,1.,1.,1.,0.,0.,0.,0.,6.28318530717959,     1411P   1780
0.,0.,1.,0.,0.,1.;                                                  1411P   1781
126,1,1,1,0,1,0,-0.00282842712475,-0.00282842712475,0.,0.,1.,1.,    1413P   1782
0.,6.28318530717959,0.,1.,6.28318530717959,0.,-0.00282842712475,    1413P   1783
0.,0.,0.,1.;                                                        1413P   1784
126,1,1,1,0,1,0,0.,0.,1.,1.,1.,1.,1.,6.28318530717959,0.,1.,0.,     1415P   1785
0.,0.,1.,0.,0.,1.;                                                  1415P   1786
102,8,1401,1403,1405,1407,1409,1411,1413,1415;                      1417P   1787
124,-1.,0.,0.,0.05603553390593,-0.,0.,-1.,0.075,0.,-1.,0.,          1419P   1788
0.05396446609407;                                                   1419P   1789
100,0.,0.,0.,0.,-0.0021,0.,-0.0021;                                 1421P   1790
110,0.05603553390593,0.075,0.05606446609407,0.05603553390593,       1423P   1791
0.077,0.05806446609407;                                             1423P   1792
124,-1.,0.,-0.,0.05603553390593,-0.,0.,1.,0.077,0.,1.,0.,           1425P   1793
0.05396446609407;                                                   1425P   1794
100,0.,0.,0.,0.,0.0041,0.,0.0041;                                   1427P   1795
110,0.05603553390593,0.077,0.05806446609407,0.05603553390593,       1429P   1796
0.075,0.05606446609407;                                             1429P   1797
102,4,1421,1423,1427,1429;                                          1431P   1798
142,1,1399,1417,1431,2;                                             1433P   1799
144,1399,1,0,1433;                                                  1435P   1800
314,64.70588445663452,64.70588445663452,64.70588445663452,10HMix    1437P   1801
edColor;                                                            1437P   1802
110,0.05603553390593,0.075,0.09603553390593,0.05603553390593,       1439P   1803
-0.925,0.09603553390593;                                            1439P   1804
110,0.05603553390593,0.077,0.10013553390593,0.05603553390593,       1441P   1805
0.075,0.09813553390593;                                             1441P   1806
120,1439,1441,0.,6.28318530717959;                                  1443P   1807
126,1,1,1,0,1,0,-7.85398163397448,-7.85398163397448,                1445P   1808
-1.5707963267949,-1.5707963267949,1.,1.,1.,0.,0.,1.,                1445P   1809
6.28318530717959,0.,-7.85398163397448,-1.5707963267949,0.,0.,1.;    1445P   1810
126,1,1,1,0,1,0,0.,0.,1.,1.,1.,1.,1.,6.28318530717959,0.,1.,0.,     1447P   1811
0.,0.,1.,0.,0.,1.;                                                  1447P   1812
126,1,1,1,0,1,0,0.,0.,0.00282842712475,0.00282842712475,1.,1.,      1449P   1813
1.,0.,0.,0.,0.,0.,0.,0.00282842712475,0.,0.,1.;                     1449P   1814
126,1,1,1,0,1,0,0.,0.,1.,1.,1.,1.,0.,0.,0.,0.,6.28318530717959,     1451P   1815
0.,0.,1.,0.,0.,1.;                                                  1451P   1816
126,1,1,1,0,1,0,1.5707963267949,1.5707963267949,                    1453P   1817
7.85398163397448,7.85398163397448,1.,1.,0.,6.28318530717959,0.,     1453P   1818
0.,0.,0.,1.5707963267949,7.85398163397448,0.,0.,1.;                 1453P   1819
126,1,1,1,0,1,0,0.,0.,1.,1.,1.,1.,0.,0.,0.,0.,6.28318530717959,     1455P   1820
0.,0.,1.,0.,0.,1.;                                                  1455P   1821
126,1,1,1,0,1,0,-0.00282842712475,-0.00282842712475,0.,0.,1.,1.,    1457P   1822
0.,6.28318530717959,0.,1.,6.28318530717959,0.,-0.00282842712475,    1457P   1823
0.,0.,0.,1.;                                                        1457P   1824
126,1,1,1,0,1,0,0.,0.,1.,1.,1.,1.,1.,6.28318530717959,0.,1.,0.,     1459P   1825
0.,0.,1.,0.,0.,1.;                                                  1459P   1826
102,8,1445,1447,1449,1451,1453,1455,1457,1459;                      1461P   1827
124,-1.,0.,0.,0.05603553390593,-0.,0.,-1.,0.075,0.,-1.,0.,          1463P   1828
0.09603553390593;                                                   1463P   1829
100,0.,0.,0.,0.,-0.0021,0.,-0.0021;                                 1465P   1830
110,0.05603553390593,0.075,0.09813553390593,0.05603553390593,       1467P   1831
0.077,0.10013553390593;                                             1467P   1832
124,-1.,0.,-0.,0.05603553390593,-0.,0.,1.,0.077,0.,1.,0.,           1469P   1833
0.09603553390593;                                                   1469P   1834
100,0.,0.,0.,0.,0.0041,0.,0.0041;                                   1471P   1835
110,0.05603553390593,0.077,0.10013553390593,0.05603553390593,       1473P   1836
0.075,0.09813553390593;                                             1473P   1837
102,4,1465,1467,1471,1473;                                          1475P   1838
142,1,1443,1461,1475,2;                                             1477P   1839
144,1443,1,0,1477;                                                  1479P   1840
314,64.70588445663452,64.70588445663452,64.70588445663452,10HMix    1481P   1841
edColor;                                                            1481P   1842
110,0.00865,0.065,0.072,0.0155,0.065,0.072;                         1483P   1843
122,1483,0.00865,0.077,0.072;                                       1485P   1844
126,1,1,1,0,1,0,0.00865,0.00865,0.0155,0.0155,1.,1.,0.,-0.,0.,      1487P   1845
1.,-0.,0.,0.00865,0.0155,0.,0.,1.;                                  1487P   1846
126,1,1,1,0,1,0,0.013,0.013,0.025,0.025,1.,1.,1.,-0.,0.,1.,1.,      1489P   1847
0.,0.013,0.025,0.,0.,1.;                                            1489P   1848
126,1,1,1,0,1,0,-0.0155,-0.0155,-0.00865,-0.00865,1.,1.,1.,1.,      1491P   1849
0.,0.,1.,0.,-0.0155,-0.00865,0.,0.,1.;                              1491P   1850
126,1,1,1,0,1,0,-0.025,-0.025,-0.013,-0.013,1.,1.,0.,1.,0.,0.,      1493P   1851
-0.,0.,-0.025,-0.013,0.,0.,1.;                                      1493P   1852
102,4,1487,1489,1491,1493;                                          1495P   1853
110,0.00865,0.065,0.072,0.0155,0.065,0.072;                         1497P   1854
110,0.0155,0.065,0.072,0.0155,0.077,0.072;                          1499P   1855
110,0.0155,0.077,0.072,0.00865,0.077,0.072;                         1501P   1856
110,0.00865,0.077,0.072,0.00865,0.065,0.072;                        1503P   1857
102,4,1497,1499,1501,1503;                                          1505P   1858
142,1,1485,1495,1505,2;                                             1507P   1859
144,1485,1,0,1507;                                                  1509P   1860
314,64.70588445663452,64.70588445663452,64.70588445663452,10HMix    1511P   1861
edColor;                                                            1511P   1862
110,0.0155,0.065,0.078,0.00865,0.065,0.078;                         1513P   1863
122,1513,0.0155,0.077,0.078;                                        1515P   1864
126,1,1,1,0,1,0,0.00865,0.00865,0.0155,0.0155,1.,1.,1.,1.,0.,       1517P   1865
-0.,1.,0.,0.00865,0.0155,0.,0.,1.;                                  1517P   1866
126,1,1,1,0,1,0,-0.012,-0.012,0.,0.,1.,1.,-0.,1.,0.,-0.,-0.,0.,     1519P   1867
-0.012,0.,0.,0.,1.;                                                 1519P   1868
126,1,1,1,0,1,0,-0.0155,-0.0155,-0.00865,-0.00865,1.,1.,-0.,-0.,    1521P   1869
0.,1.,-0.,0.,-0.0155,-0.00865,0.,0.,1.;                             1521P   1870
126,1,1,1,0,1,0,0.013,0.013,0.025,0.025,1.,1.,1.,-0.,0.,1.,1.,      1523P   1871
0.,0.013,0.025,0.,0.,1.;                                            1523P   1872
102,4,1517,1519,1521,1523;                                          1525P   1873
110,0.00865,0.077,0.078,0.0155,0.077,0.078;                         1527P   1874
110,0.0155,0.077,0.078,0.0155,0.065,0.078;                          1529P   1875
110,0.0155,0.065,0.078,0.00865,0.065,0.078;                         1531P   1876
110,0.00865,0.065,0.078,0.00865,0.077,0.078;                        1533P   1877
102,4,1527,1529,1531,1533;                                          1535P   1878
142,1,1515,1525,1535,2;                                             1537P   1879
144,1515,1,0,1537;                                                  1539P   1880
314,64.70588445663452,64.70588445663452,64.70588445663452,10HMix    1541P   1881
edColor;                                                            1541P   1882
110,0.0175,0.077,0.074,0.0175,0.065,0.074;                          1543P   1883
122,1543,0.0175,0.077,0.076;                                        1545P   1884
126,1,1,1,0,1,0,-0.001,-0.001,0.001,0.001,1.,1.,0.,1.,0.,0.,0.,     1547P   1885
0.,-0.001,0.001,0.,0.,1.;                                           1547P   1886
126,1,1,1,0,1,0,-0.025,-0.025,-0.013,-0.013,1.,1.,0.,0.,0.,1.,      1549P   1887
0.,0.,-0.025,-0.013,0.,0.,1.;                                       1549P   1888
126,1,1,1,0,1,0,-0.001,-0.001,0.001,0.001,1.,1.,1.,0.,0.,1.,1.,     1551P   1889
0.,-0.001,0.001,0.,0.,1.;                                           1551P   1890
126,1,1,1,0,1,0,-0.012,-0.012,0.,0.,1.,1.,1.,1.,0.,0.,1.,0.,        1553P   1891
-0.012,0.,0.,0.,1.;                                                 1553P   1892
102,4,1547,1549,1551,1553;                                          1555P   1893
110,0.0175,0.077,0.076,0.0175,0.077,0.074;                          1557P   1894
110,0.0175,0.077,0.074,0.0175,0.065,0.074;                          1559P   1895
110,0.0175,0.065,0.074,0.0175,0.065,0.076;                          1561P   1896
110,0.0175,0.065,0.076,0.0175,0.077,0.076;                          1563P   1897
102,4,1557,1559,1561,1563;                                          1565P   1898
142,1,1545,1555,1565,2;                                             1567P   1899
144,1545,1,0,1567;                                                  1569P   1900
314,64.70588445663452,64.70588445663452,64.70588445663452,10HMix    1571P   1901
edColor;                                                            1571P   1902
110,-0.0175,0.065,0.074,-0.0175,0.077,0.074;                        1573P   1903
122,1573,-0.0175,0.065,0.076;                                       1575P   1904
126,1,1,1,0,1,0,-0.001,-0.001,0.001,0.001,1.,1.,1.,0.,0.,1.,1.,     1577P   1905
0.,-0.001,0.001,0.,0.,1.;                                           1577P   1906
126,1,1,1,0,1,0,-0.025,-0.025,-0.013,-0.013,1.,1.,1.,1.,0.,-0.,     1579P   1907
1.,0.,-0.025,-0.013,0.,0.,1.;                                       1579P   1908
126,1,1,1,0,1,0,-0.001,-0.001,0.001,0.001,1.,1.,-0.,1.,0.,-0.,      1581P   1909
0.,0.,-0.001,0.001,0.,0.,1.;                                        1581P   1910
126,1,1,1,0,1,0,-0.012,-0.012,0.,0.,1.,1.,-0.,0.,0.,1.,0.,0.,       1583P   1911
-0.012,0.,0.,0.,1.;                                                 1583P   1912
102,4,1577,1579,1581,1583;                                          1585P   1913
110,-0.0175,0.077,0.074,-0.0175,0.077,0.076;                        1587P   1914
110,-0.0175,0.077,0.076,-0.0175,0.065,0.076;                        1589P   1915
110,-0.0175,0.065,0.076,-0.0175,0.065,0.074;                        1591P   1916
110,-0.0175,0.065,0.074,-0.0175,0.077,0.074;                        1593P   1917
102,4,1587,1589,1591,1593;                                          1595P   1918
142,1,1575,1585,1595,2;                                             1597P   1919
144,1575,1,0,1597;                                                  1599P   1920
314,64.70588445663452,64.70588445663452,64.70588445663452,10HMix    1601P   1921
edColor;                                                            1601P   1922
110,-0.00865,0.065,0.078,-0.0155,0.065,0.078;                       1603P   1923
122,1603,-0.00865,0.077,0.078;                                      1605P   1924
126,1,1,1,0,1,0,0.00865,0.00865,0.0155,0.0155,1.,1.,0.,-0.,0.,      1607P   1925
1.,-0.,0.,0.00865,0.0155,0.,0.,1.;                                  1607P   1926
126,1,1,1,0,1,0,0.013,0.013,0.025,0.025,1.,1.,1.,-0.,0.,1.,1.,      1609P   1927
0.,0.013,0.025,0.,0.,1.;                                            1609P   1928
126,1,1,1,0,1,0,-0.0155,-0.0155,-0.00865,-0.00865,1.,1.,1.,1.,      1611P   1929
0.,0.,1.,0.,-0.0155,-0.00865,0.,0.,1.;                              1611P   1930
126,1,1,1,0,1,0,-0.025,-0.025,-0.013,-0.013,1.,1.,0.,1.,0.,0.,      1613P   1931
-0.,0.,-0.025,-0.013,0.,0.,1.;                                      1613P   1932
102,4,1607,1609,1611,1613;                                          1615P   1933
110,-0.00865,0.065,0.078,-0.0155,0.065,0.078;                       1617P   1934
110,-0.0155,0.065,0.078,-0.0155,0.077,0.078;                        1619P   1935
110,-0.0155,0.077,0.078,-0.00865,0.077,0.078;                       1621P   1936
110,-0.00865,0.077,0.078,-0.00865,0.065,0.078;                      1623P   1937
102,4,1617,1619,1621,1623;                                          1625P   1938
142,1,1605,1615,1625,2;                                             1627P   1939
144,1605,1,0,1627;                                                  1629P   1940
314,64.70588445663452,64.70588445663452,64.70588445663452,10HMix    1631P   1941
edColor;                                                            1631P   1942
110,-0.0155,0.065,0.072,-0.00865,0.065,0.072;                       1633P   1943
122,1633,-0.0155,0.077,0.072;                                       1635P   1944
126,1,1,1,0,1,0,0.00865,0.00865,0.0155,0.0155,1.,1.,1.,1.,0.,0.,    1637P   1945
1.,0.,0.00865,0.0155,0.,0.,1.;                                      1637P   1946
126,1,1,1,0,1,0,-0.012,-0.012,0.,0.,1.,1.,0.,1.,0.,0.,-0.,0.,       1639P   1947
-0.012,0.,0.,0.,1.;                                                 1639P   1948
126,1,1,1,0,1,0,-0.0155,-0.0155,-0.00865,-0.00865,1.,1.,0.,-0.,     1641P   1949
0.,1.,-0.,0.,-0.0155,-0.00865,0.,0.,1.;                             1641P   1950
126,1,1,1,0,1,0,0.013,0.013,0.025,0.025,1.,1.,1.,-0.,0.,1.,1.,      1643P   1951
0.,0.013,0.025,0.,0.,1.;                                            1643P   1952
102,4,1637,1639,1641,1643;                                          1645P   1953
110,-0.00865,0.077,0.072,-0.0155,0.077,0.072;                       1647P   1954
110,-0.0155,0.077,0.072,-0.0155,0.065,0.072;                        1649P   1955
110,-0.0155,0.065,0.072,-0.00865,0.065,0.072;                       1651P   1956
110,-0.00865,0.065,0.072,-0.00865,0.077,0.072;                      1653P   1957
102,4,1647,1649,1651,1653;                                          1655P   1958
142,1,1635,1645,1655,2;                                             1657P   1959
144,1635,1,0,1657;                                                  1659P   1960
314,64.70588445663452,64.70588445663452,64.70588445663452,10HMix    1661P   1961
edColor;                                                            1661P   1962
110,-0.0155,0.052,0.076,-0.0155,1.052,0.076;                        1663P   1963
110,-0.0175,0.065,0.076,-0.0175,0.077,0.076;                        1665P   1964
120,1663,1665,0.,6.28318530717959;                                  1667P   1965
126,1,1,1,0,1,0,-1.5707963267949,-1.5707963267949,0.,0.,1.,1.,      1669P   1966
0.,1.5707963267949,0.,0.,0.,0.,-1.5707963267949,0.,0.,0.,1.;        1669P   1967
126,1,1,1,0,1,0,0.013,0.013,0.025,0.025,1.,1.,0.,0.,0.,1.,0.,0.,    1671P   1968
0.013,0.025,0.,0.,1.;                                               1671P   1969
126,1,1,1,0,1,0,0.,0.,1.5707963267949,1.5707963267949,1.,1.,1.,     1673P   1970
0.,0.,1.,1.5707963267949,0.,0.,1.5707963267949,0.,0.,1.;            1673P   1971
126,1,1,1,0,1,0,-0.025,-0.025,-0.013,-0.013,1.,1.,1.,               1675P   1972
1.5707963267949,0.,0.,1.5707963267949,0.,-0.025,-0.013,0.,0.,1.;    1675P   1973
102,4,1669,1671,1673,1675;                                          1677P   1974
124,-1.,0.,0.,-0.0155,-0.,0.,-1.,0.065,0.,-1.,0.,0.076;             1679P   1975
100,0.,0.,0.,0.,-0.002,0.002,0.;                                    1681P   1976
110,-0.0175,0.065,0.076,-0.0175,0.077,0.076;                        1683P   1977
124,-1.,0.,-0.,-0.0155,-0.,0.,1.,0.077,0.,1.,0.,0.076;              1685P   1978
100,0.,0.,0.,0.002,0.,0.,0.002;                                     1687P   1979
110,-0.0155,0.077,0.078,-0.0155,0.065,0.078;                        1689P   1980
102,4,1681,1683,1687,1689;                                          1691P   1981
142,1,1667,1677,1691,2;                                             1693P   1982
144,1667,1,0,1693;                                                  1695P   1983
314,64.70588445663452,64.70588445663452,64.70588445663452,10HMix    1697P   1984
edColor;                                                            1697P   1985
110,-0.0155,0.052,0.074,-0.0155,-0.948,0.074;                       1699P   1986
110,-0.0135,0.077,0.074,-0.0135,0.065,0.074;                        1701P   1987
120,1699,1701,0.,6.28318530717959;                                  1703P   1988
126,1,1,1,0,1,0,-6.28318530717959,-6.28318530717959,                1705P   1989
-4.71238898038469,-4.71238898038469,1.,1.,1.,3.14159265358979,      1705P   1990
0.,1.,4.71238898038469,0.,-6.28318530717959,-4.71238898038469,      1705P   1991
0.,0.,1.;                                                           1705P   1992
126,1,1,1,0,1,0,0.,0.,0.012,0.012,1.,1.,1.,4.71238898038469,0.,     1707P   1993
0.,4.71238898038469,0.,0.,0.012,0.,0.,1.;                           1707P   1994
126,1,1,1,0,1,0,4.71238898038469,4.71238898038469,                  1709P   1995
6.28318530717959,6.28318530717959,1.,1.,0.,4.71238898038469,0.,     1709P   1996
0.,3.14159265358979,0.,4.71238898038469,6.28318530717959,0.,0.,     1709P   1997
1.;                                                                 1709P   1998
126,1,1,1,0,1,0,0.,0.,0.012,0.012,1.,1.,0.,3.14159265358979,0.,     1711P   1999
1.,3.14159265358979,0.,0.,0.012,0.,0.,1.;                           1711P   2000
102,4,1705,1707,1709,1711;                                          1713P   2001
124,-1.,0.,0.,-0.0155,-0.,0.,-1.,0.065,0.,-1.,0.,0.074;             1715P   2002
100,0.,0.,0.,0.002,0.,-0.,0.002;                                    1717P   2003
110,-0.0155,0.065,0.072,-0.0155,0.077,0.072;                        1719P   2004
124,-1.,0.,-0.,-0.0155,-0.,0.,1.,0.077,0.,1.,0.,0.074;              1721P   2005
100,0.,0.,0.,-0.,-0.002,0.002,-0.;                                  1723P   2006
110,-0.0175,0.077,0.074,-0.0175,0.065,0.074;                        1725P   2007
102,4,1717,1719,1723,1725;                                          1727P   2008
142,1,1703,1713,1727,2;                                             1729P   2009
144,1703,1,0,1729;                                                  1731P   2010
314,64.70588445663452,64.70588445663452,64.70588445663452,10HMix    1733P   2011
edColor;                                                            1733P   2012
110,0.0155,0.052,0.074,0.0155,1.052,0.074;                          1735P   2013
110,0.0135,0.065,0.074,0.0135,0.077,0.074;                          1737P   2014
120,1735,1737,0.,6.28318530717959;                                  1739P   2015
126,1,1,1,0,1,0,-4.71238898038469,-4.71238898038469,                1741P   2016
-3.14159265358979,-3.14159265358979,1.,1.,0.,4.71238898038469,      1741P   2017
0.,0.,3.14159265358979,0.,-4.71238898038469,-3.14159265358979,      1741P   2018
0.,0.,1.;                                                           1741P   2019
126,1,1,1,0,1,0,0.013,0.013,0.025,0.025,1.,1.,0.,                   1743P   2020
3.14159265358979,0.,1.,3.14159265358979,0.,0.013,0.025,0.,0.,1.;    1743P   2021
126,1,1,1,0,1,0,3.14159265358979,3.14159265358979,                  1745P   2022
4.71238898038469,4.71238898038469,1.,1.,1.,3.14159265358979,0.,     1745P   2023
1.,4.71238898038469,0.,3.14159265358979,4.71238898038469,0.,0.,     1745P   2024
1.;                                                                 1745P   2025
126,1,1,1,0,1,0,-0.025,-0.025,-0.013,-0.013,1.,1.,1.,               1747P   2026
4.71238898038469,0.,0.,4.71238898038469,0.,-0.025,-0.013,0.,0.,     1747P   2027
1.;                                                                 1747P   2028
102,4,1741,1743,1745,1747;                                          1749P   2029
124,-1.,0.,0.,0.0155,-0.,0.,-1.,0.065,0.,-1.,0.,0.074;              1751P   2030
100,0.,0.,0.,-0.,0.002,-0.002,-0.;                                  1753P   2031
110,0.0175,0.065,0.074,0.0175,0.077,0.074;                          1755P   2032
124,-1.,0.,-0.,0.0155,-0.,0.,1.,0.077,0.,1.,0.,0.074;               1757P   2033
100,0.,0.,0.,-0.002,0.,-0.,-0.002;                                  1759P   2034
110,0.0155,0.077,0.072,0.0155,0.065,0.072;                          1761P   2035
102,4,1753,1755,1759,1761;                                          1763P   2036
142,1,1739,1749,1763,2;                                             1765P   2037
144,1739,1,0,1765;                                                  1767P   2038
314,64.70588445663452,64.70588445663452,64.70588445663452,10HMix    1769P   2039
edColor;                                                            1769P   2040
110,0.0155,0.052,0.076,0.0155,-0.948,0.076;                         1771P   2041
110,0.0175,0.077,0.076,0.0175,0.065,0.076;                          1773P   2042
120,1771,1773,0.,6.28318530717959;                                  1775P   2043
126,1,1,1,0,1,0,-3.14159265358979,-3.14159265358979,                1777P   2044
-1.5707963267949,-1.5707963267949,1.,1.,1.,0.,0.,1.,                1777P   2045
1.5707963267949,0.,-3.14159265358979,-1.5707963267949,0.,0.,1.;     1777P   2046
126,1,1,1,0,1,0,0.,0.,0.012,0.012,1.,1.,1.,1.5707963267949,0.,      1779P   2047
0.,1.5707963267949,0.,0.,0.012,0.,0.,1.;                            1779P   2048
126,1,1,1,0,1,0,1.5707963267949,1.5707963267949,                    1781P   2049
3.14159265358979,3.14159265358979,1.,1.,0.,1.57079632679489,0.,     1781P   2050
0.,0.,0.,1.5707963267949,3.14159265358979,0.,0.,1.;                 1781P   2051
126,1,1,1,0,1,0,0.,0.,0.012,0.012,1.,1.,0.,0.,0.,1.,0.,0.,0.,       1783P   2052
0.012,0.,0.,1.;                                                     1783P   2053
102,4,1777,1779,1781,1783;                                          1785P   2054
124,-1.,0.,0.,0.0155,-0.,0.,-1.,0.065,0.,-1.,0.,0.076;              1787P   2055
100,0.,0.,0.,-0.002,-0.,0.,-0.002;                                  1789P   2056
110,0.0155,0.065,0.078,0.0155,0.077,0.078;                          1791P   2057
124,-1.,0.,-0.,0.0155,-0.,0.,1.,0.077,0.,1.,0.,0.076;               1793P   2058
100,0.,0.,0.,0.,0.002,-0.002,0.;                                    1795P   2059
110,0.0175,0.077,0.076,0.0175,0.065,0.076;                          1797P   2060
102,4,1789,1791,1795,1797;                                          1799P   2061
142,1,1775,1785,1799,2;                                             1801P   2062
144,1775,1,0,1801;                                                  1803P   2063
S      2G      4D   1804P   2063                                        T      1
