Data from Parasolid IGES Translator 28.0.241, Copyright(c) 2006 Siemens S      1
PLM Software. All Rights Reserved.                                      S      2
1H,,1H;,6HNoname,29H686b712a7a9bce062bccd8d8.iges,27HBy Siemens PLM IncoG      1
rporated,27HXPlus GENERIC/IGES 28.0.241,32,38, 6,308,15,6HNoname,1.000, G      2
6,1HM,1,1.000,15H20250707.070307,1.0e-08,0.00,6HNoname,6HNoname,11,0,15HG      3
20250707.070307;                                                        G      4
     314       1       0       1       0       0       0       000010001D      1
     314       1       0       2       0       0       0               0D      2
     110       3       0       1       0       0       0       000010001D      3
     110       1       0       1       0       0       0               0D      4
     122       4       0       1       0       0       0       000010001D      5
     122       1       0       1       0       0       0               0D      6
     126       5       0       1       0       0       0       000010501D      7
     126       1       0       2       0       0       0               0D      8
     126       7       0       1       0       0       0       000010501D      9
     126       1       0       2       0       0       0               0D     10
     126       9       0       1       0       0       0       000010501D     11
     126       1       0       2       0       0       0               0D     12
     126      11       0       1       0       0       0       000010501D     13
     126       1       0       2       0       0       0               0D     14
     102      13       0       1       0       0       0       000010501D     15
     102       1       0       1       0       0       0               0D     16
     110      14       0       1       0       0       0       000010001D     17
     110       1       0       1       0       0       0               0D     18
     110      15       0       1       0       0       0       000010001D     19
     110       1       0       1       0       0       0               0D     20
     110      16       0       1       0       0       0       000010001D     21
     110       1       0       1       0       0       0               0D     22
     110      17       0       1       0       0       0       000010001D     23
     110       1       0       1       0       0       0               0D     24
     102      18       0       1       0       0       0       000010001D     25
     102       1       0       1       0       0       0               0D     26
     142      19       0       1       0       0       0       000010001D     27
     142       1       0       1       0       0       0               0D     28
     126      20       0       1       0       0       0       000010501D     29
     126       1       0      20       0       0       0               0D     30
     126      40       0       1       0       0       0       000010501D     31
     126       1       0       3       0       0       0               0D     32
     126      43       0       1       0       0       0       000010501D     33
     126       1       0      20       0       0       0               0D     34
     126      63       0       1       0       0       0       000010501D     35
     126       1       0       3       0       0       0               0D     36
     126      66       0       1       0       0       0       000010501D     37
     126       1       0      19       0       0       0               0D     38
     126      85       0       1       0       0       0       000010501D     39
     126       1       0       3       0       0       0               0D     40
     126      88       0       1       0       0       0       000010501D     41
     126       1       0      20       0       0       0               0D     42
     126     108       0       1       0       0       0       000010501D     43
     126       1       0       3       0       0       0               0D     44
     102     111       0       1       0       0       0       000010501D     45
     102       1       0       1       0       0       0               0D     46
     124     112       0       1       0       0       0       000010001D     47
     124       1       0       1       0       0       0               0D     48
     100     113       0       1       0       0      47       000010001D     49
     100       1       0       1       0       0       0               0D     50
     110     114       0       1       0       0       0       000010001D     51
     110       1       0       1       0       0       0               0D     52
     124     115       0       1       0       0       0       000010001D     53
     124       1       0       1       0       0       0               0D     54
     100     116       0       1       0       0      53       000010001D     55
     100       1       0       1       0       0       0               0D     56
     110     117       0       1       0       0       0       000010001D     57
     110       1       0       1       0       0       0               0D     58
     124     118       0       1       0       0       0       000010001D     59
     124       1       0       1       0       0       0               0D     60
     100     119       0       1       0       0      59       000010001D     61
     100       1       0       1       0       0       0               0D     62
     110     120       0       1       0       0       0       000010001D     63
     110       1       0       1       0       0       0               0D     64
     124     121       0       1       0       0       0       000010001D     65
     124       1       0       1       0       0       0               0D     66
     100     122       0       1       0       0      65       000010001D     67
     100       1       0       1       0       0       0               0D     68
     110     123       0       1       0       0       0       000010001D     69
     110       1       0       1       0       0       0               0D     70
     102     124       0       1       0       0       0       000010001D     71
     102       1       0       1       0       0       0               0D     72
     142     125       0       1       0       0       0       000010001D     73
     142       1       0       1       0       0       0               0D     74
     144     126       0       1       0       0       0       000000001D     75
     144       1      -1       1       0       0       0               0D     76
     314     127       0       1       0       0       0       000010001D     77
     314       1       0       2       0       0       0               0D     78
     110     129       0       1       0       0       0       000010001D     79
     110       1       0       1       0       0       0               0D     80
     122     130       0       1       0       0       0       000010001D     81
     122       1       0       1       0       0       0               0D     82
     126     131       0       1       0       0       0       000010501D     83
     126       1       0       3       0       0       0               0D     84
     126     134       0       1       0       0       0       000010501D     85
     126       1       0      10       0       0       0               0D     86
     126     144       0       1       0       0       0       000010501D     87
     126       1       0       3       0       0       0               0D     88
     126     147       0       1       0       0       0       000010501D     89
     126       1       0      11       0       0       0               0D     90
     126     158       0       1       0       0       0       000010501D     91
     126       1       0       3       0       0       0               0D     92
     126     161       0       1       0       0       0       000010501D     93
     126       1       0      11       0       0       0               0D     94
     126     172       0       1       0       0       0       000010501D     95
     126       1       0       3       0       0       0               0D     96
     126     175       0       1       0       0       0       000010501D     97
     126       1       0      11       0       0       0               0D     98
     102     186       0       1       0       0       0       000010501D     99
     102       1       0       1       0       0       0               0D    100
     110     187       0       1       0       0       0       000010001D    101
     110       1       0       1       0       0       0               0D    102
     124     188       0       1       0       0       0       000010001D    103
     124       1       0       1       0       0       0               0D    104
     100     189       0       1       0       0     103       000010001D    105
     100       1       0       1       0       0       0               0D    106
     110     190       0       1       0       0       0       000010001D    107
     110       1       0       1       0       0       0               0D    108
     124     191       0       1       0       0       0       000010001D    109
     124       1       0       1       0       0       0               0D    110
     100     192       0       1       0       0     109       000010001D    111
     100       1       0       1       0       0       0               0D    112
     110     193       0       1       0       0       0       000010001D    113
     110       1       0       1       0       0       0               0D    114
     124     194       0       1       0       0       0       000010001D    115
     124       1       0       1       0       0       0               0D    116
     100     195       0       1       0       0     115       000010001D    117
     100       1       0       1       0       0       0               0D    118
     110     196       0       1       0       0       0       000010001D    119
     110       1       0       1       0       0       0               0D    120
     124     197       0       1       0       0       0       000010001D    121
     124       1       0       1       0       0       0               0D    122
     100     198       0       1       0       0     121       000010001D    123
     100       1       0       1       0       0       0               0D    124
     102     199       0       1       0       0       0       000010001D    125
     102       1       0       1       0       0       0               0D    126
     142     200       0       1       0       0       0       000010001D    127
     142       1       0       1       0       0       0               0D    128
     144     201       0       1       0       0       0       000000001D    129
     144       1     -77       1       0       0       0               0D    130
     314     202       0       1       0       0       0       000010001D    131
     314       1       0       2       0       0       0               0D    132
     110     204       0       1       0       0       0       000010001D    133
     110       1       0       1       0       0       0               0D    134
     110     205       0       1       0       0       0       000010001D    135
     110       1       0       1       0       0       0               0D    136
     120     206       0       1       0       0       0       000010001D    137
     120       1       0       1       0       0       0               0D    138
     126     207       0       1       0       0       0       000010501D    139
     126       1       0       3       0       0       0               0D    140
     126     210       0       1       0       0       0       000010501D    141
     126       1       0       2       0       0       0               0D    142
     126     212       0       1       0       0       0       000010501D    143
     126       1       0       2       0       0       0               0D    144
     126     214       0       1       0       0       0       000010501D    145
     126       1       0       2       0       0       0               0D    146
     126     216       0       1       0       0       0       000010501D    147
     126       1       0       4       0       0       0               0D    148
     126     220       0       1       0       0       0       000010501D    149
     126       1       0       2       0       0       0               0D    150
     126     222       0       1       0       0       0       000010501D    151
     126       1       0       2       0       0       0               0D    152
     126     224       0       1       0       0       0       000010501D    153
     126       1       0       2       0       0       0               0D    154
     102     226       0       1       0       0       0       000010501D    155
     102       1       0       1       0       0       0               0D    156
     124     227       0       1       0       0       0       000010001D    157
     124       1       0       1       0       0       0               0D    158
     100     228       0       1       0       0     157       000010001D    159
     100       1       0       1       0       0       0               0D    160
     110     229       0       1       0       0       0       000010001D    161
     110       1       0       1       0       0       0               0D    162
     124     230       0       1       0       0       0       000010001D    163
     124       1       0       1       0       0       0               0D    164
     100     231       0       1       0       0     163       000010001D    165
     100       1       0       1       0       0       0               0D    166
     110     232       0       1       0       0       0       000010001D    167
     110       1       0       1       0       0       0               0D    168
     102     233       0       1       0       0       0       000010001D    169
     102       1       0       1       0       0       0               0D    170
     142     234       0       1       0       0       0       000010001D    171
     142       1       0       1       0       0       0               0D    172
     144     235       0       1       0       0       0       000000001D    173
     144       1    -131       1       0       0       0               0D    174
     314     236       0       1       0       0       0       000010001D    175
     314       1       0       2       0       0       0               0D    176
     110     238       0       1       0       0       0       000010001D    177
     110       1       0       1       0       0       0               0D    178
     122     239       0       1       0       0       0       000010001D    179
     122       1       0       1       0       0       0               0D    180
     126     240       0       1       0       0       0       000010501D    181
     126       1       0       2       0       0       0               0D    182
     126     242       0       1       0       0       0       000010501D    183
     126       1       0       2       0       0       0               0D    184
     126     244       0       1       0       0       0       000010501D    185
     126       1       0       2       0       0       0               0D    186
     126     246       0       1       0       0       0       000010501D    187
     126       1       0       2       0       0       0               0D    188
     102     248       0       1       0       0       0       000010501D    189
     102       1       0       1       0       0       0               0D    190
     110     249       0       1       0       0       0       000010001D    191
     110       1       0       1       0       0       0               0D    192
     110     250       0       1       0       0       0       000010001D    193
     110       1       0       1       0       0       0               0D    194
     110     251       0       1       0       0       0       000010001D    195
     110       1       0       1       0       0       0               0D    196
     110     252       0       1       0       0       0       000010001D    197
     110       1       0       1       0       0       0               0D    198
     102     253       0       1       0       0       0       000010001D    199
     102       1       0       1       0       0       0               0D    200
     142     254       0       1       0       0       0       000010001D    201
     142       1       0       1       0       0       0               0D    202
     126     255       0       1       0       0       0       000010501D    203
     126       1       0      66       0       0       0               0D    204
     102     321       0       1       0       0       0       000010501D    205
     102       1       0       1       0       0       0               0D    206
     124     322       0       1       0       0       0       000010001D    207
     124       1       0       1       0       0       0               0D    208
     100     323       0       1       0       0     207       000010001D    209
     100       1       0       1       0       0       0               0D    210
     102     324       0       1       0       0       0       000010001D    211
     102       1       0       1       0       0       0               0D    212
     142     325       0       1       0       0       0       000010001D    213
     142       1       0       1       0       0       0               0D    214
     144     326       0       1       0       0       0       000000001D    215
     144       1    -175       1       0       0       0               0D    216
     314     327       0       1       0       0       0       000010001D    217
     314       1       0       2       0       0       0               0D    218
     110     329       0       1       0       0       0       000010001D    219
     110       1       0       1       0       0       0               0D    220
     122     330       0       1       0       0       0       000010001D    221
     122       1       0       1       0       0       0               0D    222
     126     331       0       1       0       0       0       000010501D    223
     126       1       0       2       0       0       0               0D    224
     126     333       0       1       0       0       0       000010501D    225
     126       1       0       2       0       0       0               0D    226
     126     335       0       1       0       0       0       000010501D    227
     126       1       0       2       0       0       0               0D    228
     126     337       0       1       0       0       0       000010501D    229
     126       1       0       2       0       0       0               0D    230
     102     339       0       1       0       0       0       000010501D    231
     102       1       0       1       0       0       0               0D    232
     110     340       0       1       0       0       0       000010001D    233
     110       1       0       1       0       0       0               0D    234
     110     341       0       1       0       0       0       000010001D    235
     110       1       0       1       0       0       0               0D    236
     110     342       0       1       0       0       0       000010001D    237
     110       1       0       1       0       0       0               0D    238
     110     343       0       1       0       0       0       000010001D    239
     110       1       0       1       0       0       0               0D    240
     102     344       0       1       0       0       0       000010001D    241
     102       1       0       1       0       0       0               0D    242
     142     345       0       1       0       0       0       000010001D    243
     142       1       0       1       0       0       0               0D    244
     144     346       0       1       0       0       0       000000001D    245
     144       1    -217       1       0       0       0               0D    246
     314     347       0       1       0       0       0       000010001D    247
     314       1       0       2       0       0       0               0D    248
     110     349       0       1       0       0       0       000010001D    249
     110       1       0       1       0       0       0               0D    250
     122     350       0       1       0       0       0       000010001D    251
     122       1       0       1       0       0       0               0D    252
     126     351       0       1       0       0       0       000010501D    253
     126       1       0       2       0       0       0               0D    254
     126     353       0       1       0       0       0       000010501D    255
     126       1       0       2       0       0       0               0D    256
     126     355       0       1       0       0       0       000010501D    257
     126       1       0       2       0       0       0               0D    258
     126     357       0       1       0       0       0       000010501D    259
     126       1       0       2       0       0       0               0D    260
     102     359       0       1       0       0       0       000010501D    261
     102       1       0       1       0       0       0               0D    262
     110     360       0       1       0       0       0       000010001D    263
     110       1       0       1       0       0       0               0D    264
     110     361       0       1       0       0       0       000010001D    265
     110       1       0       1       0       0       0               0D    266
     110     362       0       1       0       0       0       000010001D    267
     110       1       0       1       0       0       0               0D    268
     110     363       0       1       0       0       0       000010001D    269
     110       1       0       1       0       0       0               0D    270
     102     364       0       1       0       0       0       000010001D    271
     102       1       0       1       0       0       0               0D    272
     142     365       0       1       0       0       0       000010001D    273
     142       1       0       1       0       0       0               0D    274
     144     366       0       1       0       0       0       000000001D    275
     144       1    -247       1       0       0       0               0D    276
     314     367       0       1       0       0       0       000010001D    277
     314       1       0       2       0       0       0               0D    278
     110     369       0       1       0       0       0       000010001D    279
     110       1       0       1       0       0       0               0D    280
     122     370       0       1       0       0       0       000010001D    281
     122       1       0       1       0       0       0               0D    282
     126     371       0       1       0       0       0       000010501D    283
     126       1       0       3       0       0       0               0D    284
     126     374       0       1       0       0       0       000010501D    285
     126       1       0      19       0       0       0               0D    286
     126     393       0       1       0       0       0       000010501D    287
     126       1       0       3       0       0       0               0D    288
     126     396       0       1       0       0       0       000010501D    289
     126       1       0      19       0       0       0               0D    290
     126     415       0       1       0       0       0       000010501D    291
     126       1       0       3       0       0       0               0D    292
     126     418       0       1       0       0       0       000010501D    293
     126       1       0      19       0       0       0               0D    294
     126     437       0       1       0       0       0       000010501D    295
     126       1       0       3       0       0       0               0D    296
     126     440       0       1       0       0       0       000010501D    297
     126       1       0      18       0       0       0               0D    298
     102     458       0       1       0       0       0       000010501D    299
     102       1       0       1       0       0       0               0D    300
     110     459       0       1       0       0       0       000010001D    301
     110       1       0       1       0       0       0               0D    302
     124     460       0       1       0       0       0       000010001D    303
     124       1       0       1       0       0       0               0D    304
     100     461       0       1       0       0     303       000010001D    305
     100       1       0       1       0       0       0               0D    306
     110     462       0       1       0       0       0       000010001D    307
     110       1       0       1       0       0       0               0D    308
     124     463       0       1       0       0       0       000010001D    309
     124       1       0       1       0       0       0               0D    310
     100     464       0       1       0       0     309       000010001D    311
     100       1       0       1       0       0       0               0D    312
     110     465       0       1       0       0       0       000010001D    313
     110       1       0       1       0       0       0               0D    314
     124     466       0       1       0       0       0       000010001D    315
     124       1       0       1       0       0       0               0D    316
     100     467       0       1       0       0     315       000010001D    317
     100       1       0       1       0       0       0               0D    318
     110     468       0       1       0       0       0       000010001D    319
     110       1       0       1       0       0       0               0D    320
     124     469       0       1       0       0       0       000010001D    321
     124       1       0       1       0       0       0               0D    322
     100     470       0       1       0       0     321       000010001D    323
     100       1       0       1       0       0       0               0D    324
     102     471       0       1       0       0       0       000010001D    325
     102       1       0       1       0       0       0               0D    326
     142     472       0       1       0       0       0       000010001D    327
     142       1       0       1       0       0       0               0D    328
     144     473       0       1       0       0       0       000000001D    329
     144       1    -277       1       0       0       0               0D    330
     314     474       0       1       0       0       0       000010001D    331
     314       1       0       2       0       0       0               0D    332
     110     476       0       1       0       0       0       000010001D    333
     110       1       0       1       0       0       0               0D    334
     122     477       0       1       0       0       0       000010001D    335
     122       1       0       1       0       0       0               0D    336
     126     478       0       1       0       0       0       000010501D    337
     126       1       0       3       0       0       0               0D    338
     126     481       0       1       0       0       0       000010501D    339
     126       1       0      19       0       0       0               0D    340
     126     500       0       1       0       0       0       000010501D    341
     126       1       0       3       0       0       0               0D    342
     126     503       0       1       0       0       0       000010501D    343
     126       1       0      18       0       0       0               0D    344
     126     521       0       1       0       0       0       000010501D    345
     126       1       0       3       0       0       0               0D    346
     126     524       0       1       0       0       0       000010501D    347
     126       1       0      19       0       0       0               0D    348
     126     543       0       1       0       0       0       000010501D    349
     126       1       0       3       0       0       0               0D    350
     126     546       0       1       0       0       0       000010501D    351
     126       1       0      19       0       0       0               0D    352
     102     565       0       1       0       0       0       000010501D    353
     102       1       0       1       0       0       0               0D    354
     110     566       0       1       0       0       0       000010001D    355
     110       1       0       1       0       0       0               0D    356
     124     567       0       1       0       0       0       000010001D    357
     124       1       0       1       0       0       0               0D    358
     100     568       0       1       0       0     357       000010001D    359
     100       1       0       1       0       0       0               0D    360
     110     569       0       1       0       0       0       000010001D    361
     110       1       0       1       0       0       0               0D    362
     124     570       0       1       0       0       0       000010001D    363
     124       1       0       1       0       0       0               0D    364
     100     571       0       1       0       0     363       000010001D    365
     100       1       0       1       0       0       0               0D    366
     110     572       0       1       0       0       0       000010001D    367
     110       1       0       1       0       0       0               0D    368
     124     573       0       1       0       0       0       000010001D    369
     124       1       0       1       0       0       0               0D    370
     100     574       0       1       0       0     369       000010001D    371
     100       1       0       1       0       0       0               0D    372
     110     575       0       1       0       0       0       000010001D    373
     110       1       0       1       0       0       0               0D    374
     124     576       0       1       0       0       0       000010001D    375
     124       1       0       1       0       0       0               0D    376
     100     577       0       1       0       0     375       000010001D    377
     100       1       0       1       0       0       0               0D    378
     102     578       0       1       0       0       0       000010001D    379
     102       1       0       1       0       0       0               0D    380
     142     579       0       1       0       0       0       000010001D    381
     142       1       0       1       0       0       0               0D    382
     126     580       0       1       0       0       0       000010501D    383
     126       1       0      36       0       0       0               0D    384
     102     616       0       1       0       0       0       000010501D    385
     102       1       0       1       0       0       0               0D    386
     124     617       0       1       0       0       0       000010001D    387
     124       1       0       2       0       0       0               0D    388
     100     619       0       1       0       0     387       000010001D    389
     100       1       0       1       0       0       0               0D    390
     102     620       0       1       0       0       0       000010001D    391
     102       1       0       1       0       0       0               0D    392
     142     621       0       1       0       0       0       000010001D    393
     142       1       0       1       0       0       0               0D    394
     126     622       0       1       0       0       0       000010501D    395
     126       1       0      36       0       0       0               0D    396
     102     658       0       1       0       0       0       000010501D    397
     102       1       0       1       0       0       0               0D    398
     124     659       0       1       0       0       0       000010001D    399
     124       1       0       2       0       0       0               0D    400
     100     661       0       1       0       0     399       000010001D    401
     100       1       0       1       0       0       0               0D    402
     102     662       0       1       0       0       0       000010001D    403
     102       1       0       1       0       0       0               0D    404
     142     663       0       1       0       0       0       000010001D    405
     142       1       0       1       0       0       0               0D    406
     126     664       0       1       0       0       0       000010501D    407
     126       1       0      36       0       0       0               0D    408
     102     700       0       1       0       0       0       000010501D    409
     102       1       0       1       0       0       0               0D    410
     124     701       0       1       0       0       0       000010001D    411
     124       1       0       2       0       0       0               0D    412
     100     703       0       1       0       0     411       000010001D    413
     100       1       0       1       0       0       0               0D    414
     102     704       0       1       0       0       0       000010001D    415
     102       1       0       1       0       0       0               0D    416
     142     705       0       1       0       0       0       000010001D    417
     142       1       0       1       0       0       0               0D    418
     126     706       0       1       0       0       0       000010501D    419
     126       1       0      36       0       0       0               0D    420
     102     742       0       1       0       0       0       000010501D    421
     102       1       0       1       0       0       0               0D    422
     124     743       0       1       0       0       0       000010001D    423
     124       1       0       2       0       0       0               0D    424
     100     745       0       1       0       0     423       000010001D    425
     100       1       0       1       0       0       0               0D    426
     102     746       0       1       0       0       0       000010001D    427
     102       1       0       1       0       0       0               0D    428
     142     747       0       1       0       0       0       000010001D    429
     142       1       0       1       0       0       0               0D    430
     126     748       0       1       0       0       0       000010501D    431
     126       1       0      68       0       0       0               0D    432
     102     816       0       1       0       0       0       000010501D    433
     102       1       0       1       0       0       0               0D    434
     124     817       0       1       0       0       0       000010001D    435
     124       1       0       1       0       0       0               0D    436
     100     818       0       1       0       0     435       000010001D    437
     100       1       0       1       0       0       0               0D    438
     102     819       0       1       0       0       0       000010001D    439
     102       1       0       1       0       0       0               0D    440
     142     820       0       1       0       0       0       000010001D    441
     142       1       0       1       0       0       0               0D    442
     144     821       0       1       0       0       0       000000001D    443
     144       1    -331       1       0       0       0               0D    444
     314     822       0       1       0       0       0       000010001D    445
     314       1       0       2       0       0       0               0D    446
     110     824       0       1       0       0       0       000010001D    447
     110       1       0       1       0       0       0               0D    448
     110     825       0       1       0       0       0       000010001D    449
     110       1       0       1       0       0       0               0D    450
     120     826       0       1       0       0       0       000010001D    451
     120       1       0       1       0       0       0               0D    452
     126     827       0       1       0       0       0       000010501D    453
     126       1       0       2       0       0       0               0D    454
     126     829       0       1       0       0       0       000010501D    455
     126       1       0       2       0       0       0               0D    456
     126     831       0       1       0       0       0       000010501D    457
     126       1       0       2       0       0       0               0D    458
     126     833       0       1       0       0       0       000010501D    459
     126       1       0       2       0       0       0               0D    460
     126     835       0       1       0       0       0       000010501D    461
     126       1       0       2       0       0       0               0D    462
     126     837       0       1       0       0       0       000010501D    463
     126       1       0       2       0       0       0               0D    464
     126     839       0       1       0       0       0       000010501D    465
     126       1       0       2       0       0       0               0D    466
     126     841       0       1       0       0       0       000010501D    467
     126       1       0       2       0       0       0               0D    468
     102     843       0       1       0       0       0       000010501D    469
     102       1       0       1       0       0       0               0D    470
     124     844       0       1       0       0       0       000010001D    471
     124       1       0       1       0       0       0               0D    472
     100     845       0       1       0       0     471       000010001D    473
     100       1       0       1       0       0       0               0D    474
     110     846       0       1       0       0       0       000010001D    475
     110       1       0       1       0       0       0               0D    476
     124     847       0       1       0       0       0       000010001D    477
     124       1       0       1       0       0       0               0D    478
     100     848       0       1       0       0     477       000010001D    479
     100       1       0       1       0       0       0               0D    480
     110     849       0       1       0       0       0       000010001D    481
     110       1       0       1       0       0       0               0D    482
     102     850       0       1       0       0       0       000010001D    483
     102       1       0       1       0       0       0               0D    484
     142     851       0       1       0       0       0       000010001D    485
     142       1       0       1       0       0       0               0D    486
     144     852       0       1       0       0       0       000000001D    487
     144       1    -445       1       0       0       0               0D    488
     314     853       0       1       0       0       0       000010001D    489
     314       1       0       2       0       0       0               0D    490
     110     855       0       1       0       0       0       000010001D    491
     110       1       0       1       0       0       0               0D    492
     110     856       0       1       0       0       0       000010001D    493
     110       1       0       1       0       0       0               0D    494
     120     857       0       1       0       0       0       000010001D    495
     120       1       0       1       0       0       0               0D    496
     126     858       0       1       0       0       0       000010501D    497
     126       1       0       4       0       0       0               0D    498
     126     862       0       1       0       0       0       000010501D    499
     126       1       0       2       0       0       0               0D    500
     126     864       0       1       0       0       0       000010501D    501
     126       1       0       4       0       0       0               0D    502
     126     868       0       1       0       0       0       000010501D    503
     126       1       0       2       0       0       0               0D    504
     102     870       0       1       0       0       0       000010501D    505
     102       1       0       1       0       0       0               0D    506
     124     871       0       1       0       0       0       000010001D    507
     124       1       0       1       0       0       0               0D    508
     100     872       0       1       0       0     507       000010001D    509
     100       1       0       1       0       0       0               0D    510
     110     873       0       1       0       0       0       000010001D    511
     110       1       0       1       0       0       0               0D    512
     124     874       0       1       0       0       0       000010001D    513
     124       1       0       1       0       0       0               0D    514
     100     875       0       1       0       0     513       000010001D    515
     100       1       0       1       0       0       0               0D    516
     110     876       0       1       0       0       0       000010001D    517
     110       1       0       1       0       0       0               0D    518
     102     877       0       1       0       0       0       000010001D    519
     102       1       0       1       0       0       0               0D    520
     142     878       0       1       0       0       0       000010001D    521
     142       1       0       1       0       0       0               0D    522
     144     879       0       1       0       0       0       000000001D    523
     144       1    -489       1       0       0       0               0D    524
     314     880       0       1       0       0       0       000010001D    525
     314       1       0       2       0       0       0               0D    526
     110     882       0       1       0       0       0       000010001D    527
     110       1       0       1       0       0       0               0D    528
     110     883       0       1       0       0       0       000010001D    529
     110       1       0       1       0       0       0               0D    530
     120     884       0       1       0       0       0       000010001D    531
     120       1       0       1       0       0       0               0D    532
     126     885       0       1       0       0       0       000010501D    533
     126       1       0       4       0       0       0               0D    534
     126     889       0       1       0       0       0       000010501D    535
     126       1       0       2       0       0       0               0D    536
     126     891       0       1       0       0       0       000010501D    537
     126       1       0       4       0       0       0               0D    538
     126     895       0       1       0       0       0       000010501D    539
     126       1       0       2       0       0       0               0D    540
     102     897       0       1       0       0       0       000010501D    541
     102       1       0       1       0       0       0               0D    542
     124     898       0       1       0       0       0       000010001D    543
     124       1       0       1       0       0       0               0D    544
     100     899       0       1       0       0     543       000010001D    545
     100       1       0       1       0       0       0               0D    546
     110     900       0       1       0       0       0       000010001D    547
     110       1       0       1       0       0       0               0D    548
     124     901       0       1       0       0       0       000010001D    549
     124       1       0       1       0       0       0               0D    550
     100     902       0       1       0       0     549       000010001D    551
     100       1       0       1       0       0       0               0D    552
     110     903       0       1       0       0       0       000010001D    553
     110       1       0       1       0       0       0               0D    554
     102     904       0       1       0       0       0       000010001D    555
     102       1       0       1       0       0       0               0D    556
     142     905       0       1       0       0       0       000010001D    557
     142       1       0       1       0       0       0               0D    558
     144     906       0       1       0       0       0       000000001D    559
     144       1    -525       1       0       0       0               0D    560
     314     907       0       1       0       0       0       000010001D    561
     314       1       0       2       0       0       0               0D    562
     110     909       0       1       0       0       0       000010001D    563
     110       1       0       1       0       0       0               0D    564
     110     910       0       1       0       0       0       000010001D    565
     110       1       0       1       0       0       0               0D    566
     120     911       0       1       0       0       0       000010001D    567
     120       1       0       1       0       0       0               0D    568
     126     912       0       1       0       0       0       000010501D    569
     126       1       0       3       0       0       0               0D    570
     126     915       0       1       0       0       0       000010501D    571
     126       1       0       2       0       0       0               0D    572
     126     917       0       1       0       0       0       000010501D    573
     126       1       0       3       0       0       0               0D    574
     126     920       0       1       0       0       0       000010501D    575
     126       1       0       2       0       0       0               0D    576
     102     922       0       1       0       0       0       000010501D    577
     102       1       0       1       0       0       0               0D    578
     124     923       0       1       0       0       0       000010001D    579
     124       1       0       1       0       0       0               0D    580
     100     924       0       1       0       0     579       000010001D    581
     100       1       0       1       0       0       0               0D    582
     110     925       0       1       0       0       0       000010001D    583
     110       1       0       1       0       0       0               0D    584
     124     926       0       1       0       0       0       000010001D    585
     124       1       0       1       0       0       0               0D    586
     100     927       0       1       0       0     585       000010001D    587
     100       1       0       1       0       0       0               0D    588
     110     928       0       1       0       0       0       000010001D    589
     110       1       0       1       0       0       0               0D    590
     102     929       0       1       0       0       0       000010001D    591
     102       1       0       1       0       0       0               0D    592
     142     930       0       1       0       0       0       000010001D    593
     142       1       0       1       0       0       0               0D    594
     144     931       0       1       0       0       0       000000001D    595
     144       1    -561       1       0       0       0               0D    596
     314     932       0       1       0       0       0       000010001D    597
     314       1       0       2       0       0       0               0D    598
     110     934       0       1       0       0       0       000010001D    599
     110       1       0       1       0       0       0               0D    600
     110     935       0       1       0       0       0       000010001D    601
     110       1       0       1       0       0       0               0D    602
     120     936       0       1       0       0       0       000010001D    603
     120       1       0       1       0       0       0               0D    604
     126     937       0       1       0       0       0       000010501D    605
     126       1       0       4       0       0       0               0D    606
     126     941       0       1       0       0       0       000010501D    607
     126       1       0       2       0       0       0               0D    608
     126     943       0       1       0       0       0       000010501D    609
     126       1       0       4       0       0       0               0D    610
     126     947       0       1       0       0       0       000010501D    611
     126       1       0       2       0       0       0               0D    612
     102     949       0       1       0       0       0       000010501D    613
     102       1       0       1       0       0       0               0D    614
     124     950       0       1       0       0       0       000010001D    615
     124       1       0       1       0       0       0               0D    616
     100     951       0       1       0       0     615       000010001D    617
     100       1       0       1       0       0       0               0D    618
     110     952       0       1       0       0       0       000010001D    619
     110       1       0       1       0       0       0               0D    620
     124     953       0       1       0       0       0       000010001D    621
     124       1       0       1       0       0       0               0D    622
     100     954       0       1       0       0     621       000010001D    623
     100       1       0       1       0       0       0               0D    624
     110     955       0       1       0       0       0       000010001D    625
     110       1       0       1       0       0       0               0D    626
     102     956       0       1       0       0       0       000010001D    627
     102       1       0       1       0       0       0               0D    628
     142     957       0       1       0       0       0       000010001D    629
     142       1       0       1       0       0       0               0D    630
     144     958       0       1       0       0       0       000000001D    631
     144       1    -597       1       0       0       0               0D    632
     314     959       0       1       0       0       0       000010001D    633
     314       1       0       2       0       0       0               0D    634
     110     961       0       1       0       0       0       000010001D    635
     110       1       0       1       0       0       0               0D    636
     122     962       0       1       0       0       0       000010001D    637
     122       1       0       1       0       0       0               0D    638
     126     963       0       1       0       0       0       000010501D    639
     126       1       0       2       0       0       0               0D    640
     126     965       0       1       0       0       0       000010501D    641
     126       1       0       2       0       0       0               0D    642
     126     967       0       1       0       0       0       000010501D    643
     126       1       0       2       0       0       0               0D    644
     126     969       0       1       0       0       0       000010501D    645
     126       1       0       2       0       0       0               0D    646
     102     971       0       1       0       0       0       000010501D    647
     102       1       0       1       0       0       0               0D    648
     110     972       0       1       0       0       0       000010001D    649
     110       1       0       1       0       0       0               0D    650
     110     973       0       1       0       0       0       000010001D    651
     110       1       0       1       0       0       0               0D    652
     110     974       0       1       0       0       0       000010001D    653
     110       1       0       1       0       0       0               0D    654
     110     975       0       1       0       0       0       000010001D    655
     110       1       0       1       0       0       0               0D    656
     102     976       0       1       0       0       0       000010001D    657
     102       1       0       1       0       0       0               0D    658
     142     977       0       1       0       0       0       000010001D    659
     142       1       0       1       0       0       0               0D    660
     126     978       0       1       0       0       0       000010501D    661
     126       1       0      68       0       0       0               0D    662
     102    1046       0       1       0       0       0       000010501D    663
     102       1       0       1       0       0       0               0D    664
     124    1047       0       1       0       0       0       000010001D    665
     124       1       0       1       0       0       0               0D    666
     100    1048       0       1       0       0     665       000010001D    667
     100       1       0       1       0       0       0               0D    668
     102    1049       0       1       0       0       0       000010001D    669
     102       1       0       1       0       0       0               0D    670
     142    1050       0       1       0       0       0       000010001D    671
     142       1       0       1       0       0       0               0D    672
     144    1051       0       1       0       0       0       000000001D    673
     144       1    -633       1       0       0       0               0D    674
     314    1052       0       1       0       0       0       000010001D    675
     314       1       0       2       0       0       0               0D    676
     110    1054       0       1       0       0       0       000010001D    677
     110       1       0       1       0       0       0               0D    678
     122    1055       0       1       0       0       0       000010001D    679
     122       1       0       1       0       0       0               0D    680
     126    1056       0       1       0       0       0       000010501D    681
     126       1       0       2       0       0       0               0D    682
     126    1058       0       1       0       0       0       000010501D    683
     126       1       0       2       0       0       0               0D    684
     126    1060       0       1       0       0       0       000010501D    685
     126       1       0       2       0       0       0               0D    686
     126    1062       0       1       0       0       0       000010501D    687
     126       1       0       2       0       0       0               0D    688
     102    1064       0       1       0       0       0       000010501D    689
     102       1       0       1       0       0       0               0D    690
     110    1065       0       1       0       0       0       000010001D    691
     110       1       0       1       0       0       0               0D    692
     110    1066       0       1       0       0       0       000010001D    693
     110       1       0       1       0       0       0               0D    694
     110    1067       0       1       0       0       0       000010001D    695
     110       1       0       1       0       0       0               0D    696
     110    1068       0       1       0       0       0       000010001D    697
     110       1       0       1       0       0       0               0D    698
     102    1069       0       1       0       0       0       000010001D    699
     102       1       0       1       0       0       0               0D    700
     142    1070       0       1       0       0       0       000010001D    701
     142       1       0       1       0       0       0               0D    702
     144    1071       0       1       0       0       0       000000001D    703
     144       1    -675       1       0       0       0               0D    704
     314    1072       0       1       0       0       0       000010001D    705
     314       1       0       2       0       0       0               0D    706
     110    1074       0       1       0       0       0       000010001D    707
     110       1       0       1       0       0       0               0D    708
     122    1075       0       1       0       0       0       000010001D    709
     122       1       0       1       0       0       0               0D    710
     126    1076       0       1       0       0       0       000010501D    711
     126       1       0       2       0       0       0               0D    712
     126    1078       0       1       0       0       0       000010501D    713
     126       1       0       2       0       0       0               0D    714
     126    1080       0       1       0       0       0       000010501D    715
     126       1       0       2       0       0       0               0D    716
     126    1082       0       1       0       0       0       000010501D    717
     126       1       0       2       0       0       0               0D    718
     102    1084       0       1       0       0       0       000010501D    719
     102       1       0       1       0       0       0               0D    720
     110    1085       0       1       0       0       0       000010001D    721
     110       1       0       1       0       0       0               0D    722
     110    1086       0       1       0       0       0       000010001D    723
     110       1       0       1       0       0       0               0D    724
     110    1087       0       1       0       0       0       000010001D    725
     110       1       0       1       0       0       0               0D    726
     110    1088       0       1       0       0       0       000010001D    727
     110       1       0       1       0       0       0               0D    728
     102    1089       0       1       0       0       0       000010001D    729
     102       1       0       1       0       0       0               0D    730
     142    1090       0       1       0       0       0       000010001D    731
     142       1       0       1       0       0       0               0D    732
     126    1091       0       1       0       0       0       000010501D    733
     126       1       0       3       0       0       0               0D    734
     126    1094       0       1       0       0       0       000010501D    735
     126       1       0      20       0       0       0               0D    736
     126    1114       0       1       0       0       0       000010501D    737
     126       1       0       3       0       0       0               0D    738
     126    1117       0       1       0       0       0       000010501D    739
     126       1       0      20       0       0       0               0D    740
     126    1137       0       1       0       0       0       000010501D    741
     126       1       0       3       0       0       0               0D    742
     126    1140       0       1       0       0       0       000010501D    743
     126       1       0      20       0       0       0               0D    744
     126    1160       0       1       0       0       0       000010501D    745
     126       1       0       3       0       0       0               0D    746
     126    1163       0       1       0       0       0       000010501D    747
     126       1       0      19       0       0       0               0D    748
     102    1182       0       1       0       0       0       000010501D    749
     102       1       0       1       0       0       0               0D    750
     110    1183       0       1       0       0       0       000010001D    751
     110       1       0       1       0       0       0               0D    752
     124    1184       0       1       0       0       0       000010001D    753
     124       1       0       1       0       0       0               0D    754
     100    1185       0       1       0       0     753       000010001D    755
     100       1       0       1       0       0       0               0D    756
     110    1186       0       1       0       0       0       000010001D    757
     110       1       0       1       0       0       0               0D    758
     124    1187       0       1       0       0       0       000010001D    759
     124       1       0       1       0       0       0               0D    760
     100    1188       0       1       0       0     759       000010001D    761
     100       1       0       1       0       0       0               0D    762
     110    1189       0       1       0       0       0       000010001D    763
     110       1       0       1       0       0       0               0D    764
     124    1190       0       1       0       0       0       000010001D    765
     124       1       0       1       0       0       0               0D    766
     100    1191       0       1       0       0     765       000010001D    767
     100       1       0       1       0       0       0               0D    768
     110    1192       0       1       0       0       0       000010001D    769
     110       1       0       1       0       0       0               0D    770
     124    1193       0       1       0       0       0       000010001D    771
     124       1       0       1       0       0       0               0D    772
     100    1194       0       1       0       0     771       000010001D    773
     100       1       0       1       0       0       0               0D    774
     102    1195       0       1       0       0       0       000010001D    775
     102       1       0       1       0       0       0               0D    776
     142    1196       0       1       0       0       0       000010001D    777
     142       1       0       1       0       0       0               0D    778
     144    1197       0       1       0       0       0       000000001D    779
     144       1    -705       1       0       0       0               0D    780
     314    1198       0       1       0       0       0       000010001D    781
     314       1       0       2       0       0       0               0D    782
     110    1200       0       1       0       0       0       000010001D    783
     110       1       0       1       0       0       0               0D    784
     122    1201       0       1       0       0       0       000010001D    785
     122       1       0       1       0       0       0               0D    786
     126    1202       0       1       0       0       0       000010501D    787
     126       1       0       2       0       0       0               0D    788
     126    1204       0       1       0       0       0       000010501D    789
     126       1       0       2       0       0       0               0D    790
     126    1206       0       1       0       0       0       000010501D    791
     126       1       0       2       0       0       0               0D    792
     126    1208       0       1       0       0       0       000010501D    793
     126       1       0       2       0       0       0               0D    794
     102    1210       0       1       0       0       0       000010501D    795
     102       1       0       1       0       0       0               0D    796
     110    1211       0       1       0       0       0       000010001D    797
     110       1       0       1       0       0       0               0D    798
     110    1212       0       1       0       0       0       000010001D    799
     110       1       0       1       0       0       0               0D    800
     110    1213       0       1       0       0       0       000010001D    801
     110       1       0       1       0       0       0               0D    802
     110    1214       0       1       0       0       0       000010001D    803
     110       1       0       1       0       0       0               0D    804
     102    1215       0       1       0       0       0       000010001D    805
     102       1       0       1       0       0       0               0D    806
     142    1216       0       1       0       0       0       000010001D    807
     142       1       0       1       0       0       0               0D    808
     144    1217       0       1       0       0       0       000000001D    809
     144       1    -781       1       0       0       0               0D    810
     314    1218       0       1       0       0       0       000010001D    811
     314       1       0       2       0       0       0               0D    812
     110    1220       0       1       0       0       0       000010001D    813
     110       1       0       1       0       0       0               0D    814
     122    1221       0       1       0       0       0       000010001D    815
     122       1       0       1       0       0       0               0D    816
     126    1222       0       1       0       0       0       000010501D    817
     126       1       0       3       0       0       0               0D    818
     126    1225       0       1       0       0       0       000010501D    819
     126       1       0      11       0       0       0               0D    820
     126    1236       0       1       0       0       0       000010501D    821
     126       1       0       3       0       0       0               0D    822
     126    1239       0       1       0       0       0       000010501D    823
     126       1       0      10       0       0       0               0D    824
     126    1249       0       1       0       0       0       000010501D    825
     126       1       0       3       0       0       0               0D    826
     126    1252       0       1       0       0       0       000010501D    827
     126       1       0       9       0       0       0               0D    828
     126    1261       0       1       0       0       0       000010501D    829
     126       1       0       3       0       0       0               0D    830
     126    1264       0       1       0       0       0       000010501D    831
     126       1       0      10       0       0       0               0D    832
     102    1274       0       1       0       0       0       000010501D    833
     102       1       0       1       0       0       0               0D    834
     110    1275       0       1       0       0       0       000010001D    835
     110       1       0       1       0       0       0               0D    836
     124    1276       0       1       0       0       0       000010001D    837
     124       1       0       1       0       0       0               0D    838
     100    1277       0       1       0       0     837       000010001D    839
     100       1       0       1       0       0       0               0D    840
     110    1278       0       1       0       0       0       000010001D    841
     110       1       0       1       0       0       0               0D    842
     124    1279       0       1       0       0       0       000010001D    843
     124       1       0       1       0       0       0               0D    844
     100    1280       0       1       0       0     843       000010001D    845
     100       1       0       1       0       0       0               0D    846
     110    1281       0       1       0       0       0       000010001D    847
     110       1       0       1       0       0       0               0D    848
     124    1282       0       1       0       0       0       000010001D    849
     124       1       0       1       0       0       0               0D    850
     100    1283       0       1       0       0     849       000010001D    851
     100       1       0       1       0       0       0               0D    852
     110    1284       0       1       0       0       0       000010001D    853
     110       1       0       1       0       0       0               0D    854
     124    1285       0       1       0       0       0       000010001D    855
     124       1       0       1       0       0       0               0D    856
     100    1286       0       1       0       0     855       000010001D    857
     100       1       0       1       0       0       0               0D    858
     102    1287       0       1       0       0       0       000010001D    859
     102       1       0       1       0       0       0               0D    860
     142    1288       0       1       0       0       0       000010001D    861
     142       1       0       1       0       0       0               0D    862
     126    1289       0       1       0       0       0       000010501D    863
     126       1       0      37       0       0       0               0D    864
     102    1326       0       1       0       0       0       000010501D    865
     102       1       0       1       0       0       0               0D    866
     124    1327       0       1       0       0       0       000010001D    867
     124       1       0       2       0       0       0               0D    868
     100    1329       0       1       0       0     867       000010001D    869
     100       1       0       1       0       0       0               0D    870
     102    1330       0       1       0       0       0       000010001D    871
     102       1       0       1       0       0       0               0D    872
     142    1331       0       1       0       0       0       000010001D    873
     142       1       0       1       0       0       0               0D    874
     126    1332       0       1       0       0       0       000010501D    875
     126       1       0      37       0       0       0               0D    876
     102    1369       0       1       0       0       0       000010501D    877
     102       1       0       1       0       0       0               0D    878
     124    1370       0       1       0       0       0       000010001D    879
     124       1       0       2       0       0       0               0D    880
     100    1372       0       1       0       0     879       000010001D    881
     100       1       0       1       0       0       0               0D    882
     102    1373       0       1       0       0       0       000010001D    883
     102       1       0       1       0       0       0               0D    884
     142    1374       0       1       0       0       0       000010001D    885
     142       1       0       1       0       0       0               0D    886
     126    1375       0       1       0       0       0       000010501D    887
     126       1       0      37       0       0       0               0D    888
     102    1412       0       1       0       0       0       000010501D    889
     102       1       0       1       0       0       0               0D    890
     124    1413       0       1       0       0       0       000010001D    891
     124       1       0       2       0       0       0               0D    892
     100    1415       0       1       0       0     891       000010001D    893
     100       1       0       1       0       0       0               0D    894
     102    1416       0       1       0       0       0       000010001D    895
     102       1       0       1       0       0       0               0D    896
     142    1417       0       1       0       0       0       000010001D    897
     142       1       0       1       0       0       0               0D    898
     126    1418       0       1       0       0       0       000010501D    899
     126       1       0      37       0       0       0               0D    900
     102    1455       0       1       0       0       0       000010501D    901
     102       1       0       1       0       0       0               0D    902
     124    1456       0       1       0       0       0       000010001D    903
     124       1       0       2       0       0       0               0D    904
     100    1458       0       1       0       0     903       000010001D    905
     100       1       0       1       0       0       0               0D    906
     102    1459       0       1       0       0       0       000010001D    907
     102       1       0       1       0       0       0               0D    908
     142    1460       0       1       0       0       0       000010001D    909
     142       1       0       1       0       0       0               0D    910
     126    1461       0       1       0       0       0       000010501D    911
     126       1       0      70       0       0       0               0D    912
     102    1531       0       1       0       0       0       000010501D    913
     102       1       0       1       0       0       0               0D    914
     124    1532       0       1       0       0       0       000010001D    915
     124       1       0       1       0       0       0               0D    916
     100    1533       0       1       0       0     915       000010001D    917
     100       1       0       1       0       0       0               0D    918
     102    1534       0       1       0       0       0       000010001D    919
     102       1       0       1       0       0       0               0D    920
     142    1535       0       1       0       0       0       000010001D    921
     142       1       0       1       0       0       0               0D    922
     144    1536       0       1       0       0       0       000000001D    923
     144       1    -811       1       0       0       0               0D    924
     314    1537       0       1       0       0       0       000010001D    925
     314       1       0       2       0       0       0               0D    926
     110    1539       0       1       0       0       0       000010001D    927
     110       1       0       1       0       0       0               0D    928
     110    1540       0       1       0       0       0       000010001D    929
     110       1       0       1       0       0       0               0D    930
     120    1541       0       1       0       0       0       000010001D    931
     120       1       0       1       0       0       0               0D    932
     126    1542       0       1       0       0       0       000010501D    933
     126       1       0       4       0       0       0               0D    934
     126    1546       0       1       0       0       0       000010501D    935
     126       1       0       2       0       0       0               0D    936
     126    1548       0       1       0       0       0       000010501D    937
     126       1       0       4       0       0       0               0D    938
     126    1552       0       1       0       0       0       000010501D    939
     126       1       0       3       0       0       0               0D    940
     102    1555       0       1       0       0       0       000010501D    941
     102       1       0       1       0       0       0               0D    942
     124    1556       0       1       0       0       0       000010001D    943
     124       1       0       1       0       0       0               0D    944
     100    1557       0       1       0       0     943       000010001D    945
     100       1       0       1       0       0       0               0D    946
     110    1558       0       1       0       0       0       000010001D    947
     110       1       0       1       0       0       0               0D    948
     124    1559       0       1       0       0       0       000010001D    949
     124       1       0       1       0       0       0               0D    950
     100    1560       0       1       0       0     949       000010001D    951
     100       1       0       1       0       0       0               0D    952
     110    1561       0       1       0       0       0       000010001D    953
     110       1       0       1       0       0       0               0D    954
     102    1562       0       1       0       0       0       000010001D    955
     102       1       0       1       0       0       0               0D    956
     142    1563       0       1       0       0       0       000010001D    957
     142       1       0       1       0       0       0               0D    958
     144    1564       0       1       0       0       0       000000001D    959
     144       1    -925       1       0       0       0               0D    960
     314    1565       0       1       0       0       0       000010001D    961
     314       1       0       2       0       0       0               0D    962
     110    1567       0       1       0       0       0       000010001D    963
     110       1       0       1       0       0       0               0D    964
     110    1568       0       1       0       0       0       000010001D    965
     110       1       0       1       0       0       0               0D    966
     120    1569       0       1       0       0       0       000010001D    967
     120       1       0       1       0       0       0               0D    968
     126    1570       0       1       0       0       0       000010501D    969
     126       1       0       4       0       0       0               0D    970
     126    1574       0       1       0       0       0       000010501D    971
     126       1       0       2       0       0       0               0D    972
     126    1576       0       1       0       0       0       000010501D    973
     126       1       0       4       0       0       0               0D    974
     126    1580       0       1       0       0       0       000010501D    975
     126       1       0       3       0       0       0               0D    976
     102    1583       0       1       0       0       0       000010501D    977
     102       1       0       1       0       0       0               0D    978
     124    1584       0       1       0       0       0       000010001D    979
     124       1       0       1       0       0       0               0D    980
     100    1585       0       1       0       0     979       000010001D    981
     100       1       0       1       0       0       0               0D    982
     110    1586       0       1       0       0       0       000010001D    983
     110       1       0       1       0       0       0               0D    984
     124    1587       0       1       0       0       0       000010001D    985
     124       1       0       1       0       0       0               0D    986
     100    1588       0       1       0       0     985       000010001D    987
     100       1       0       1       0       0       0               0D    988
     110    1589       0       1       0       0       0       000010001D    989
     110       1       0       1       0       0       0               0D    990
     102    1590       0       1       0       0       0       000010001D    991
     102       1       0       1       0       0       0               0D    992
     142    1591       0       1       0       0       0       000010001D    993
     142       1       0       1       0       0       0               0D    994
     144    1592       0       1       0       0       0       000000001D    995
     144       1    -961       1       0       0       0               0D    996
     314    1593       0       1       0       0       0       000010001D    997
     314       1       0       2       0       0       0               0D    998
     110    1595       0       1       0       0       0       000010001D    999
     110       1       0       1       0       0       0               0D   1000
     110    1596       0       1       0       0       0       000010001D   1001
     110       1       0       1       0       0       0               0D   1002
     120    1597       0       1       0       0       0       000010001D   1003
     120       1       0       1       0       0       0               0D   1004
     126    1598       0       1       0       0       0       000010501D   1005
     126       1       0       3       0       0       0               0D   1006
     126    1601       0       1       0       0       0       000010501D   1007
     126       1       0       2       0       0       0               0D   1008
     126    1603       0       1       0       0       0       000010501D   1009
     126       1       0       3       0       0       0               0D   1010
     126    1606       0       1       0       0       0       000010501D   1011
     126       1       0       3       0       0       0               0D   1012
     102    1609       0       1       0       0       0       000010501D   1013
     102       1       0       1       0       0       0               0D   1014
     124    1610       0       1       0       0       0       000010001D   1015
     124       1       0       1       0       0       0               0D   1016
     100    1611       0       1       0       0    1015       000010001D   1017
     100       1       0       1       0       0       0               0D   1018
     110    1612       0       1       0       0       0       000010001D   1019
     110       1       0       1       0       0       0               0D   1020
     124    1613       0       1       0       0       0       000010001D   1021
     124       1       0       1       0       0       0               0D   1022
     100    1614       0       1       0       0    1021       000010001D   1023
     100       1       0       1       0       0       0               0D   1024
     110    1615       0       1       0       0       0       000010001D   1025
     110       1       0       1       0       0       0               0D   1026
     102    1616       0       1       0       0       0       000010001D   1027
     102       1       0       1       0       0       0               0D   1028
     142    1617       0       1       0       0       0       000010001D   1029
     142       1       0       1       0       0       0               0D   1030
     144    1618       0       1       0       0       0       000000001D   1031
     144       1    -997       1       0       0       0               0D   1032
     314    1619       0       1       0       0       0       000010001D   1033
     314       1       0       2       0       0       0               0D   1034
     110    1621       0       1       0       0       0       000010001D   1035
     110       1       0       1       0       0       0               0D   1036
     110    1622       0       1       0       0       0       000010001D   1037
     110       1       0       1       0       0       0               0D   1038
     120    1623       0       1       0       0       0       000010001D   1039
     120       1       0       1       0       0       0               0D   1040
     126    1624       0       1       0       0       0       000010501D   1041
     126       1       0       4       0       0       0               0D   1042
     126    1628       0       1       0       0       0       000010501D   1043
     126       1       0       2       0       0       0               0D   1044
     126    1630       0       1       0       0       0       000010501D   1045
     126       1       0       4       0       0       0               0D   1046
     126    1634       0       1       0       0       0       000010501D   1047
     126       1       0       2       0       0       0               0D   1048
     102    1636       0       1       0       0       0       000010501D   1049
     102       1       0       1       0       0       0               0D   1050
     124    1637       0       1       0       0       0       000010001D   1051
     124       1       0       1       0       0       0               0D   1052
     100    1638       0       1       0       0    1051       000010001D   1053
     100       1       0       1       0       0       0               0D   1054
     110    1639       0       1       0       0       0       000010001D   1055
     110       1       0       1       0       0       0               0D   1056
     124    1640       0       1       0       0       0       000010001D   1057
     124       1       0       1       0       0       0               0D   1058
     100    1641       0       1       0       0    1057       000010001D   1059
     100       1       0       1       0       0       0               0D   1060
     110    1642       0       1       0       0       0       000010001D   1061
     110       1       0       1       0       0       0               0D   1062
     102    1643       0       1       0       0       0       000010001D   1063
     102       1       0       1       0       0       0               0D   1064
     142    1644       0       1       0       0       0       000010001D   1065
     142       1       0       1       0       0       0               0D   1066
     144    1645       0       1       0       0       0       000000001D   1067
     144       1   -1033       1       0       0       0               0D   1068
     314    1646       0       1       0       0       0       000010001D   1069
     314       1       0       2       0       0       0               0D   1070
     110    1648       0       1       0       0       0       000010001D   1071
     110       1       0       2       0       0       0               0D   1072
     110    1650       0       1       0       0       0       000010001D   1073
     110       1       0       2       0       0       0               0D   1074
     120    1652       0       1       0       0       0       000010001D   1075
     120       1       0       1       0       0       0               0D   1076
     126    1653       0       1       0       0       0       000010501D   1077
     126       1       0       3       0       0       0               0D   1078
     126    1656       0       1       0       0       0       000010501D   1079
     126       1       0       2       0       0       0               0D   1080
     126    1658       0       1       0       0       0       000010501D   1081
     126       1       0       2       0       0       0               0D   1082
     126    1660       0       1       0       0       0       000010501D   1083
     126       1       0       2       0       0       0               0D   1084
     126    1662       0       1       0       0       0       000010501D   1085
     126       1       0       2       0       0       0               0D   1086
     126    1664       0       1       0       0       0       000010501D   1087
     126       1       0       2       0       0       0               0D   1088
     126    1666       0       1       0       0       0       000010501D   1089
     126       1       0       2       0       0       0               0D   1090
     126    1668       0       1       0       0       0       000010501D   1091
     126       1       0       2       0       0       0               0D   1092
     102    1670       0       1       0       0       0       000010501D   1093
     102       1       0       1       0       0       0               0D   1094
     124    1671       0       1       0       0       0       000010001D   1095
     124       1       0       2       0       0       0               0D   1096
     100    1673       0       1       0       0    1095       000010001D   1097
     100       1       0       1       0       0       0               0D   1098
     110    1674       0       1       0       0       0       000010001D   1099
     110       1       0       2       0       0       0               0D   1100
     124    1676       0       1       0       0       0       000010001D   1101
     124       1       0       2       0       0       0               0D   1102
     100    1678       0       1       0       0    1101       000010001D   1103
     100       1       0       1       0       0       0               0D   1104
     110    1679       0       1       0       0       0       000010001D   1105
     110       1       0       2       0       0       0               0D   1106
     102    1681       0       1       0       0       0       000010001D   1107
     102       1       0       1       0       0       0               0D   1108
     142    1682       0       1       0       0       0       000010001D   1109
     142       1       0       1       0       0       0               0D   1110
     144    1683       0       1       0       0       0       000000001D   1111
     144       1   -1069       1       0       0       0               0D   1112
     314    1684       0       1       0       0       0       000010001D   1113
     314       1       0       2       0       0       0               0D   1114
     110    1686       0       1       0       0       0       000010001D   1115
     110       1       0       2       0       0       0               0D   1116
     110    1688       0       1       0       0       0       000010001D   1117
     110       1       0       2       0       0       0               0D   1118
     120    1690       0       1       0       0       0       000010001D   1119
     120       1       0       1       0       0       0               0D   1120
     126    1691       0       1       0       0       0       000010501D   1121
     126       1       0       3       0       0       0               0D   1122
     126    1694       0       1       0       0       0       000010501D   1123
     126       1       0       2       0       0       0               0D   1124
     126    1696       0       1       0       0       0       000010501D   1125
     126       1       0       2       0       0       0               0D   1126
     126    1698       0       1       0       0       0       000010501D   1127
     126       1       0       2       0       0       0               0D   1128
     126    1700       0       1       0       0       0       000010501D   1129
     126       1       0       2       0       0       0               0D   1130
     126    1702       0       1       0       0       0       000010501D   1131
     126       1       0       2       0       0       0               0D   1132
     126    1704       0       1       0       0       0       000010501D   1133
     126       1       0       2       0       0       0               0D   1134
     126    1706       0       1       0       0       0       000010501D   1135
     126       1       0       2       0       0       0               0D   1136
     102    1708       0       1       0       0       0       000010501D   1137
     102       1       0       1       0       0       0               0D   1138
     124    1709       0       1       0       0       0       000010001D   1139
     124       1       0       2       0       0       0               0D   1140
     100    1711       0       1       0       0    1139       000010001D   1141
     100       1       0       1       0       0       0               0D   1142
     110    1712       0       1       0       0       0       000010001D   1143
     110       1       0       2       0       0       0               0D   1144
     124    1714       0       1       0       0       0       000010001D   1145
     124       1       0       2       0       0       0               0D   1146
     100    1716       0       1       0       0    1145       000010001D   1147
     100       1       0       1       0       0       0               0D   1148
     110    1717       0       1       0       0       0       000010001D   1149
     110       1       0       2       0       0       0               0D   1150
     102    1719       0       1       0       0       0       000010001D   1151
     102       1       0       1       0       0       0               0D   1152
     142    1720       0       1       0       0       0       000010001D   1153
     142       1       0       1       0       0       0               0D   1154
     144    1721       0       1       0       0       0       000000001D   1155
     144       1   -1113       1       0       0       0               0D   1156
     314    1722       0       1       0       0       0       000010001D   1157
     314       1       0       2       0       0       0               0D   1158
     110    1724       0       1       0       0       0       000010001D   1159
     110       1       0       2       0       0       0               0D   1160
     110    1726       0       1       0       0       0       000010001D   1161
     110       1       0       2       0       0       0               0D   1162
     120    1728       0       1       0       0       0       000010001D   1163
     120       1       0       1       0       0       0               0D   1164
     126    1729       0       1       0       0       0       000010501D   1165
     126       1       0       3       0       0       0               0D   1166
     126    1732       0       1       0       0       0       000010501D   1167
     126       1       0       2       0       0       0               0D   1168
     126    1734       0       1       0       0       0       000010501D   1169
     126       1       0       2       0       0       0               0D   1170
     126    1736       0       1       0       0       0       000010501D   1171
     126       1       0       2       0       0       0               0D   1172
     126    1738       0       1       0       0       0       000010501D   1173
     126       1       0       2       0       0       0               0D   1174
     126    1740       0       1       0       0       0       000010501D   1175
     126       1       0       2       0       0       0               0D   1176
     126    1742       0       1       0       0       0       000010501D   1177
     126       1       0       2       0       0       0               0D   1178
     126    1744       0       1       0       0       0       000010501D   1179
     126       1       0       2       0       0       0               0D   1180
     102    1746       0       1       0       0       0       000010501D   1181
     102       1       0       1       0       0       0               0D   1182
     124    1747       0       1       0       0       0       000010001D   1183
     124       1       0       2       0       0       0               0D   1184
     100    1749       0       1       0       0    1183       000010001D   1185
     100       1       0       1       0       0       0               0D   1186
     110    1750       0       1       0       0       0       000010001D   1187
     110       1       0       2       0       0       0               0D   1188
     124    1752       0       1       0       0       0       000010001D   1189
     124       1       0       2       0       0       0               0D   1190
     100    1754       0       1       0       0    1189       000010001D   1191
     100       1       0       1       0       0       0               0D   1192
     110    1755       0       1       0       0       0       000010001D   1193
     110       1       0       2       0       0       0               0D   1194
     102    1757       0       1       0       0       0       000010001D   1195
     102       1       0       1       0       0       0               0D   1196
     142    1758       0       1       0       0       0       000010001D   1197
     142       1       0       1       0       0       0               0D   1198
     144    1759       0       1       0       0       0       000000001D   1199
     144       1   -1157       1       0       0       0               0D   1200
     314    1760       0       1       0       0       0       000010001D   1201
     314       1       0       2       0       0       0               0D   1202
     110    1762       0       1       0       0       0       000010001D   1203
     110       1       0       2       0       0       0               0D   1204
     110    1764       0       1       0       0       0       000010001D   1205
     110       1       0       2       0       0       0               0D   1206
     120    1766       0       1       0       0       0       000010001D   1207
     120       1       0       1       0       0       0               0D   1208
     126    1767       0       1       0       0       0       000010501D   1209
     126       1       0       3       0       0       0               0D   1210
     126    1770       0       1       0       0       0       000010501D   1211
     126       1       0       2       0       0       0               0D   1212
     126    1772       0       1       0       0       0       000010501D   1213
     126       1       0       2       0       0       0               0D   1214
     126    1774       0       1       0       0       0       000010501D   1215
     126       1       0       2       0       0       0               0D   1216
     126    1776       0       1       0       0       0       000010501D   1217
     126       1       0       2       0       0       0               0D   1218
     126    1778       0       1       0       0       0       000010501D   1219
     126       1       0       2       0       0       0               0D   1220
     126    1780       0       1       0       0       0       000010501D   1221
     126       1       0       2       0       0       0               0D   1222
     126    1782       0       1       0       0       0       000010501D   1223
     126       1       0       2       0       0       0               0D   1224
     102    1784       0       1       0       0       0       000010501D   1225
     102       1       0       1       0       0       0               0D   1226
     124    1785       0       1       0       0       0       000010001D   1227
     124       1       0       2       0       0       0               0D   1228
     100    1787       0       1       0       0    1227       000010001D   1229
     100       1       0       1       0       0       0               0D   1230
     110    1788       0       1       0       0       0       000010001D   1231
     110       1       0       2       0       0       0               0D   1232
     124    1790       0       1       0       0       0       000010001D   1233
     124       1       0       2       0       0       0               0D   1234
     100    1792       0       1       0       0    1233       000010001D   1235
     100       1       0       1       0       0       0               0D   1236
     110    1793       0       1       0       0       0       000010001D   1237
     110       1       0       2       0       0       0               0D   1238
     102    1795       0       1       0       0       0       000010001D   1239
     102       1       0       1       0       0       0               0D   1240
     142    1796       0       1       0       0       0       000010001D   1241
     142       1       0       1       0       0       0               0D   1242
     144    1797       0       1       0       0       0       000000001D   1243
     144       1   -1201       1       0       0       0               0D   1244
     314    1798       0       1       0       0       0       000010001D   1245
     314       1       0       2       0       0       0               0D   1246
     110    1800       0       1       0       0       0       000010001D   1247
     110       1       0       1       0       0       0               0D   1248
     122    1801       0       1       0       0       0       000010001D   1249
     122       1       0       1       0       0       0               0D   1250
     126    1802       0       1       0       0       0       000010501D   1251
     126       1       0       2       0       0       0               0D   1252
     126    1804       0       1       0       0       0       000010501D   1253
     126       1       0       2       0       0       0               0D   1254
     126    1806       0       1       0       0       0       000010501D   1255
     126       1       0       2       0       0       0               0D   1256
     126    1808       0       1       0       0       0       000010501D   1257
     126       1       0       2       0       0       0               0D   1258
     102    1810       0       1       0       0       0       000010501D   1259
     102       1       0       1       0       0       0               0D   1260
     110    1811       0       1       0       0       0       000010001D   1261
     110       1       0       1       0       0       0               0D   1262
     110    1812       0       1       0       0       0       000010001D   1263
     110       1       0       1       0       0       0               0D   1264
     110    1813       0       1       0       0       0       000010001D   1265
     110       1       0       1       0       0       0               0D   1266
     110    1814       0       1       0       0       0       000010001D   1267
     110       1       0       1       0       0       0               0D   1268
     102    1815       0       1       0       0       0       000010001D   1269
     102       1       0       1       0       0       0               0D   1270
     142    1816       0       1       0       0       0       000010001D   1271
     142       1       0       1       0       0       0               0D   1272
     144    1817       0       1       0       0       0       000000001D   1273
     144       1   -1245       1       0       0       0               0D   1274
     314    1818       0       1       0       0       0       000010001D   1275
     314       1       0       2       0       0       0               0D   1276
     110    1820       0       1       0       0       0       000010001D   1277
     110       1       0       1       0       0       0               0D   1278
     110    1821       0       1       0       0       0       000010001D   1279
     110       1       0       1       0       0       0               0D   1280
     120    1822       0       1       0       0       0       000010001D   1281
     120       1       0       1       0       0       0               0D   1282
     126    1823       0       1       0       0       0       000010501D   1283
     126       1       0       4       0       0       0               0D   1284
     126    1827       0       1       0       0       0       000010501D   1285
     126       1       0       2       0       0       0               0D   1286
     126    1829       0       1       0       0       0       000010501D   1287
     126       1       0       4       0       0       0               0D   1288
     126    1833       0       1       0       0       0       000010501D   1289
     126       1       0       3       0       0       0               0D   1290
     102    1836       0       1       0       0       0       000010501D   1291
     102       1       0       1       0       0       0               0D   1292
     124    1837       0       1       0       0       0       000010001D   1293
     124       1       0       1       0       0       0               0D   1294
     100    1838       0       1       0       0    1293       000010001D   1295
     100       1       0       1       0       0       0               0D   1296
     110    1839       0       1       0       0       0       000010001D   1297
     110       1       0       1       0       0       0               0D   1298
     124    1840       0       1       0       0       0       000010001D   1299
     124       1       0       1       0       0       0               0D   1300
     100    1841       0       1       0       0    1299       000010001D   1301
     100       1       0       1       0       0       0               0D   1302
     110    1842       0       1       0       0       0       000010001D   1303
     110       1       0       1       0       0       0               0D   1304
     102    1843       0       1       0       0       0       000010001D   1305
     102       1       0       1       0       0       0               0D   1306
     142    1844       0       1       0       0       0       000010001D   1307
     142       1       0       1       0       0       0               0D   1308
     144    1845       0       1       0       0       0       000000001D   1309
     144       1   -1275       1       0       0       0               0D   1310
     314    1846       0       1       0       0       0       000010001D   1311
     314       1       0       2       0       0       0               0D   1312
     110    1848       0       1       0       0       0       000010001D   1313
     110       1       0       1       0       0       0               0D   1314
     122    1849       0       1       0       0       0       000010001D   1315
     122       1       0       1       0       0       0               0D   1316
     126    1850       0       1       0       0       0       000010501D   1317
     126       1       0       2       0       0       0               0D   1318
     126    1852       0       1       0       0       0       000010501D   1319
     126       1       0       2       0       0       0               0D   1320
     126    1854       0       1       0       0       0       000010501D   1321
     126       1       0       2       0       0       0               0D   1322
     126    1856       0       1       0       0       0       000010501D   1323
     126       1       0       2       0       0       0               0D   1324
     102    1858       0       1       0       0       0       000010501D   1325
     102       1       0       1       0       0       0               0D   1326
     110    1859       0       1       0       0       0       000010001D   1327
     110       1       0       1       0       0       0               0D   1328
     110    1860       0       1       0       0       0       000010001D   1329
     110       1       0       1       0       0       0               0D   1330
     110    1861       0       1       0       0       0       000010001D   1331
     110       1       0       1       0       0       0               0D   1332
     110    1862       0       1       0       0       0       000010001D   1333
     110       1       0       1       0       0       0               0D   1334
     102    1863       0       1       0       0       0       000010001D   1335
     102       1       0       1       0       0       0               0D   1336
     142    1864       0       1       0       0       0       000010001D   1337
     142       1       0       1       0       0       0               0D   1338
     144    1865       0       1       0       0       0       000000001D   1339
     144       1   -1311       1       0       0       0               0D   1340
     314    1866       0       1       0       0       0       000010001D   1341
     314       1       0       2       0       0       0               0D   1342
     110    1868       0       1       0       0       0       000010001D   1343
     110       1       0       1       0       0       0               0D   1344
     110    1869       0       1       0       0       0       000010001D   1345
     110       1       0       1       0       0       0               0D   1346
     120    1870       0       1       0       0       0       000010001D   1347
     120       1       0       1       0       0       0               0D   1348
     126    1871       0       1       0       0       0       000010501D   1349
     126       1       0       4       0       0       0               0D   1350
     126    1875       0       1       0       0       0       000010501D   1351
     126       1       0       2       0       0       0               0D   1352
     126    1877       0       1       0       0       0       000010501D   1353
     126       1       0       4       0       0       0               0D   1354
     126    1881       0       1       0       0       0       000010501D   1355
     126       1       0       3       0       0       0               0D   1356
     102    1884       0       1       0       0       0       000010501D   1357
     102       1       0       1       0       0       0               0D   1358
     124    1885       0       1       0       0       0       000010001D   1359
     124       1       0       1       0       0       0               0D   1360
     100    1886       0       1       0       0    1359       000010001D   1361
     100       1       0       1       0       0       0               0D   1362
     110    1887       0       1       0       0       0       000010001D   1363
     110       1       0       1       0       0       0               0D   1364
     124    1888       0       1       0       0       0       000010001D   1365
     124       1       0       1       0       0       0               0D   1366
     100    1889       0       1       0       0    1365       000010001D   1367
     100       1       0       1       0       0       0               0D   1368
     110    1890       0       1       0       0       0       000010001D   1369
     110       1       0       1       0       0       0               0D   1370
     102    1891       0       1       0       0       0       000010001D   1371
     102       1       0       1       0       0       0               0D   1372
     142    1892       0       1       0       0       0       000010001D   1373
     142       1       0       1       0       0       0               0D   1374
     144    1893       0       1       0       0       0       000000001D   1375
     144       1   -1341       1       0       0       0               0D   1376
     314    1894       0       1       0       0       0       000010001D   1377
     314       1       0       2       0       0       0               0D   1378
     110    1896       0       1       0       0       0       000010001D   1379
     110       1       0       1       0       0       0               0D   1380
     122    1897       0       1       0       0       0       000010001D   1381
     122       1       0       1       0       0       0               0D   1382
     126    1898       0       1       0       0       0       000010501D   1383
     126       1       0       2       0       0       0               0D   1384
     126    1900       0       1       0       0       0       000010501D   1385
     126       1       0       2       0       0       0               0D   1386
     126    1902       0       1       0       0       0       000010501D   1387
     126       1       0       2       0       0       0               0D   1388
     126    1904       0       1       0       0       0       000010501D   1389
     126       1       0       2       0       0       0               0D   1390
     102    1906       0       1       0       0       0       000010501D   1391
     102       1       0       1       0       0       0               0D   1392
     110    1907       0       1       0       0       0       000010001D   1393
     110       1       0       1       0       0       0               0D   1394
     110    1908       0       1       0       0       0       000010001D   1395
     110       1       0       1       0       0       0               0D   1396
     110    1909       0       1       0       0       0       000010001D   1397
     110       1       0       1       0       0       0               0D   1398
     110    1910       0       1       0       0       0       000010001D   1399
     110       1       0       1       0       0       0               0D   1400
     102    1911       0       1       0       0       0       000010001D   1401
     102       1       0       1       0       0       0               0D   1402
     142    1912       0       1       0       0       0       000010001D   1403
     142       1       0       1       0       0       0               0D   1404
     144    1913       0       1       0       0       0       000000001D   1405
     144       1   -1377       1       0       0       0               0D   1406
     314    1914       0       1       0       0       0       000010001D   1407
     314       1       0       2       0       0       0               0D   1408
     110    1916       0       1       0       0       0       000010001D   1409
     110       1       0       1       0       0       0               0D   1410
     110    1917       0       1       0       0       0       000010001D   1411
     110       1       0       1       0       0       0               0D   1412
     120    1918       0       1       0       0       0       000010001D   1413
     120       1       0       1       0       0       0               0D   1414
     126    1919       0       1       0       0       0       000010501D   1415
     126       1       0       3       0       0       0               0D   1416
     126    1922       0       1       0       0       0       000010501D   1417
     126       1       0       2       0       0       0               0D   1418
     126    1924       0       1       0       0       0       000010501D   1419
     126       1       0       2       0       0       0               0D   1420
     126    1926       0       1       0       0       0       000010501D   1421
     126       1       0       2       0       0       0               0D   1422
     102    1928       0       1       0       0       0       000010501D   1423
     102       1       0       1       0       0       0               0D   1424
     124    1929       0       1       0       0       0       000010001D   1425
     124       1       0       1       0       0       0               0D   1426
     100    1930       0       1       0       0    1425       000010001D   1427
     100       1       0       1       0       0       0               0D   1428
     110    1931       0       1       0       0       0       000010001D   1429
     110       1       0       1       0       0       0               0D   1430
     124    1932       0       1       0       0       0       000010001D   1431
     124       1       0       1       0       0       0               0D   1432
     100    1933       0       1       0       0    1431       000010001D   1433
     100       1       0       1       0       0       0               0D   1434
     110    1934       0       1       0       0       0       000010001D   1435
     110       1       0       1       0       0       0               0D   1436
     102    1935       0       1       0       0       0       000010001D   1437
     102       1       0       1       0       0       0               0D   1438
     142    1936       0       1       0       0       0       000010001D   1439
     142       1       0       1       0       0       0               0D   1440
     144    1937       0       1       0       0       0       000000001D   1441
     144       1   -1407       1       0       0       0               0D   1442
     314    1938       0       1       0       0       0       000010001D   1443
     314       1       0       2       0       0       0               0D   1444
     110    1940       0       1       0       0       0       000010001D   1445
     110       1       0       1       0       0       0               0D   1446
     122    1941       0       1       0       0       0       000010001D   1447
     122       1       0       1       0       0       0               0D   1448
     126    1942       0       1       0       0       0       000010501D   1449
     126       1       0       2       0       0       0               0D   1450
     126    1944       0       1       0       0       0       000010501D   1451
     126       1       0       2       0       0       0               0D   1452
     126    1946       0       1       0       0       0       000010501D   1453
     126       1       0       2       0       0       0               0D   1454
     126    1948       0       1       0       0       0       000010501D   1455
     126       1       0       2       0       0       0               0D   1456
     102    1950       0       1       0       0       0       000010501D   1457
     102       1       0       1       0       0       0               0D   1458
     110    1951       0       1       0       0       0       000010001D   1459
     110       1       0       1       0       0       0               0D   1460
     110    1952       0       1       0       0       0       000010001D   1461
     110       1       0       1       0       0       0               0D   1462
     110    1953       0       1       0       0       0       000010001D   1463
     110       1       0       1       0       0       0               0D   1464
     110    1954       0       1       0       0       0       000010001D   1465
     110       1       0       1       0       0       0               0D   1466
     102    1955       0       1       0       0       0       000010001D   1467
     102       1       0       1       0       0       0               0D   1468
     142    1956       0       1       0       0       0       000010001D   1469
     142       1       0       1       0       0       0               0D   1470
     144    1957       0       1       0       0       0       000000001D   1471
     144       1   -1443       1       0       0       0               0D   1472
     314    1958       0       1       0       0       0       000010001D   1473
     314       1       0       2       0       0       0               0D   1474
     110    1960       0       1       0       0       0       000010001D   1475
     110       1       0       1       0       0       0               0D   1476
     110    1961       0       1       0       0       0       000010001D   1477
     110       1       0       1       0       0       0               0D   1478
     120    1962       0       1       0       0       0       000010001D   1479
     120       1       0       1       0       0       0               0D   1480
     126    1963       0       1       0       0       0       000010501D   1481
     126       1       0       3       0       0       0               0D   1482
     126    1966       0       1       0       0       0       000010501D   1483
     126       1       0       2       0       0       0               0D   1484
     126    1968       0       1       0       0       0       000010501D   1485
     126       1       0       4       0       0       0               0D   1486
     126    1972       0       1       0       0       0       000010501D   1487
     126       1       0       3       0       0       0               0D   1488
     102    1975       0       1       0       0       0       000010501D   1489
     102       1       0       1       0       0       0               0D   1490
     124    1976       0       1       0       0       0       000010001D   1491
     124       1       0       1       0       0       0               0D   1492
     100    1977       0       1       0       0    1491       000010001D   1493
     100       1       0       1       0       0       0               0D   1494
     110    1978       0       1       0       0       0       000010001D   1495
     110       1       0       1       0       0       0               0D   1496
     124    1979       0       1       0       0       0       000010001D   1497
     124       1       0       1       0       0       0               0D   1498
     100    1980       0       1       0       0    1497       000010001D   1499
     100       1       0       1       0       0       0               0D   1500
     110    1981       0       1       0       0       0       000010001D   1501
     110       1       0       1       0       0       0               0D   1502
     102    1982       0       1       0       0       0       000010001D   1503
     102       1       0       1       0       0       0               0D   1504
     142    1983       0       1       0       0       0       000010001D   1505
     142       1       0       1       0       0       0               0D   1506
     144    1984       0       1       0       0       0       000000001D   1507
     144       1   -1473       1       0       0       0               0D   1508
314,61.5686297416687,81.17647171020508,92.9411768913269,10HMixed       1P      1
Color;                                                                 1P      2
110,0.067,0.075,0.,-0.067,0.075,0.;                                    3P      3
122,3,0.067,0.075,0.15;                                                5P      4
126,1,1,1,0,1,0,-0.067,-0.067,0.067,0.067,1.,1.,-0.,0.,0.,1.,0.,       7P      5
0.,-0.067,0.067,0.,0.,1.;                                              7P      6
126,1,1,1,0,1,0,-0.15,-0.15,0.,0.,1.,1.,1.,0.,0.,1.,1.,0.,-0.15,       9P      7
0.,0.,0.,1.;                                                           9P      8
126,1,1,1,0,1,0,-0.067,-0.067,0.067,0.067,1.,1.,1.,1.,0.,-0.,1.,      11P      9
0.,-0.067,0.067,0.,0.,1.;                                             11P     10
126,1,1,1,0,1,0,0.,0.,0.15,0.15,1.,1.,-0.,1.,0.,-0.,0.,0.,0.,         13P     11
0.15,0.,0.,1.;                                                        13P     12
102,4,7,9,11,13;                                                      15P     13
110,0.067,0.075,0.,-0.067,0.075,0.;                                   17P     14
110,-0.067,0.075,0.,-0.067,0.075,0.15;                                19P     15
110,-0.067,0.075,0.15,0.067,0.075,0.15;                               21P     16
110,0.067,0.075,0.15,0.067,0.075,0.;                                  23P     17
102,4,17,19,21,23;                                                    25P     18
142,1,5,15,25,2;                                                      27P     19
126,16,2,1,0,1,0,-4.71238898038469,-4.71238898038469,                 29P     20
-4.71238898038469,-4.51603943953533,-4.51603943953533,                29P     21
-4.31968989868597,-4.31968989868597,-4.1233403578366,                 29P     22
-4.1233403578366,-3.92699081698724,-3.92699081698724,                 29P     23
-3.73064127613788,-3.73064127613788,-3.53429173528852,                29P     24
-3.53429173528852,-3.33794219443916,-3.33794219443916,                29P     25
-3.14159265358979,-3.14159265358979,-3.14159265358979,1.,1.,1.,       29P     26
1.,1.,1.,1.,1.,1.,1.,1.,1.,1.,1.,1.,1.,1.,0.16417910447761,           29P     27
0.36666666666667,0.,0.15682899974947,0.36666666666667,0.,             29P     28
0.14962012522268,0.36794764797312,0.,0.14241125069589,                29P     29
0.36922862927957,0.,0.13562063937574,0.37174136449925,0.,             29P     30
0.12883002805559,0.37425409971893,0.,0.1227186393269,                 29P     31
0.3779020258465,0.,0.1166072505982,0.38154995197407,0.,               29P     32
0.1114099417025,0.38619288125423,0.,0.10621263280679,                 29P     33
0.39083581053439,0.,0.10212913341026,0.39629531779869,0.,             29P     34
0.09804563401372,0.40175482506299,0.,0.09523287070811,                29P     35
0.40782110450899,0.,0.0924201074025,0.41388738395499,0.,              29P     36
0.09098617310424,0.42032731186559,0.,0.08955223880597,                29P     37
0.42676723977619,0.,0.08955223880597,0.43333333333333,0.,             29P     38
-4.71238898038469,-3.14159265358979,0.,0.,1.;                         29P     39
126,1,1,1,0,1,0,-0.01,-0.01,0.01,0.01,1.,1.,0.08955223880597,         31P     40
0.43333333333333,0.,0.08955223880597,0.56666666666667,0.,-0.01,       31P     41
0.01,0.,0.,1.;                                                        31P     42
126,16,2,1,0,1,0,-3.14159265358979,-3.14159265358979,                 33P     43
-3.14159265358979,-2.94524311274043,-2.94524311274043,                33P     44
-2.74889357189107,-2.74889357189107,-2.55254403104171,                33P     45
-2.55254403104171,-2.35619449019234,-2.35619449019234,                33P     46
-2.15984494934298,-2.15984494934298,-1.96349540849362,                33P     47
-1.96349540849362,-1.76714586764426,-1.76714586764426,                33P     48
-1.5707963267949,-1.5707963267949,-1.5707963267949,1.,1.,1.,1.,       33P     49
1.,1.,1.,1.,1.,1.,1.,1.,1.,1.,1.,1.,1.,0.08955223880597,              33P     50
0.56666666666667,0.,0.08955223880597,0.57323276022381,0.,             33P     51
0.09098617310424,0.57967268813441,0.,0.0924201074025,                 33P     52
0.58611261604501,0.,0.09523287070811,0.59217889549101,0.,             33P     53
0.09804563401372,0.59824517493701,0.,0.10212913341026,                33P     54
0.60370468220131,0.,0.10621263280679,0.60916418946561,0.,             33P     55
0.1114099417025,0.61380711874577,0.,0.1166072505982,                  33P     56
0.61845004802593,0.,0.1227186393269,0.6220979741535,0.,               33P     57
0.12883002805559,0.62574590028107,0.,0.13562063937574,                33P     58
0.62825863550075,0.,0.14241125069589,0.63077137072043,0.,             33P     59
0.14962012522268,0.63205235202688,0.,0.15682899974947,                33P     60
0.63333333333333,0.,0.16417910447761,0.63333333333333,0.,             33P     61
-3.14159265358979,-1.5707963267949,0.,0.,1.;                          33P     62
126,1,1,1,0,1,0,-0.045,-0.045,0.045,0.045,1.,1.,                      35P     63
0.16417910447761,0.63333333333333,0.,0.83582089552239,                35P     64
0.63333333333333,0.,-0.045,0.045,0.,0.,1.;                            35P     65
126,16,2,1,0,1,0,-1.5707963267949,-1.5707963267949,                   37P     66
-1.5707963267949,-1.37444678594553,-1.37444678594553,                 37P     67
-1.17809724509617,-1.17809724509617,-0.98174770424681,                37P     68
-0.98174770424681,-0.78539816339745,-0.78539816339745,                37P     69
-0.58904862254809,-0.58904862254809,-0.39269908169872,                37P     70
-0.39269908169872,-0.19634954084936,-0.19634954084936,0.,0.,0.,       37P     71
1.,1.,1.,1.,1.,1.,1.,1.,1.,1.,1.,1.,1.,1.,1.,1.,1.,                   37P     72
0.83582089552239,0.63333333333333,0.,0.84317100025053,                37P     73
0.63333333333333,0.,0.85037987477732,0.63205235202688,0.,             37P     74
0.85758874930411,0.63077137072043,0.,0.86437936062426,                37P     75
0.62825863550075,0.,0.87116997194441,0.62574590028107,0.,             37P     76
0.8772813606731,0.6220979741535,0.,0.8833927494018,                   37P     77
0.61845004802593,0.,0.8885900582975,0.61380711874577,0.,              37P     78
0.89378736719321,0.60916418946561,0.,0.89787086658974,                37P     79
0.60370468220131,0.,0.90195436598628,0.59824517493701,0.,             37P     80
0.90476712929189,0.59217889549101,0.,0.9075798925975,                 37P     81
0.58611261604501,0.,0.90901382689576,0.57967268813441,0.,             37P     82
0.91044776119403,0.57323276022381,0.,0.91044776119403,                37P     83
0.56666666666667,0.,-1.5707963267949,0.,0.,0.,1.;                     37P     84
126,1,1,1,0,1,0,-0.01,-0.01,0.01,0.01,1.,1.,0.91044776119403,         39P     85
0.56666666666667,0.,0.91044776119403,0.43333333333333,0.,-0.01,       39P     86
0.01,0.,0.,1.;                                                        39P     87
126,16,2,1,0,1,0,-6.28318530717959,-6.28318530717959,                 41P     88
-6.28318530717959,-6.08683576633022,-6.08683576633022,                41P     89
-5.89048622548086,-5.89048622548086,-5.6941366846315,                 41P     90
-5.6941366846315,-5.49778714378214,-5.49778714378214,                 41P     91
-5.30143760293278,-5.30143760293278,-5.10508806208341,                41P     92
-5.10508806208341,-4.90873852123405,-4.90873852123405,                41P     93
-4.71238898038469,-4.71238898038469,-4.71238898038469,1.,1.,1.,       41P     94
1.,1.,1.,1.,1.,1.,1.,1.,1.,1.,1.,1.,1.,1.,0.91044776119403,           41P     95
0.43333333333333,0.,0.91044776119403,0.42676723977619,0.,             41P     96
0.90901382689576,0.42032731186559,0.,0.9075798925975,                 41P     97
0.41388738395499,0.,0.90476712929189,0.40782110450899,0.,             41P     98
0.90195436598628,0.40175482506299,0.,0.89787086658974,                41P     99
0.39629531779869,0.,0.89378736719321,0.39083581053439,0.,             41P    100
0.8885900582975,0.38619288125423,0.,0.8833927494018,                  41P    101
0.38154995197407,0.,0.8772813606731,0.3779020258465,0.,               41P    102
0.87116997194441,0.37425409971893,0.,0.86437936062426,                41P    103
0.37174136449925,0.,0.85758874930411,0.36922862927957,0.,             41P    104
0.85037987477732,0.36794764797312,0.,0.84317100025053,                41P    105
0.36666666666667,0.,0.83582089552239,0.36666666666667,0.,             41P    106
-6.28318530717959,-4.71238898038469,0.,0.,1.;                         41P    107
126,1,1,1,0,1,0,-0.045,-0.045,0.045,0.045,1.,1.,                      43P    108
0.83582089552239,0.36666666666667,0.,0.16417910447761,                43P    109
0.36666666666667,0.,-0.045,0.045,0.,0.,1.;                            43P    110
102,8,29,31,33,35,37,39,41,43;                                        45P    111
124,-1.,0.,0.,0.045,-0.,0.,-1.,0.075,0.,-1.,0.,0.065;                 47P    112
100,0.,0.,0.,-0.,0.01,-0.01,-0.;                                      49P    113
110,0.055,0.075,0.065,0.055,0.075,0.085;                              51P    114
124,-1.,0.,0.,0.045,-0.,0.,-1.,0.075,0.,-1.,0.,0.085;                 53P    115
100,0.,0.,0.,-0.01,-0.,0.,-0.01;                                      55P    116
110,0.045,0.075,0.095,-0.045,0.075,0.095;                             57P    117
124,-1.,0.,0.,-0.045,-0.,0.,-1.,0.075,0.,-1.,0.,0.085;                59P    118
100,0.,0.,0.,0.,-0.01,0.01,0.;                                        61P    119
110,-0.055,0.075,0.085,-0.055,0.075,0.065;                            63P    120
124,-1.,0.,0.,-0.045,-0.,0.,-1.,0.075,0.,-1.,0.,0.065;                65P    121
100,0.,0.,0.,0.01,0.,-0.,0.01;                                        67P    122
110,-0.045,0.075,0.055,0.045,0.075,0.055;                             69P    123
102,8,49,51,55,57,61,63,67,69;                                        71P    124
142,1,5,45,71,2;                                                      73P    125
144,5,1,1,27,73;                                                      75P    126
314,61.5686297416687,81.17647171020508,92.9411768913269,10HMixed      77P    127
Color;                                                                77P    128
110,0.069,-0.069,0.144,-0.069,-0.069,0.144;                           79P    129
122,79,0.069,0.069,0.144;                                             81P    130
126,1,1,1,0,1,0,-0.067,-0.067,0.067,0.067,1.,1.,                      83P    131
0.98550724637681,1.,0.,0.01449275362319,1.,0.,-0.067,0.067,0.,        83P    132
0.,1.;                                                                83P    133
126,8,2,1,0,1,0,-1.5707963267949,-1.5707963267949,                    85P    134
-1.5707963267949,-1.17809724509617,-1.17809724509617,                 85P    135
-0.78539816339745,-0.78539816339745,-0.39269908169872,                85P    136
-0.39269908169872,0.,0.,0.,1.,1.,1.,1.,1.,1.,1.,1.,1.,                85P    137
0.01449275362319,1.,0.,0.01160996569015,1.,0.,0.00894661692225,       85P    138
0.998896804819,0.,0.00628326815434,0.99779360963801,0.,               85P    139
0.00424482925817,0.99575517074183,0.,0.00220639036199,                85P    140
0.99371673184566,0.,0.001103195181,0.99105338307776,0.,-0.,           85P    141
0.98839003430985,0.,-0.,0.98550724637681,0.,-1.5707963267949,0.,      85P    142
0.,0.,1.;                                                             85P    143
126,1,1,1,0,1,0,-0.067,-0.067,0.067,0.067,1.,1.,-0.,                  87P    144
0.98550724637681,0.,-0.,0.01449275362319,0.,-0.067,0.067,0.,0.,       87P    145
1.;                                                                   87P    146
126,8,2,1,0,1,0,-6.28318530717959,-6.28318530717959,                  89P    147
-6.28318530717959,-5.89048622548086,-5.89048622548086,                89P    148
-5.49778714378214,-5.49778714378214,-5.10508806208341,                89P    149
-5.10508806208341,-4.71238898038469,-4.71238898038469,                89P    150
-4.71238898038469,1.,1.,1.,1.,1.,1.,1.,1.,1.,-0.,                     89P    151
0.01449275362319,0.,-0.,0.01160996569015,0.,0.001103195181,           89P    152
0.00894661692225,0.,0.00220639036199,0.00628326815434,0.,             89P    153
0.00424482925817,0.00424482925817,0.,0.00628326815434,                89P    154
0.00220639036199,0.,0.00894661692225,0.001103195181,0.,               89P    155
0.01160996569015,-0.,0.,0.01449275362319,-0.,0.,                      89P    156
-6.28318530717959,-4.71238898038469,0.,0.,1.;                         89P    157
126,1,1,1,0,1,0,-0.067,-0.067,0.067,0.067,1.,1.,                      91P    158
0.01449275362319,-0.,0.,0.98550724637681,-0.,0.,-0.067,0.067,0.,      91P    159
0.,1.;                                                                91P    160
126,8,2,1,0,1,0,-4.71238898038469,-4.71238898038469,                  93P    161
-4.71238898038469,-4.31968989868597,-4.31968989868597,                93P    162
-3.92699081698724,-3.92699081698724,-3.53429173528852,                93P    163
-3.53429173528852,-3.14159265358979,-3.14159265358979,                93P    164
-3.14159265358979,1.,1.,1.,1.,1.,1.,1.,1.,1.,0.98550724637681,        93P    165
-0.,0.,0.98839003430985,-0.,0.,0.99105338307776,0.001103195181,       93P    166
0.,0.99371673184566,0.00220639036199,0.,0.99575517074183,             93P    167
0.00424482925817,0.,0.99779360963801,0.00628326815434,0.,             93P    168
0.998896804819,0.00894661692225,0.,1.,0.01160996569015,0.,1.,         93P    169
0.01449275362319,0.,-4.71238898038469,-3.14159265358979,0.,0.,        93P    170
1.;                                                                   93P    171
126,1,1,1,0,1,0,-0.067,-0.067,0.067,0.067,1.,1.,1.,                   95P    172
0.01449275362319,0.,1.,0.98550724637681,0.,-0.067,0.067,0.,0.,        95P    173
1.;                                                                   95P    174
126,8,2,1,0,1,0,-3.14159265358979,-3.14159265358979,                  97P    175
-3.14159265358979,-2.74889357189107,-2.74889357189107,                97P    176
-2.35619449019234,-2.35619449019234,-1.96349540849362,                97P    177
-1.96349540849362,-1.5707963267949,-1.5707963267949,                  97P    178
-1.5707963267949,1.,1.,1.,1.,1.,1.,1.,1.,1.,1.,0.98550724637681,      97P    179
0.,1.,0.98839003430985,0.,0.998896804819,0.99105338307776,0.,         97P    180
0.99779360963801,0.99371673184566,0.,0.99575517074183,                97P    181
0.99575517074183,0.,0.99371673184566,0.99779360963801,0.,             97P    182
0.99105338307776,0.998896804819,0.,0.98839003430985,1.,0.,            97P    183
0.98550724637681,1.,0.,-3.14159265358979,-1.5707963267949,0.,0.,      97P    184
1.;                                                                   97P    185
102,8,83,85,87,89,91,93,95,97;                                        99P    186
110,-0.067,0.069,0.144,0.067,0.069,0.144;                            101P    187
124,1.,0.,0.,0.067,0.,-1.,0.,0.067,0.,0.,-1.,0.144;                  103P    188
100,0.,0.,0.,0.,-0.002,0.002,0.;                                     105P    189
110,0.069,0.067,0.144,0.069,-0.067,0.144;                            107P    190
124,1.,0.,0.,0.067,0.,-1.,0.,-0.067,0.,0.,-1.,0.144;                 109P    191
100,0.,0.,0.,0.002,0.,-0.,0.002;                                     111P    192
110,0.067,-0.069,0.144,-0.067,-0.069,0.144;                          113P    193
124,1.,0.,0.,-0.067,0.,-1.,0.,-0.067,0.,0.,-1.,0.144;                115P    194
100,0.,0.,0.,-0.,0.002,-0.002,-0.;                                   117P    195
110,-0.069,-0.067,0.144,-0.069,0.067,0.144;                          119P    196
124,1.,0.,0.,-0.067,0.,-1.,0.,0.067,0.,0.,-1.,0.144;                 121P    197
100,0.,0.,0.,-0.002,-0.,0.,-0.002;                                   123P    198
102,8,101,105,107,111,113,117,119,123;                               125P    199
142,1,81,99,125,2;                                                   127P    200
144,81,1,0,127;                                                      129P    201
314,61.5686297416687,81.17647171020508,92.9411768913269,10HMixed     131P    202
Color;                                                               131P    203
110,0.,0.00111981680745,0.135,0.,0.00111981680745,-0.865;            133P    204
110,-0.0675,0.00111981680745,0.006,-0.0675,0.00111981680745,0.;      135P    205
120,133,135,0.,6.28318530717959;                                     137P    206
126,1,1,1,0,1,0,3.14159265358979,3.14159265358979,                   139P    207
9.42477796076938,9.42477796076938,1.,1.,0.,6.28318530717959,0.,      139P    208
0.,0.,0.,3.14159265358979,9.42477796076938,0.,0.,1.;                 139P    209
126,1,1,1,0,1,0,0.,0.,1.,1.,1.,1.,0.,0.,0.,0.,6.28318530717959,      141P    210
0.,0.,1.,0.,0.,1.;                                                   141P    211
126,1,1,1,0,1,0,0.129,0.129,0.135,0.135,1.,1.,0.,                    143P    212
6.28318530717959,0.,1.,6.28318530717959,0.,0.129,0.135,0.,0.,1.;     143P    213
126,1,1,1,0,1,0,0.,0.,1.,1.,1.,1.,1.,6.28318530717959,0.,1.,0.,      145P    214
0.,0.,1.,0.,0.,1.;                                                   145P    215
126,1,1,1,0,1,0,-9.42477796076938,-9.42477796076938,                 147P    216
-3.14159265358979,-3.14159265358979,1.,1.,1.,0.,0.,1.,               147P    217
6.28318530717959,0.,-9.42477796076938,-3.14159265358979,0.,0.,       147P    218
1.;                                                                  147P    219
126,1,1,1,0,1,0,0.,0.,1.,1.,1.,1.,1.,6.28318530717959,0.,1.,0.,      149P    220
0.,0.,1.,0.,0.,1.;                                                   149P    221
126,1,1,1,0,1,0,-0.135,-0.135,-0.129,-0.129,1.,1.,1.,0.,0.,0.,       151P    222
0.,0.,-0.135,-0.129,0.,0.,1.;                                        151P    223
126,1,1,1,0,1,0,0.,0.,1.,1.,1.,1.,0.,0.,0.,0.,6.28318530717959,      153P    224
0.,0.,1.,0.,0.,1.;                                                   153P    225
102,8,139,141,143,145,147,149,151,153;                               155P    226
124,1.,0.,0.,0.,0.,1.,0.,0.00111981680745,0.,0.,1.,0.006;            157P    227
100,0.,0.,0.,-0.0675,0.,-0.0675,0.;                                  159P    228
110,-0.0675,0.00111981680745,0.006,-0.0675,0.00111981680745,0.;      161P    229
124,1.,0.,0.,0.,0.,-1.,0.,0.00111981680745,0.,0.,-1.,0.;             163P    230
100,0.,0.,0.,-0.0675,-0.,-0.0675,-0.;                                165P    231
110,-0.0675,0.00111981680745,0.,-0.0675,0.00111981680745,0.006;      167P    232
102,4,159,161,165,167;                                               169P    233
142,1,137,155,169,2;                                                 171P    234
144,137,1,0,171;                                                     173P    235
314,61.5686297416687,81.17647171020508,92.9411768913269,10HMixed     175P    236
Color;                                                               175P    237
110,-0.067,-0.075,0.,0.067,-0.075,0.;                                177P    238
122,177,-0.067,-0.075,0.15;                                          179P    239
126,1,1,1,0,1,0,-0.067,-0.067,0.067,0.067,1.,1.,0.,0.,0.,1.,0.,      181P    240
0.,-0.067,0.067,0.,0.,1.;                                            181P    241
126,1,1,1,0,1,0,-0.15,-0.15,0.,0.,1.,1.,1.,0.,0.,1.,1.,0.,-0.15,     183P    242
0.,0.,0.,1.;                                                         183P    243
126,1,1,1,0,1,0,-0.067,-0.067,0.067,0.067,1.,1.,1.,1.,0.,0.,1.,      185P    244
0.,-0.067,0.067,0.,0.,1.;                                            185P    245
126,1,1,1,0,1,0,0.,0.,0.15,0.15,1.,1.,0.,1.,0.,0.,0.,0.,0.,0.15,     187P    246
0.,0.,1.;                                                            187P    247
102,4,181,183,185,187;                                               189P    248
110,-0.067,-0.075,0.,0.067,-0.075,0.;                                191P    249
110,0.067,-0.075,0.,0.067,-0.075,0.15;                               193P    250
110,0.067,-0.075,0.15,-0.067,-0.075,0.15;                            195P    251
110,-0.067,-0.075,0.15,-0.067,-0.075,0.;                             197P    252
102,4,191,193,195,197;                                               199P    253
142,1,179,189,199,2;                                                 201P    254
126,64,2,1,1,1,1,-6.28318530717959,-6.28318530717959,                203P    255
-6.28318530717959,-6.08683576633022,-6.08683576633022,               203P    256
-5.89048622548086,-5.89048622548086,-5.6941366846315,                203P    257
-5.6941366846315,-5.49778714378214,-5.49778714378214,                203P    258
-5.30143760293278,-5.30143760293278,-5.10508806208341,               203P    259
-5.10508806208341,-4.90873852123405,-4.90873852123405,               203P    260
-4.71238898038469,-4.71238898038469,-4.51603943953533,               203P    261
-4.51603943953533,-4.31968989868597,-4.31968989868597,               203P    262
-4.1233403578366,-4.1233403578366,-3.92699081698724,                 203P    263
-3.92699081698724,-3.73064127613788,-3.73064127613788,               203P    264
-3.53429173528852,-3.53429173528852,-3.33794219443916,               203P    265
-3.33794219443916,-3.14159265358979,-3.14159265358979,               203P    266
-2.94524311274043,-2.94524311274043,-2.74889357189107,               203P    267
-2.74889357189107,-2.55254403104171,-2.55254403104171,               203P    268
-2.35619449019234,-2.35619449019234,-2.15984494934298,               203P    269
-2.15984494934298,-1.96349540849362,-1.96349540849362,               203P    270
-1.76714586764426,-1.76714586764426,-1.5707963267949,                203P    271
-1.5707963267949,-1.37444678594553,-1.37444678594553,                203P    272
-1.17809724509617,-1.17809724509617,-0.98174770424681,               203P    273
-0.98174770424681,-0.78539816339745,-0.78539816339745,               203P    274
-0.58904862254809,-0.58904862254809,-0.39269908169872,               203P    275
-0.39269908169872,-0.19634954084936,-0.19634954084936,0.,0.,0.,      203P    276
1.,1.,1.,1.,1.,1.,1.,1.,1.,1.,1.,1.,1.,1.,1.,1.,1.,1.,1.,1.,1.,      203P    277
1.,1.,1.,1.,1.,1.,1.,1.,1.,1.,1.,1.,1.,1.,1.,1.,1.,1.,1.,1.,1.,      203P    278
1.,1.,1.,1.,1.,1.,1.,1.,1.,1.,1.,1.,1.,1.,1.,1.,1.,1.,1.,1.,1.,      203P    279
1.,1.,0.94776119402985,0.5,0.,0.94776119402985,0.46060343865713,     203P    280
0.,0.93915758824025,0.42196387119355,0.,0.93055398245065,            203P    281
0.38332430372996,0.,0.91367740261699,0.34692662705396,0.,            203P    282
0.89680082278333,0.31052895037797,0.,0.87229982640412,               203P    283
0.27777190679216,0.,0.84779883002492,0.24501486320635,0.,            203P    284
0.81661497665069,0.21715728752538,0.,0.78543112327647,               203P    285
0.18929971184441,0.,0.7487627909043,0.16741215507898,0.,             203P    286
0.71209445853213,0.14552459831355,0.,0.67135079061123,               203P    287
0.13044818699549,0.,0.63060712269034,0.11537177567742,0.,            203P    288
0.58735387552961,0.10768588783871,0.,0.54410062836888,0.1,0.,        203P    289
0.5,0.1,0.,0.45589937163112,0.1,0.,0.41264612447039,                 203P    290
0.10768588783871,0.,0.36939287730966,0.11537177567742,0.,            203P    291
0.32864920938877,0.13044818699549,0.,0.28790554146787,               203P    292
0.14552459831356,0.,0.2512372090957,0.16741215507898,0.,             203P    293
0.21456887672353,0.18929971184441,0.,0.18338502334931,               203P    294
0.21715728752538,0.,0.15220116997508,0.24501486320635,0.,            203P    295
0.12770017359588,0.27777190679216,0.,0.10319917721667,               203P    296
0.31052895037797,0.,0.08632259738301,0.34692662705396,0.,            203P    297
0.06944601754935,0.38332430372996,0.,0.06084241175975,               203P    298
0.42196387119355,0.,0.05223880597015,0.46060343865713,0.,            203P    299
0.05223880597015,0.5,0.,0.05223880597015,0.53939656134287,0.,        203P    300
0.06084241175975,0.57803612880645,0.,0.06944601754935,               203P    301
0.61667569627004,0.,0.08632259738301,0.65307337294604,0.,            203P    302
0.10319917721667,0.68947104962203,0.,0.12770017359588,               203P    303
0.72222809320784,0.,0.15220116997508,0.75498513679365,0.,            203P    304
0.18338502334931,0.78284271247462,0.,0.21456887672353,               203P    305
0.81070028815559,0.,0.2512372090957,0.83258784492102,0.,             203P    306
0.28790554146787,0.85447540168645,0.,0.32864920938877,               203P    307
0.86955181300451,0.,0.36939287730966,0.88462822432258,0.,            203P    308
0.41264612447039,0.89231411216129,0.,0.45589937163112,0.9,0.,        203P    309
0.5,0.9,0.,0.54410062836888,0.9,0.,0.58735387552961,                 203P    310
0.89231411216129,0.,0.63060712269034,0.88462822432258,0.,            203P    311
0.67135079061123,0.86955181300451,0.,0.71209445853213,               203P    312
0.85447540168645,0.,0.7487627909043,0.83258784492102,0.,             203P    313
0.78543112327647,0.81070028815559,0.,0.81661497665069,               203P    314
0.78284271247462,0.,0.84779883002492,0.75498513679365,0.,            203P    315
0.87229982640412,0.72222809320784,0.,0.89680082278333,               203P    316
0.68947104962203,0.,0.91367740261699,0.65307337294604,0.,            203P    317
0.93055398245065,0.61667569627004,0.,0.93915758824025,               203P    318
0.57803612880645,0.,0.94776119402985,0.53939656134287,0.,            203P    319
0.94776119402985,0.5,0.,-6.28318530717959,0.,0.,0.,1.;               203P    320
102,1,203;                                                           205P    321
124,1.,0.,-0.,0.,0.,0.,1.,-0.075,0.,-1.,0.,0.075;                    207P    322
100,0.,0.,0.,0.06,0.,0.06,0.;                                        209P    323
102,1,209;                                                           211P    324
142,1,179,205,211,2;                                                 213P    325
144,179,1,1,201,213;                                                 215P    326
314,61.5686297416687,81.17647171020508,92.9411768913269,10HMixed     217P    327
Color;                                                               217P    328
110,0.075,-0.067,0.,0.075,0.067,0.;                                  219P    329
122,219,0.075,-0.067,0.15;                                           221P    330
126,1,1,1,0,1,0,-0.067,-0.067,0.067,0.067,1.,1.,0.,0.,0.,1.,0.,      223P    331
0.,-0.067,0.067,0.,0.,1.;                                            223P    332
126,1,1,1,0,1,0,-0.15,-0.15,0.,0.,1.,1.,1.,0.,0.,1.,1.,0.,-0.15,     225P    333
0.,0.,0.,1.;                                                         225P    334
126,1,1,1,0,1,0,-0.067,-0.067,0.067,0.067,1.,1.,1.,1.,0.,0.,1.,      227P    335
0.,-0.067,0.067,0.,0.,1.;                                            227P    336
126,1,1,1,0,1,0,-0.15,-0.15,0.,0.,1.,1.,0.,1.,0.,0.,0.,0.,-0.15,     229P    337
0.,0.,0.,1.;                                                         229P    338
102,4,223,225,227,229;                                               231P    339
110,0.075,-0.067,0.,0.075,0.067,0.;                                  233P    340
110,0.075,0.067,0.,0.075,0.067,0.15;                                 235P    341
110,0.075,0.067,0.15,0.075,-0.067,0.15;                              237P    342
110,0.075,-0.067,0.15,0.075,-0.067,0.;                               239P    343
102,4,233,235,237,239;                                               241P    344
142,1,221,231,241,2;                                                 243P    345
144,221,1,0,243;                                                     245P    346
314,61.5686297416687,81.17647171020508,92.9411768913269,10HMixed     247P    347
Color;                                                               247P    348
110,-0.075,0.067,0.,-0.075,-0.067,0.;                                249P    349
122,249,-0.075,0.067,0.15;                                           251P    350
126,1,1,1,0,1,0,-0.067,-0.067,0.067,0.067,1.,1.,1.,1.,0.,0.,1.,      253P    351
0.,-0.067,0.067,0.,0.,1.;                                            253P    352
126,1,1,1,0,1,0,-0.15,-0.15,0.,0.,1.,1.,0.,1.,0.,0.,0.,0.,-0.15,     255P    353
0.,0.,0.,1.;                                                         255P    354
126,1,1,1,0,1,0,-0.067,-0.067,0.067,0.067,1.,1.,0.,0.,0.,1.,0.,      257P    355
0.,-0.067,0.067,0.,0.,1.;                                            257P    356
126,1,1,1,0,1,0,-0.15,-0.15,0.,0.,1.,1.,1.,0.,0.,1.,1.,0.,-0.15,     259P    357
0.,0.,0.,1.;                                                         259P    358
102,4,253,255,257,259;                                               261P    359
110,-0.075,-0.067,0.15,-0.075,0.067,0.15;                            263P    360
110,-0.075,0.067,0.15,-0.075,0.067,0.;                               265P    361
110,-0.075,0.067,0.,-0.075,-0.067,0.;                                267P    362
110,-0.075,-0.067,0.,-0.075,-0.067,0.15;                             269P    363
102,4,263,265,267,269;                                               271P    364
142,1,251,261,271,2;                                                 273P    365
144,251,1,0,273;                                                     275P    366
314,61.5686297416687,81.17647171020508,92.9411768913269,10HMixed     277P    367
Color;                                                               277P    368
110,-0.075,-0.075,0.15,0.075,-0.075,0.15;                            279P    369
122,279,-0.075,0.075,0.15;                                           281P    370
126,1,1,1,0,1,0,-0.067,-0.067,0.067,0.067,1.,1.,                     283P    371
0.94666666666667,1.,0.,0.05333333333333,1.,0.,-0.067,0.067,0.,       283P    372
0.,1.;                                                               283P    373
126,16,2,1,0,1,0,1.5707963267949,1.5707963267949,                    285P    374
1.5707963267949,1.76714586764426,1.76714586764426,                   285P    375
1.96349540849362,1.96349540849362,2.15984494934298,                  285P    376
2.15984494934298,2.35619449019234,2.35619449019234,                  285P    377
2.55254403104171,2.55254403104171,2.74889357189107,                  285P    378
2.74889357189107,2.94524311274043,2.94524311274043,                  285P    379
3.14159265358979,3.14159265358979,3.14159265358979,1.,1.,1.,1.,      285P    380
1.,1.,1.,1.,1.,1.,1.,1.,1.,1.,1.,1.,1.,0.05333333333333,1.,0.,       285P    381
0.04808045848762,1.,0.,0.04292851615914,0.99897521495484,0.,         285P    382
0.03777657383066,0.99795042990968,0.,0.03292355027386,               285P    383
0.99594024173394,0.,0.02807052671706,0.99393005355819,0.,            285P    384
0.02370292090562,0.99101171265614,0.,0.01933531509418,               285P    385
0.98809337175408,0.,0.01562097167005,0.98437902832995,0.,            285P    386
0.01190662824592,0.98066468490582,0.,0.00898828734386,               285P    387
0.97629707909438,0.,0.00606994644181,0.97192947328294,0.,            285P    388
0.00405975826606,0.96707644972614,0.,0.00204957009032,               285P    389
0.96222342616934,0.,0.00102478504516,0.95707148384086,0.,0.,         285P    390
0.95191954151238,0.,0.,0.94666666666667,0.,1.5707963267949,          285P    391
3.14159265358979,0.,0.,1.;                                           285P    392
126,1,1,1,0,1,0,-0.067,-0.067,0.067,0.067,1.,1.,0.,                  287P    393
0.94666666666667,0.,0.,0.05333333333333,0.,-0.067,0.067,0.,0.,       287P    394
1.;                                                                  287P    395
126,16,2,1,0,1,0,3.14159265358979,3.14159265358979,                  289P    396
3.14159265358979,3.33794219443916,3.33794219443916,                  289P    397
3.53429173528852,3.53429173528852,3.73064127613788,                  289P    398
3.73064127613788,3.92699081698724,3.92699081698724,                  289P    399
4.1233403578366,4.1233403578366,4.31968989868597,                    289P    400
4.31968989868597,4.51603943953533,4.51603943953533,                  289P    401
4.71238898038469,4.71238898038469,4.71238898038469,1.,1.,1.,1.,      289P    402
1.,1.,1.,1.,1.,1.,1.,1.,1.,1.,1.,1.,1.,0.,0.05333333333333,0.,       289P    403
0.,0.04808045848762,0.,0.00102478504516,0.04292851615914,0.,         289P    404
0.00204957009032,0.03777657383066,0.,0.00405975826606,               289P    405
0.03292355027386,0.,0.00606994644181,0.02807052671706,0.,            289P    406
0.00898828734386,0.02370292090562,0.,0.01190662824592,               289P    407
0.01933531509418,0.,0.01562097167005,0.01562097167005,0.,            289P    408
0.01933531509418,0.01190662824592,0.,0.02370292090562,               289P    409
0.00898828734386,0.,0.02807052671706,0.00606994644181,0.,            289P    410
0.03292355027386,0.00405975826606,0.,0.03777657383066,               289P    411
0.00204957009032,0.,0.04292851615914,0.00102478504516,0.,            289P    412
0.04808045848762,0.,0.,0.05333333333333,0.,0.,3.14159265358979,      289P    413
4.71238898038469,0.,0.,1.;                                           289P    414
126,1,1,1,0,1,0,-0.067,-0.067,0.067,0.067,1.,1.,                     291P    415
0.05333333333333,0.,0.,0.94666666666667,0.,0.,-0.067,0.067,0.,       291P    416
0.,1.;                                                               291P    417
126,16,2,1,0,1,0,4.71238898038469,4.71238898038469,                  293P    418
4.71238898038469,4.90873852123405,4.90873852123405,                  293P    419
5.10508806208341,5.10508806208341,5.30143760293278,                  293P    420
5.30143760293278,5.49778714378214,5.49778714378214,                  293P    421
5.6941366846315,5.6941366846315,5.89048622548086,                    293P    422
5.89048622548086,6.08683576633022,6.08683576633022,                  293P    423
6.28318530717959,6.28318530717959,6.28318530717959,1.,1.,1.,1.,      293P    424
1.,1.,1.,1.,1.,1.,1.,1.,1.,1.,1.,1.,1.,0.94666666666667,0.,0.,       293P    425
0.95191954151238,0.,0.,0.95707148384086,0.00102478504516,0.,         293P    426
0.96222342616934,0.00204957009032,0.,0.96707644972614,               293P    427
0.00405975826606,0.,0.97192947328294,0.00606994644181,0.,            293P    428
0.97629707909438,0.00898828734386,0.,0.98066468490582,               293P    429
0.01190662824592,0.,0.98437902832995,0.01562097167005,0.,            293P    430
0.98809337175408,0.01933531509418,0.,0.99101171265614,               293P    431
0.02370292090562,0.,0.99393005355819,0.02807052671706,0.,            293P    432
0.99594024173394,0.03292355027386,0.,0.99795042990968,               293P    433
0.03777657383066,0.,0.99897521495484,0.04292851615914,0.,1.,         293P    434
0.04808045848762,0.,1.,0.05333333333333,0.,4.71238898038469,         293P    435
6.28318530717959,0.,0.,1.;                                           293P    436
126,1,1,1,0,1,0,-0.067,-0.067,0.067,0.067,1.,1.,1.,                  295P    437
0.05333333333333,0.,1.,0.94666666666667,0.,-0.067,0.067,0.,0.,       295P    438
1.;                                                                  295P    439
126,16,2,1,0,1,0,0.,0.,0.,0.19634954084936,0.19634954084936,         297P    440
0.39269908169872,0.39269908169872,0.58904862254809,                  297P    441
0.58904862254809,0.78539816339745,0.78539816339745,                  297P    442
0.98174770424681,0.98174770424681,1.17809724509617,                  297P    443
1.17809724509617,1.37444678594553,1.37444678594553,                  297P    444
1.5707963267949,1.5707963267949,1.5707963267949,1.,1.,1.,1.,1.,      297P    445
1.,1.,1.,1.,1.,1.,1.,1.,1.,1.,1.,1.,1.,0.94666666666667,0.,1.,       297P    446
0.95191954151238,0.,0.99897521495484,0.95707148384086,0.,            297P    447
0.99795042990968,0.96222342616934,0.,0.99594024173394,               297P    448
0.96707644972614,0.,0.99393005355819,0.97192947328294,0.,            297P    449
0.99101171265614,0.97629707909438,0.,0.98809337175408,               297P    450
0.98066468490582,0.,0.98437902832995,0.98437902832995,0.,            297P    451
0.98066468490582,0.98809337175408,0.,0.97629707909438,               297P    452
0.99101171265614,0.,0.97192947328294,0.99393005355819,0.,            297P    453
0.96707644972614,0.99594024173394,0.,0.96222342616934,               297P    454
0.99795042990968,0.,0.95707148384086,0.99897521495484,0.,            297P    455
0.95191954151238,1.,0.,0.94666666666667,1.,0.,0.,                    297P    456
1.5707963267949,0.,0.,1.;                                            297P    457
102,8,283,285,287,289,291,293,295,297;                               299P    458
110,0.067,0.075,0.15,-0.067,0.075,0.15;                              301P    459
124,1.,0.,0.,-0.067,0.,1.,0.,0.067,0.,0.,1.,0.15;                    303P    460
100,0.,0.,0.,0.,0.008,-0.008,0.;                                     305P    461
110,-0.075,0.067,0.15,-0.075,-0.067,0.15;                            307P    462
124,1.,0.,0.,-0.067,0.,1.,0.,-0.067,0.,0.,1.,0.15;                   309P    463
100,0.,0.,0.,-0.008,0.,-0.,-0.008;                                   311P    464
110,-0.067,-0.075,0.15,0.067,-0.075,0.15;                            313P    465
124,1.,0.,0.,0.067,0.,1.,0.,-0.067,0.,0.,1.,0.15;                    315P    466
100,0.,0.,0.,-0.,-0.008,0.008,-0.;                                   317P    467
110,0.075,-0.067,0.15,0.075,0.067,0.15;                              319P    468
124,1.,0.,0.,0.067,0.,1.,0.,0.067,0.,0.,1.,0.15;                     321P    469
100,0.,0.,0.,0.008,0.,0.,0.008;                                      323P    470
102,8,301,305,307,311,313,317,319,323;                               325P    471
142,1,281,299,325,2;                                                 327P    472
144,281,1,0,327;                                                     329P    473
314,61.5686297416687,81.17647171020508,92.9411768913269,10HMixed     331P    474
Color;                                                               331P    475
110,0.075,-0.075,0.,-0.075,-0.075,0.;                                333P    476
122,333,0.075,0.075,0.;                                              335P    477
126,1,1,1,0,1,0,-0.067,-0.067,0.067,0.067,1.,1.,1.,                  337P    478
0.05333333333333,0.,1.,0.94666666666667,0.,-0.067,0.067,0.,0.,       337P    479
1.;                                                                  337P    480
126,16,2,1,0,1,0,-3.14159265358979,-3.14159265358979,                339P    481
-3.14159265358979,-2.94524311274043,-2.94524311274043,               339P    482
-2.74889357189107,-2.74889357189107,-2.55254403104171,               339P    483
-2.55254403104171,-2.35619449019234,-2.35619449019234,               339P    484
-2.15984494934298,-2.15984494934298,-1.96349540849362,               339P    485
-1.96349540849362,-1.76714586764426,-1.76714586764426,               339P    486
-1.5707963267949,-1.5707963267949,-1.5707963267949,1.,1.,1.,1.,      339P    487
1.,1.,1.,1.,1.,1.,1.,1.,1.,1.,1.,1.,1.,1.,0.94666666666667,0.,       339P    488
1.,0.95191954151238,0.,0.99897521495484,0.95707148384086,0.,         339P    489
0.99795042990968,0.96222342616934,0.,0.99594024173394,               339P    490
0.96707644972614,0.,0.99393005355819,0.97192947328294,0.,            339P    491
0.99101171265614,0.97629707909438,0.,0.98809337175408,               339P    492
0.98066468490582,0.,0.98437902832995,0.98437902832995,0.,            339P    493
0.98066468490582,0.98809337175408,0.,0.97629707909438,               339P    494
0.99101171265614,0.,0.97192947328294,0.99393005355819,0.,            339P    495
0.96707644972614,0.99594024173394,0.,0.96222342616934,               339P    496
0.99795042990968,0.,0.95707148384086,0.99897521495484,0.,            339P    497
0.95191954151238,1.,0.,0.94666666666667,1.,0.,-3.14159265358979,     339P    498
-1.5707963267949,0.,0.,1.;                                           339P    499
126,1,1,1,0,1,0,-0.067,-0.067,0.067,0.067,1.,1.,                     341P    500
0.94666666666667,1.,0.,0.05333333333333,1.,0.,-0.067,0.067,0.,       341P    501
0.,1.;                                                               341P    502
126,16,2,1,0,1,0,-1.5707963267949,-1.5707963267949,                  343P    503
-1.5707963267949,-1.37444678594553,-1.37444678594553,                343P    504
-1.17809724509617,-1.17809724509617,-0.98174770424681,               343P    505
-0.98174770424681,-0.78539816339745,-0.78539816339745,               343P    506
-0.58904862254809,-0.58904862254809,-0.39269908169872,               343P    507
-0.39269908169872,-0.19634954084936,-0.19634954084936,0.,0.,0.,      343P    508
1.,1.,1.,1.,1.,1.,1.,1.,1.,1.,1.,1.,1.,1.,1.,1.,1.,                  343P    509
0.05333333333333,1.,0.,0.04808045848762,1.,0.,0.04292851615914,      343P    510
0.99897521495484,0.,0.03777657383066,0.99795042990968,0.,            343P    511
0.03292355027386,0.99594024173394,0.,0.02807052671706,               343P    512
0.99393005355819,0.,0.02370292090562,0.99101171265614,0.,            343P    513
0.01933531509418,0.98809337175408,0.,0.01562097167005,               343P    514
0.98437902832995,0.,0.01190662824592,0.98066468490582,0.,            343P    515
0.00898828734386,0.97629707909438,0.,0.00606994644181,               343P    516
0.97192947328294,0.,0.00405975826606,0.96707644972614,0.,            343P    517
0.00204957009032,0.96222342616934,0.,0.00102478504516,               343P    518
0.95707148384086,0.,0.,0.95191954151238,0.,0.,0.94666666666667,      343P    519
0.,-1.5707963267949,0.,0.,0.,1.;                                     343P    520
126,1,1,1,0,1,0,-0.067,-0.067,0.067,0.067,1.,1.,0.,                  345P    521
0.94666666666667,0.,0.,0.05333333333333,0.,-0.067,0.067,0.,0.,       345P    522
1.;                                                                  345P    523
126,16,2,1,0,1,0,-6.28318530717959,-6.28318530717959,                347P    524
-6.28318530717959,-6.08683576633022,-6.08683576633022,               347P    525
-5.89048622548086,-5.89048622548086,-5.6941366846315,                347P    526
-5.6941366846315,-5.49778714378214,-5.49778714378214,                347P    527
-5.30143760293278,-5.30143760293278,-5.10508806208341,               347P    528
-5.10508806208341,-4.90873852123405,-4.90873852123405,               347P    529
-4.71238898038469,-4.71238898038469,-4.71238898038469,1.,1.,1.,      347P    530
1.,1.,1.,1.,1.,1.,1.,1.,1.,1.,1.,1.,1.,1.,0.,0.05333333333333,       347P    531
0.,0.,0.04808045848762,0.,0.00102478504516,0.04292851615914,0.,      347P    532
0.00204957009032,0.03777657383066,0.,0.00405975826606,               347P    533
0.03292355027386,0.,0.00606994644181,0.02807052671706,0.,            347P    534
0.00898828734386,0.02370292090562,0.,0.01190662824592,               347P    535
0.01933531509418,0.,0.01562097167005,0.01562097167005,0.,            347P    536
0.01933531509418,0.01190662824592,0.,0.02370292090562,               347P    537
0.00898828734386,0.,0.02807052671706,0.00606994644181,0.,            347P    538
0.03292355027386,0.00405975826606,0.,0.03777657383066,               347P    539
0.00204957009032,0.,0.04292851615914,0.00102478504516,0.,            347P    540
0.04808045848762,0.,0.,0.05333333333333,0.,0.,-6.28318530717959,     347P    541
-4.71238898038469,0.,0.,1.;                                          347P    542
126,1,1,1,0,1,0,-0.067,-0.067,0.067,0.067,1.,1.,                     349P    543
0.05333333333333,0.,0.,0.94666666666667,0.,0.,-0.067,0.067,0.,       349P    544
0.,1.;                                                               349P    545
126,16,2,1,0,1,0,-4.71238898038469,-4.71238898038469,                351P    546
-4.71238898038469,-4.51603943953533,-4.51603943953533,               351P    547
-4.31968989868597,-4.31968989868597,-4.1233403578366,                351P    548
-4.1233403578366,-3.92699081698724,-3.92699081698724,                351P    549
-3.73064127613788,-3.73064127613788,-3.53429173528852,               351P    550
-3.53429173528852,-3.33794219443916,-3.33794219443916,               351P    551
-3.14159265358979,-3.14159265358979,-3.14159265358979,1.,1.,1.,      351P    552
1.,1.,1.,1.,1.,1.,1.,1.,1.,1.,1.,1.,1.,1.,0.94666666666667,0.,       351P    553
0.,0.95191954151238,0.,0.,0.95707148384086,0.00102478504516,0.,      351P    554
0.96222342616934,0.00204957009032,0.,0.96707644972614,               351P    555
0.00405975826606,0.,0.97192947328294,0.00606994644181,0.,            351P    556
0.97629707909438,0.00898828734386,0.,0.98066468490582,               351P    557
0.01190662824592,0.,0.98437902832995,0.01562097167005,0.,            351P    558
0.98809337175408,0.01933531509418,0.,0.99101171265614,               351P    559
0.02370292090562,0.,0.99393005355819,0.02807052671706,0.,            351P    560
0.99594024173394,0.03292355027386,0.,0.99795042990968,               351P    561
0.03777657383066,0.,0.99897521495484,0.04292851615914,0.,1.,         351P    562
0.04808045848762,0.,1.,0.05333333333333,0.,-4.71238898038469,        351P    563
-3.14159265358979,0.,0.,1.;                                          351P    564
102,8,337,339,341,343,345,347,349,351;                               353P    565
110,-0.075,-0.067,0.,-0.075,0.067,0.;                                355P    566
124,1.,0.,0.,-0.067,0.,-1.,0.,0.067,0.,0.,-1.,0.;                    357P    567
100,0.,0.,0.,-0.008,-0.,0.,-0.008;                                   359P    568
110,-0.067,0.075,0.,0.067,0.075,0.;                                  361P    569
124,1.,0.,0.,0.067,0.,-1.,0.,0.067,0.,0.,-1.,0.;                     363P    570
100,0.,0.,0.,0.,-0.008,0.008,0.;                                     365P    571
110,0.075,0.067,0.,0.075,-0.067,0.;                                  367P    572
124,1.,0.,0.,0.067,0.,-1.,0.,-0.067,0.,0.,-1.,0.;                    369P    573
100,0.,0.,0.,0.008,0.,-0.,0.008;                                     371P    574
110,0.067,-0.075,0.,-0.067,-0.075,0.;                                373P    575
124,1.,0.,0.,-0.067,0.,-1.,0.,-0.067,0.,0.,-1.,0.;                   375P    576
100,0.,0.,0.,-0.,0.008,-0.008,-0.;                                   377P    577
102,8,355,359,361,365,367,371,373,377;                               379P    578
142,1,335,353,379,2;                                                 381P    579
126,32,2,1,1,1,1,-6.28318530717959,-6.28318530717959,                383P    580
-6.28318530717959,-5.89048622548086,-5.89048622548086,               383P    581
-5.49778714378214,-5.49778714378214,-5.10508806208341,               383P    582
-5.10508806208341,-4.71238898038469,-4.71238898038469,               383P    583
-4.31968989868597,-4.31968989868597,-3.92699081698724,               383P    584
-3.92699081698724,-3.53429173528852,-3.53429173528852,               383P    585
-3.14159265358979,-3.14159265358979,-2.74889357189107,               383P    586
-2.74889357189107,-2.35619449019234,-2.35619449019234,               383P    587
-1.96349540849362,-1.96349540849362,-1.5707963267949,                383P    588
-1.5707963267949,-1.17809724509617,-1.17809724509617,                383P    589
-0.78539816339745,-0.78539816339745,-0.39269908169872,               383P    590
-0.39269908169872,0.,0.,0.,1.,1.,1.,1.,1.,1.,1.,1.,1.,1.,1.,1.,      383P    591
1.,1.,1.,1.,1.,1.,1.,1.,1.,1.,1.,1.,1.,1.,1.,1.,1.,1.,1.,1.,1.,      383P    592
0.13175793701407,0.1110912703474,0.,0.13175793701407,                383P    593
0.10698041475489,0.,0.13018478068597,0.10318247941185,0.,            383P    594
0.12861162435787,0.09938454406882,0.,0.12570481049192,               383P    595
0.09647773020288,0.,0.12279799662598,0.09357091633693,0.,            383P    596
0.11900006128294,0.09199776000883,0.,0.11520212593991,               383P    597
0.09042460368073,0.,0.1110912703474,0.09042460368073,0.,             383P    598
0.10698041475489,0.09042460368073,0.,0.10318247941185,               383P    599
0.09199776000883,0.,0.09938454406882,0.09357091633693,0.,            383P    600
0.09647773020288,0.09647773020288,0.,0.09357091633693,               383P    601
0.09938454406882,0.,0.09199776000883,0.10318247941185,0.,            383P    602
0.09042460368073,0.10698041475489,0.,0.09042460368073,               383P    603
0.1110912703474,0.,0.09042460368073,0.11520212593991,0.,             383P    604
0.09199776000883,0.11900006128294,0.,0.09357091633693,               383P    605
0.12279799662598,0.,0.09647773020288,0.12570481049192,0.,            383P    606
0.09938454406882,0.12861162435787,0.,0.10318247941185,               383P    607
0.13018478068597,0.,0.10698041475489,0.13175793701407,0.,            383P    608
0.1110912703474,0.13175793701407,0.,0.11520212593991,                383P    609
0.13175793701407,0.,0.11900006128294,0.13018478068597,0.,            383P    610
0.12279799662598,0.12861162435787,0.,0.12570481049192,               383P    611
0.12570481049192,0.,0.12861162435787,0.12279799662598,0.,            383P    612
0.13018478068597,0.11900006128294,0.,0.13175793701407,               383P    613
0.11520212593991,0.,0.13175793701407,0.1110912703474,0.,             383P    614
-6.28318530717959,0.,0.,0.,1.;                                       383P    615
102,1,383;                                                           385P    616
124,-1.,0.,0.,0.05833630944789,0.,-1.,0.,-0.05833630944789,0.,       387P    617
0.,1.,0.;                                                            387P    618
100,0.,0.,0.,0.0031,0.,0.0031,0.;                                    389P    619
102,1,389;                                                           391P    620
142,1,335,385,391,2;                                                 393P    621
126,32,2,1,1,1,1,-6.28318530717959,-6.28318530717959,                395P    622
-6.28318530717959,-5.89048622548086,-5.89048622548086,               395P    623
-5.49778714378214,-5.49778714378214,-5.10508806208341,               395P    624
-5.10508806208341,-4.71238898038469,-4.71238898038469,               395P    625
-4.31968989868597,-4.31968989868597,-3.92699081698724,               395P    626
-3.92699081698724,-3.53429173528852,-3.53429173528852,               395P    627
-3.14159265358979,-3.14159265358979,-2.74889357189107,               395P    628
-2.74889357189107,-2.35619449019234,-2.35619449019234,               395P    629
-1.96349540849362,-1.96349540849362,-1.5707963267949,                395P    630
-1.5707963267949,-1.17809724509617,-1.17809724509617,                395P    631
-0.78539816339745,-0.78539816339745,-0.39269908169872,               395P    632
-0.39269908169872,0.,0.,0.,1.,1.,1.,1.,1.,1.,1.,1.,1.,1.,1.,1.,      395P    633
1.,1.,1.,1.,1.,1.,1.,1.,1.,1.,1.,1.,1.,1.,1.,1.,1.,1.,1.,1.,1.,      395P    634
0.90957539631927,0.8889087296526,0.,0.90957539631927,                395P    635
0.88479787406009,0.,0.90800223999117,0.88099993871706,0.,            395P    636
0.90642908366307,0.87720200337402,0.,0.90352226979712,               395P    637
0.87429518950808,0.,0.90061545593118,0.87138837564213,0.,            395P    638
0.89681752058815,0.86981521931403,0.,0.89301958524511,               395P    639
0.86824206298593,0.,0.8889087296526,0.86824206298593,0.,             395P    640
0.88479787406009,0.86824206298593,0.,0.88099993871706,               395P    641
0.86981521931403,0.,0.87720200337402,0.87138837564213,0.,            395P    642
0.87429518950808,0.87429518950808,0.,0.87138837564213,               395P    643
0.87720200337402,0.,0.86981521931403,0.88099993871706,0.,            395P    644
0.86824206298593,0.88479787406009,0.,0.86824206298593,               395P    645
0.8889087296526,0.,0.86824206298593,0.89301958524511,0.,             395P    646
0.86981521931403,0.89681752058815,0.,0.87138837564213,               395P    647
0.90061545593118,0.,0.87429518950808,0.90352226979712,0.,            395P    648
0.87720200337402,0.90642908366307,0.,0.88099993871706,               395P    649
0.90800223999117,0.,0.88479787406009,0.90957539631927,0.,            395P    650
0.8889087296526,0.90957539631927,0.,0.89301958524511,                395P    651
0.90957539631927,0.,0.89681752058815,0.90800223999117,0.,            395P    652
0.90061545593118,0.90642908366307,0.,0.90352226979712,               395P    653
0.90352226979712,0.,0.90642908366307,0.90061545593118,0.,            395P    654
0.90800223999117,0.89681752058815,0.,0.90957539631927,               395P    655
0.89301958524511,0.,0.90957539631927,0.8889087296526,0.,             395P    656
-6.28318530717959,0.,0.,0.,1.;                                       395P    657
102,1,395;                                                           397P    658
124,-1.,0.,0.,-0.05833630944789,0.,-1.,0.,0.05833630944789,0.,       399P    659
0.,1.,0.;                                                            399P    660
100,0.,0.,0.,0.0031,0.,0.0031,0.;                                    401P    661
102,1,401;                                                           403P    662
142,1,335,397,403,2;                                                 405P    663
126,32,2,1,1,1,1,-6.28318530717959,-6.28318530717959,                407P    664
-6.28318530717959,-5.89048622548086,-5.89048622548086,               407P    665
-5.49778714378214,-5.49778714378214,-5.10508806208341,               407P    666
-5.10508806208341,-4.71238898038469,-4.71238898038469,               407P    667
-4.31968989868597,-4.31968989868597,-3.92699081698724,               407P    668
-3.92699081698724,-3.53429173528852,-3.53429173528852,               407P    669
-3.14159265358979,-3.14159265358979,-2.74889357189107,               407P    670
-2.74889357189107,-2.35619449019234,-2.35619449019234,               407P    671
-1.96349540849362,-1.96349540849362,-1.5707963267949,                407P    672
-1.5707963267949,-1.17809724509617,-1.17809724509617,                407P    673
-0.78539816339745,-0.78539816339745,-0.39269908169872,               407P    674
-0.39269908169872,0.,0.,0.,1.,1.,1.,1.,1.,1.,1.,1.,1.,1.,1.,1.,      407P    675
1.,1.,1.,1.,1.,1.,1.,1.,1.,1.,1.,1.,1.,1.,1.,1.,1.,1.,1.,1.,1.,      407P    676
0.13175793701407,0.8889087296526,0.,0.13175793701407,                407P    677
0.88479787406009,0.,0.13018478068597,0.88099993871706,0.,            407P    678
0.12861162435787,0.87720200337402,0.,0.12570481049192,               407P    679
0.87429518950808,0.,0.12279799662598,0.87138837564213,0.,            407P    680
0.11900006128294,0.86981521931403,0.,0.11520212593991,               407P    681
0.86824206298593,0.,0.1110912703474,0.86824206298593,0.,             407P    682
0.10698041475489,0.86824206298593,0.,0.10318247941185,               407P    683
0.86981521931403,0.,0.09938454406882,0.87138837564213,0.,            407P    684
0.09647773020288,0.87429518950808,0.,0.09357091633693,               407P    685
0.87720200337402,0.,0.09199776000883,0.88099993871706,0.,            407P    686
0.09042460368073,0.88479787406009,0.,0.09042460368073,               407P    687
0.8889087296526,0.,0.09042460368073,0.89301958524511,0.,             407P    688
0.09199776000883,0.89681752058815,0.,0.09357091633693,               407P    689
0.90061545593118,0.,0.09647773020288,0.90352226979712,0.,            407P    690
0.09938454406882,0.90642908366307,0.,0.10318247941185,               407P    691
0.90800223999117,0.,0.10698041475489,0.90957539631927,0.,            407P    692
0.1110912703474,0.90957539631927,0.,0.11520212593991,                407P    693
0.90957539631927,0.,0.11900006128294,0.90800223999117,0.,            407P    694
0.12279799662598,0.90642908366307,0.,0.12570481049192,               407P    695
0.90352226979712,0.,0.12861162435787,0.90061545593118,0.,            407P    696
0.13018478068597,0.89681752058815,0.,0.13175793701407,               407P    697
0.89301958524511,0.,0.13175793701407,0.8889087296526,0.,             407P    698
-6.28318530717959,0.,0.,0.,1.;                                       407P    699
102,1,407;                                                           409P    700
124,-1.,0.,0.,0.05833630944789,0.,-1.,0.,0.05833630944789,0.,0.,     411P    701
1.,0.;                                                               411P    702
100,0.,0.,0.,0.0031,0.,0.0031,0.;                                    413P    703
102,1,413;                                                           415P    704
142,1,335,409,415,2;                                                 417P    705
126,32,2,1,1,1,1,-6.28318530717959,-6.28318530717959,                419P    706
-6.28318530717959,-5.89048622548086,-5.89048622548086,               419P    707
-5.49778714378214,-5.49778714378214,-5.10508806208341,               419P    708
-5.10508806208341,-4.71238898038469,-4.71238898038469,               419P    709
-4.31968989868597,-4.31968989868597,-3.92699081698724,               419P    710
-3.92699081698724,-3.53429173528852,-3.53429173528852,               419P    711
-3.14159265358979,-3.14159265358979,-2.74889357189107,               419P    712
-2.74889357189107,-2.35619449019234,-2.35619449019234,               419P    713
-1.96349540849362,-1.96349540849362,-1.5707963267949,                419P    714
-1.5707963267949,-1.17809724509617,-1.17809724509617,                419P    715
-0.78539816339745,-0.78539816339745,-0.39269908169872,               419P    716
-0.39269908169872,0.,0.,0.,1.,1.,1.,1.,1.,1.,1.,1.,1.,1.,1.,1.,      419P    717
1.,1.,1.,1.,1.,1.,1.,1.,1.,1.,1.,1.,1.,1.,1.,1.,1.,1.,1.,1.,1.,      419P    718
0.90957539631927,0.1110912703474,0.,0.90957539631927,                419P    719
0.10698041475489,0.,0.90800223999117,0.10318247941185,0.,            419P    720
0.90642908366307,0.09938454406882,0.,0.90352226979712,               419P    721
0.09647773020288,0.,0.90061545593118,0.09357091633693,0.,            419P    722
0.89681752058815,0.09199776000883,0.,0.89301958524511,               419P    723
0.09042460368073,0.,0.8889087296526,0.09042460368073,0.,             419P    724
0.88479787406009,0.09042460368073,0.,0.88099993871706,               419P    725
0.09199776000883,0.,0.87720200337402,0.09357091633693,0.,            419P    726
0.87429518950808,0.09647773020288,0.,0.87138837564213,               419P    727
0.09938454406882,0.,0.86981521931403,0.10318247941185,0.,            419P    728
0.86824206298593,0.10698041475489,0.,0.86824206298593,               419P    729
0.1110912703474,0.,0.86824206298593,0.11520212593991,0.,             419P    730
0.86981521931403,0.11900006128294,0.,0.87138837564213,               419P    731
0.12279799662598,0.,0.87429518950808,0.12570481049192,0.,            419P    732
0.87720200337402,0.12861162435787,0.,0.88099993871706,               419P    733
0.13018478068597,0.,0.88479787406009,0.13175793701407,0.,            419P    734
0.8889087296526,0.13175793701407,0.,0.89301958524511,                419P    735
0.13175793701407,0.,0.89681752058815,0.13018478068597,0.,            419P    736
0.90061545593118,0.12861162435787,0.,0.90352226979712,               419P    737
0.12570481049192,0.,0.90642908366307,0.12279799662598,0.,            419P    738
0.90800223999117,0.11900006128294,0.,0.90957539631927,               419P    739
0.11520212593991,0.,0.90957539631927,0.1110912703474,0.,             419P    740
-6.28318530717959,0.,0.,0.,1.;                                       419P    741
102,1,419;                                                           421P    742
124,-1.,0.,0.,-0.05833630944789,0.,-1.,0.,-0.05833630944789,0.,      423P    743
0.,1.,0.;                                                            423P    744
100,0.,0.,0.,0.0031,0.,0.0031,0.;                                    425P    745
102,1,425;                                                           427P    746
142,1,335,421,427,2;                                                 429P    747
126,64,2,1,1,1,1,3.14159265358979,3.14159265358979,                  431P    748
3.14159265358979,3.33794219443916,3.33794219443916,                  431P    749
3.53429173528852,3.53429173528852,3.73064127613788,                  431P    750
3.73064127613788,3.92699081698724,3.92699081698724,                  431P    751
4.1233403578366,4.1233403578366,4.31968989868597,                    431P    752
4.31968989868597,4.51603943953533,4.51603943953533,                  431P    753
4.71238898038469,4.71238898038469,4.90873852123405,                  431P    754
4.90873852123405,5.10508806208341,5.10508806208341,                  431P    755
5.30143760293278,5.30143760293278,5.49778714378214,                  431P    756
5.49778714378214,5.6941366846315,5.6941366846315,                    431P    757
5.89048622548086,5.89048622548086,6.08683576633022,                  431P    758
6.08683576633022,6.28318530717959,6.28318530717959,                  431P    759
6.47953484802895,6.47953484802895,6.67588438887831,                  431P    760
6.67588438887831,6.87223392972767,6.87223392972767,                  431P    761
7.06858347057703,7.06858347057703,7.2649330114264,                   431P    762
7.2649330114264,7.46128255227576,7.46128255227576,                   431P    763
7.65763209312512,7.65763209312512,7.85398163397448,                  431P    764
7.85398163397448,8.05033117482384,8.05033117482384,                  431P    765
8.24668071567321,8.24668071567321,8.44303025652257,                  431P    766
8.44303025652257,8.63937979737193,8.63937979737193,                  431P    767
8.83572933822129,8.83572933822129,9.03207887907065,                  431P    768
9.03207887907065,9.22842841992002,9.22842841992002,                  431P    769
9.42477796076938,9.42477796076938,9.42477796076938,1.,1.,1.,1.,      431P    770
1.,1.,1.,1.,1.,1.,1.,1.,1.,1.,1.,1.,1.,1.,1.,1.,1.,1.,1.,1.,1.,      431P    771
1.,1.,1.,1.,1.,1.,1.,1.,1.,1.,1.,1.,1.,1.,1.,1.,1.,1.,1.,1.,1.,      431P    772
1.,1.,1.,1.,1.,1.,1.,1.,1.,1.,1.,1.,1.,1.,1.,1.,1.,1.,1.,0.95,       431P    773
0.50746544538301,0.,0.95,0.46314431387228,0.,0.94135337618145,       431P    774
0.41967480047575,0.,0.93270675236291,0.37620528707922,0.,            431P    775
0.91574578963008,0.33525790081872,0.,0.89878482689725,               431P    776
0.29431051455822,0.,0.87416132553615,0.25745884052419,0.,            431P    777
0.84953782417504,0.22060716649015,0.,0.81819805153395,               431P    778
0.18926739384906,0.,0.78685827889285,0.15792762120797,0.,            431P    779
0.75000660485882,0.13330411984686,0.,0.71315493082479,               431P    780
0.10868061848576,0.,0.67220754456429,0.09171965575293,0.,            431P    781
0.63126015830379,0.0747586930201,0.,0.58779064490726,                431P    782
0.06611206920155,0.,0.54432113151072,0.05746544538301,0.,0.5,        431P    783
0.05746544538301,0.,0.45567886848928,0.05746544538301,0.,            431P    784
0.41220935509274,0.06611206920155,0.,0.36873984169621,               431P    785
0.0747586930201,0.,0.32779245543571,0.09171965575293,0.,             431P    786
0.28684506917521,0.10868061848576,0.,0.24999339514118,               431P    787
0.13330411984686,0.,0.21314172110715,0.15792762120797,0.,            431P    788
0.18180194846605,0.18926739384906,0.,0.15046217582496,               431P    789
0.22060716649015,0.,0.12583867446385,0.25745884052419,0.,            431P    790
0.10121517310275,0.29431051455822,0.,0.08425421036992,               431P    791
0.33525790081872,0.,0.06729324763709,0.37620528707921,0.,            431P    792
0.05864662381855,0.41967480047575,0.,0.05,0.46314431387228,0.,       431P    793
0.05,0.50746544538301,0.,0.05,0.55178657689373,0.,                   431P    794
0.05864662381855,0.59525609029026,0.,0.06729324763709,               431P    795
0.6387256036868,0.,0.08425421036992,0.6796729899473,0.,              431P    796
0.10121517310275,0.7206203762078,0.,0.12583867446385,                431P    797
0.75747205024183,0.,0.15046217582496,0.79432372427586,0.,            431P    798
0.18180194846605,0.82566349691695,0.,0.21314172110715,               431P    799
0.85700326955805,0.,0.24999339514118,0.88162677091915,0.,            431P    800
0.28684506917521,0.90625027228026,0.,0.32779245543571,               431P    801
0.92321123501309,0.,0.36873984169621,0.94017219774591,0.,            431P    802
0.41220935509274,0.94881882156446,0.,0.45567886848928,               431P    803
0.95746544538301,0.,0.5,0.95746544538301,0.,0.54432113151072,        431P    804
0.95746544538301,0.,0.58779064490726,0.94881882156446,0.,            431P    805
0.63126015830379,0.94017219774591,0.,0.67220754456429,               431P    806
0.92321123501309,0.,0.71315493082479,0.90625027228026,0.,            431P    807
0.75000660485882,0.88162677091915,0.,0.78685827889285,               431P    808
0.85700326955805,0.,0.81819805153395,0.82566349691695,0.,            431P    809
0.84953782417504,0.79432372427586,0.,0.87416132553614,               431P    810
0.75747205024183,0.,0.89878482689725,0.7206203762078,0.,             431P    811
0.91574578963008,0.6796729899473,0.,0.93270675236291,                431P    812
0.6387256036868,0.,0.94135337618145,0.59525609029026,0.,0.95,        431P    813
0.55178657689373,0.,0.95,0.50746544538301,0.,3.14159265358979,       431P    814
9.42477796076938,0.,0.,1.;                                           431P    815
102,1,431;                                                           433P    816
124,1.,0.,0.,0.,0.,1.,0.,0.00111981680745,0.,0.,1.,0.;               435P    817
100,0.,0.,0.,-0.0675,0.,-0.0675,0.;                                  437P    818
102,1,437;                                                           439P    819
142,1,335,433,439,2;                                                 441P    820
144,335,1,5,381,393,405,417,429,441;                                 443P    821
314,61.5686297416687,81.17647171020508,92.9411768913269,10HMixed     445P    822
Color;                                                               445P    823
110,0.,-0.05,0.075,0.,-1.05,0.075;                                   447P    824
110,0.06,-0.069,0.075,0.06,-0.075,0.075;                             449P    825
120,447,449,0.,6.28318530717959;                                     451P    826
126,1,1,1,0,1,0,-6.28318530717959,-6.28318530717959,0.,0.,1.,1.,     453P    827
0.,6.28318530717959,0.,0.,0.,0.,-6.28318530717959,0.,0.,0.,1.;       453P    828
126,1,1,1,0,1,0,0.,0.,1.,1.,1.,1.,0.,0.,0.,0.,6.28318530717959,      455P    829
0.,0.,1.,0.,0.,1.;                                                   455P    830
126,1,1,1,0,1,0,0.019,0.019,0.025,0.025,1.,1.,0.,                    457P    831
6.28318530717959,0.,1.,6.28318530717959,0.,0.019,0.025,0.,0.,1.;     457P    832
126,1,1,1,0,1,0,0.,0.,1.,1.,1.,1.,1.,6.28318530717959,0.,1.,0.,      459P    833
0.,0.,1.,0.,0.,1.;                                                   459P    834
126,1,1,1,0,1,0,0.,0.,6.28318530717959,6.28318530717959,1.,1.,       461P    835
1.,0.,0.,1.,6.28318530717959,0.,0.,6.28318530717959,0.,0.,1.;        461P    836
126,1,1,1,0,1,0,0.,0.,1.,1.,1.,1.,1.,6.28318530717959,0.,1.,0.,      463P    837
0.,0.,1.,0.,0.,1.;                                                   463P    838
126,1,1,1,0,1,0,-0.025,-0.025,-0.019,-0.019,1.,1.,1.,0.,0.,0.,       465P    839
0.,0.,-0.025,-0.019,0.,0.,1.;                                        465P    840
126,1,1,1,0,1,0,0.,0.,1.,1.,1.,1.,0.,0.,0.,0.,6.28318530717959,      467P    841
0.,0.,1.,0.,0.,1.;                                                   467P    842
102,8,453,455,457,459,461,463,465,467;                               469P    843
124,1.,0.,-0.,0.,0.,0.,1.,-0.069,0.,-1.,0.,0.075;                    471P    844
100,0.,0.,0.,0.06,0.,0.06,0.;                                        473P    845
110,0.06,-0.069,0.075,0.06,-0.075,0.075;                             475P    846
124,1.,0.,0.,0.,0.,0.,-1.,-0.075,0.,1.,0.,0.075;                     477P    847
100,0.,0.,0.,0.06,0.,0.06,-0.;                                       479P    848
110,0.06,-0.075,0.075,0.06,-0.069,0.075;                             481P    849
102,4,473,475,479,481;                                               483P    850
142,1,451,469,483,2;                                                 485P    851
144,451,1,0,485;                                                     487P    852
314,61.5686297416687,81.17647171020508,92.9411768913269,10HMixed     489P    853
Color;                                                               489P    854
110,-0.067,-0.067,0.15,-0.067,-0.067,-0.85;                          491P    855
110,-0.075,-0.067,0.,-0.075,-0.067,0.15;                             493P    856
120,491,493,0.,6.28318530717959;                                     495P    857
126,1,1,1,0,1,0,-4.71238898038469,-4.71238898038469,                 497P    858
-3.14159265358979,-3.14159265358979,1.,1.,1.,4.71238898038469,       497P    859
0.,1.,6.28318530717959,0.,-4.71238898038469,-3.14159265358979,       497P    860
0.,0.,1.;                                                            497P    861
126,1,1,1,0,1,0,0.,0.,0.15,0.15,1.,1.,1.,6.28318530717959,0.,0.,     499P    862
6.28318530717959,0.,0.,0.15,0.,0.,1.;                                499P    863
126,1,1,1,0,1,0,3.14159265358979,3.14159265358979,                   501P    864
4.71238898038469,4.71238898038469,1.,1.,0.,6.28318530717959,0.,      501P    865
0.,4.71238898038469,0.,3.14159265358979,4.71238898038469,0.,0.,      501P    866
1.;                                                                  501P    867
126,1,1,1,0,1,0,-0.15,-0.15,0.,0.,1.,1.,0.,4.71238898038469,0.,      503P    868
1.,4.71238898038469,0.,-0.15,0.,0.,0.,1.;                            503P    869
102,4,497,499,501,503;                                               505P    870
124,1.,0.,0.,-0.067,0.,-1.,0.,-0.067,0.,0.,-1.,0.15;                 507P    871
100,0.,0.,0.,-0.,0.008,-0.008,-0.;                                   509P    872
110,-0.075,-0.067,0.15,-0.075,-0.067,0.;                             511P    873
124,1.,0.,0.,-0.067,0.,1.,0.,-0.067,0.,0.,1.,0.;                     513P    874
100,0.,0.,0.,-0.008,0.,-0.,-0.008;                                   515P    875
110,-0.067,-0.075,0.,-0.067,-0.075,0.15;                             517P    876
102,4,509,511,515,517;                                               519P    877
142,1,495,505,519,2;                                                 521P    878
144,495,1,0,521;                                                     523P    879
314,61.5686297416687,81.17647171020508,92.9411768913269,10HMixed     525P    880
Color;                                                               525P    881
110,0.067,-0.067,0.15,0.067,-0.067,1.15;                             527P    882
110,0.075,-0.067,0.15,0.075,-0.067,0.;                               529P    883
120,527,529,0.,6.28318530717959;                                     531P    884
126,1,1,1,0,1,0,-6.28318530717959,-6.28318530717959,                 533P    885
-4.71238898038469,-4.71238898038469,1.,1.,0.,6.28318530717959,       533P    886
0.,0.,4.71238898038469,0.,-6.28318530717959,-4.71238898038469,       533P    887
0.,0.,1.;                                                            533P    888
126,1,1,1,0,1,0,0.,0.,0.15,0.15,1.,1.,0.,4.71238898038469,0.,1.,     535P    889
4.71238898038469,0.,0.,0.15,0.,0.,1.;                                535P    890
126,1,1,1,0,1,0,4.71238898038469,4.71238898038469,                   537P    891
6.28318530717959,6.28318530717959,1.,1.,1.,4.71238898038469,0.,      537P    892
1.,6.28318530717959,0.,4.71238898038469,6.28318530717959,0.,0.,      537P    893
1.;                                                                  537P    894
126,1,1,1,0,1,0,0.,0.,0.15,0.15,1.,1.,1.,6.28318530717959,0.,0.,     539P    895
6.28318530717959,0.,0.,0.15,0.,0.,1.;                                539P    896
102,4,533,535,537,539;                                               541P    897
124,1.,0.,0.,0.067,0.,-1.,0.,-0.067,0.,0.,-1.,0.15;                  543P    898
100,0.,0.,0.,0.008,0.,-0.,0.008;                                     545P    899
110,0.067,-0.075,0.15,0.067,-0.075,0.;                               547P    900
124,1.,0.,0.,0.067,0.,1.,0.,-0.067,0.,0.,1.,0.;                      549P    901
100,0.,0.,0.,-0.,-0.008,0.008,-0.;                                   551P    902
110,0.075,-0.067,0.,0.075,-0.067,0.15;                               553P    903
102,4,545,547,551,553;                                               555P    904
142,1,531,541,555,2;                                                 557P    905
144,531,1,0,557;                                                     559P    906
314,61.5686297416687,81.17647171020508,92.9411768913269,10HMixed     561P    907
Color;                                                               561P    908
110,0.067,0.067,0.15,0.067,0.067,-0.85;                              563P    909
110,0.059,0.067,0.,0.059,0.067,0.15;                                 565P    910
120,563,565,0.,6.28318530717959;                                     567P    911
126,1,1,1,0,1,0,-1.5707963267949,-1.5707963267949,0.,0.,1.,1.,       569P    912
1.,1.5707963267949,0.,1.,3.14159265358979,0.,-1.5707963267949,       569P    913
0.,0.,0.,1.;                                                         569P    914
126,1,1,1,0,1,0,0.,0.,0.15,0.15,1.,1.,1.,3.14159265358979,0.,0.,     571P    915
3.14159265358979,0.,0.,0.15,0.,0.,1.;                                571P    916
126,1,1,1,0,1,0,0.,0.,1.5707963267949,1.5707963267949,1.,1.,0.,      573P    917
3.14159265358979,0.,0.,1.5707963267949,0.,0.,1.5707963267949,0.,     573P    918
0.,1.;                                                               573P    919
126,1,1,1,0,1,0,-0.15,-0.15,0.,0.,1.,1.,0.,1.5707963267949,0.,       575P    920
1.,1.5707963267949,0.,-0.15,0.,0.,0.,1.;                             575P    921
102,4,569,571,573,575;                                               577P    922
124,1.,0.,0.,0.067,0.,-1.,0.,0.067,0.,0.,-1.,0.15;                   579P    923
100,0.,0.,0.,0.,-0.008,0.008,0.;                                     581P    924
110,0.075,0.067,0.15,0.075,0.067,0.;                                 583P    925
124,1.,0.,0.,0.067,0.,1.,0.,0.067,0.,0.,1.,0.;                       585P    926
100,0.,0.,0.,0.008,0.,0.,0.008;                                      587P    927
110,0.067,0.075,0.,0.067,0.075,0.15;                                 589P    928
102,4,581,583,587,589;                                               591P    929
142,1,567,577,591,2;                                                 593P    930
144,567,1,0,593;                                                     595P    931
314,61.5686297416687,81.17647171020508,92.9411768913269,10HMixed     597P    932
Color;                                                               597P    933
110,-0.067,0.067,0.15,-0.067,0.067,1.15;                             599P    934
110,-0.059,0.067,0.15,-0.059,0.067,0.;                               601P    935
120,599,601,0.,6.28318530717959;                                     603P    936
126,1,1,1,0,1,0,-3.14159265358979,-3.14159265358979,                 605P    937
-1.5707963267949,-1.5707963267949,1.,1.,0.,3.14159265358979,0.,      605P    938
0.,1.5707963267949,0.,-3.14159265358979,-1.5707963267949,0.,0.,      605P    939
1.;                                                                  605P    940
126,1,1,1,0,1,0,0.,0.,0.15,0.15,1.,1.,0.,1.5707963267949,0.,1.,      607P    941
1.5707963267949,0.,0.,0.15,0.,0.,1.;                                 607P    942
126,1,1,1,0,1,0,1.5707963267949,1.5707963267949,                     609P    943
3.14159265358979,3.14159265358979,1.,1.,1.,1.5707963267949,0.,       609P    944
1.,3.14159265358979,0.,1.5707963267949,3.14159265358979,0.,0.,       609P    945
1.;                                                                  609P    946
126,1,1,1,0,1,0,0.,0.,0.15,0.15,1.,1.,1.,3.14159265358979,0.,0.,     611P    947
3.14159265358979,0.,0.,0.15,0.,0.,1.;                                611P    948
102,4,605,607,609,611;                                               613P    949
124,1.,0.,0.,-0.067,0.,-1.,0.,0.067,0.,0.,-1.,0.15;                  615P    950
100,0.,0.,0.,-0.008,-0.,0.,-0.008;                                   617P    951
110,-0.067,0.075,0.15,-0.067,0.075,0.;                               619P    952
124,1.,0.,0.,-0.067,0.,1.,0.,0.067,0.,0.,1.,0.;                      621P    953
100,0.,0.,0.,0.,0.008,-0.008,0.;                                     623P    954
110,-0.075,0.067,0.,-0.075,0.067,0.15;                               625P    955
102,4,617,619,623,625;                                               627P    956
142,1,603,613,627,2;                                                 629P    957
144,603,1,0,629;                                                     631P    958
314,61.5686297416687,81.17647171020508,92.9411768913269,10HMixed     633P    959
Color;                                                               633P    960
110,0.067,-0.069,0.006,-0.067,-0.069,0.006;                          635P    961
122,635,0.067,-0.069,0.144;                                          637P    962
126,1,1,1,0,1,0,-0.067,-0.067,0.067,0.067,1.,1.,0.,0.,0.,1.,0.,      639P    963
0.,-0.067,0.067,0.,0.,1.;                                            639P    964
126,1,1,1,0,1,0,-0.144,-0.144,-0.006,-0.006,1.,1.,1.,0.,0.,1.,       641P    965
1.,0.,-0.144,-0.006,0.,0.,1.;                                        641P    966
126,1,1,1,0,1,0,-0.067,-0.067,0.067,0.067,1.,1.,1.,1.,0.,0.,1.,      643P    967
0.,-0.067,0.067,0.,0.,1.;                                            643P    968
126,1,1,1,0,1,0,0.006,0.006,0.144,0.144,1.,1.,0.,1.,0.,0.,0.,0.,     645P    969
0.006,0.144,0.,0.,1.;                                                645P    970
102,4,639,641,643,645;                                               647P    971
110,0.067,-0.069,0.006,-0.067,-0.069,0.006;                          649P    972
110,-0.067,-0.069,0.006,-0.067,-0.069,0.144;                         651P    973
110,-0.067,-0.069,0.144,0.067,-0.069,0.144;                          653P    974
110,0.067,-0.069,0.144,0.067,-0.069,0.006;                           655P    975
102,4,649,651,653,655;                                               657P    976
142,1,637,647,657,2;                                                 659P    977
126,64,2,1,1,1,1,0.,0.,0.,0.19634954084936,0.19634954084936,         661P    978
0.39269908169872,0.39269908169872,0.58904862254809,                  661P    979
0.58904862254809,0.78539816339745,0.78539816339745,                  661P    980
0.98174770424681,0.98174770424681,1.17809724509617,                  661P    981
1.17809724509617,1.37444678594553,1.37444678594553,                  661P    982
1.5707963267949,1.5707963267949,1.76714586764426,                    661P    983
1.76714586764426,1.96349540849362,1.96349540849362,                  661P    984
2.15984494934298,2.15984494934298,2.35619449019234,                  661P    985
2.35619449019234,2.55254403104171,2.55254403104171,                  661P    986
2.74889357189107,2.74889357189107,2.94524311274043,                  661P    987
2.94524311274043,3.14159265358979,3.14159265358979,                  661P    988
3.33794219443916,3.33794219443916,3.53429173528852,                  661P    989
3.53429173528852,3.73064127613788,3.73064127613788,                  661P    990
3.92699081698724,3.92699081698724,4.1233403578366,                   661P    991
4.1233403578366,4.31968989868597,4.31968989868597,                   661P    992
4.51603943953533,4.51603943953533,4.71238898038469,                  661P    993
4.71238898038469,4.90873852123405,4.90873852123405,                  661P    994
5.10508806208341,5.10508806208341,5.30143760293278,                  661P    995
5.30143760293278,5.49778714378214,5.49778714378214,                  661P    996
5.6941366846315,5.6941366846315,5.89048622548086,                    661P    997
5.89048622548086,6.08683576633022,6.08683576633022,                  661P    998
6.28318530717959,6.28318530717959,6.28318530717959,1.,1.,1.,1.,      661P    999
1.,1.,1.,1.,1.,1.,1.,1.,1.,1.,1.,1.,1.,1.,1.,1.,1.,1.,1.,1.,1.,      661P   1000
1.,1.,1.,1.,1.,1.,1.,1.,1.,1.,1.,1.,1.,1.,1.,1.,1.,1.,1.,1.,1.,      661P   1001
1.,1.,1.,1.,1.,1.,1.,1.,1.,1.,1.,1.,1.,1.,1.,1.,1.,1.,1.,            661P   1002
0.05223880597015,0.5,0.,0.05223880597015,0.54282234928572,0.,        661P   1003
0.06084241175975,0.58482187913745,0.,0.06944601754935,               661P   1004
0.62682140898917,0.,0.08632259738301,0.6663841010283,0.,             661P   1005
0.10319917721667,0.70594679306743,0.,0.12770017359588,               661P   1006
0.74155227522591,0.,0.15220116997508,0.7771577573844,0.,             661P   1007
0.18338502334931,0.80743773095067,0.,0.21456887672353,               661P   1008
0.83771770451695,0.,0.2512372090957,0.86150852708806,0.,             661P   1009
0.28790554146787,0.88529934965918,0.,0.32864920938877,               661P   1010
0.90168675326578,0.,0.36939287730966,0.91807415687237,0.,            661P   1011
0.41264612447039,0.92642838278401,0.,0.45589937163112,               661P   1012
0.93478260869565,0.,0.5,0.93478260869565,0.,0.54410062836888,        661P   1013
0.93478260869565,0.,0.58735387552961,0.92642838278401,0.,            661P   1014
0.63060712269034,0.91807415687237,0.,0.67135079061123,               661P   1015
0.90168675326578,0.,0.71209445853213,0.88529934965918,0.,            661P   1016
0.7487627909043,0.86150852708806,0.,0.78543112327647,                661P   1017
0.83771770451695,0.,0.81661497665069,0.80743773095067,0.,            661P   1018
0.84779883002492,0.7771577573844,0.,0.87229982640412,                661P   1019
0.74155227522591,0.,0.89680082278333,0.70594679306743,0.,            661P   1020
0.91367740261699,0.6663841010283,0.,0.93055398245065,                661P   1021
0.62682140898917,0.,0.93915758824025,0.58482187913745,0.,            661P   1022
0.94776119402985,0.54282234928572,0.,0.94776119402985,0.5,0.,        661P   1023
0.94776119402985,0.45717765071428,0.,0.93915758824025,               661P   1024
0.41517812086255,0.,0.93055398245065,0.37317859101083,0.,            661P   1025
0.91367740261699,0.3336158989717,0.,0.89680082278333,                661P   1026
0.29405320693257,0.,0.87229982640412,0.25844772477409,0.,            661P   1027
0.84779883002492,0.2228422426156,0.,0.81661497665069,                661P   1028
0.19256226904933,0.,0.78543112327647,0.16228229548305,0.,            661P   1029
0.7487627909043,0.13849147291194,0.,0.71209445853213,                661P   1030
0.11470065034082,0.,0.67135079061123,0.09831324673422,0.,            661P   1031
0.63060712269034,0.08192584312763,0.,0.58735387552961,               661P   1032
0.07357161721599,0.,0.54410062836888,0.06521739130435,0.,0.5,        661P   1033
0.06521739130435,0.,0.45589937163112,0.06521739130435,0.,            661P   1034
0.41264612447039,0.07357161721599,0.,0.36939287730966,               661P   1035
0.08192584312763,0.,0.32864920938877,0.09831324673422,0.,            661P   1036
0.28790554146787,0.11470065034082,0.,0.2512372090957,                661P   1037
0.13849147291194,0.,0.21456887672353,0.16228229548305,0.,            661P   1038
0.18338502334931,0.19256226904933,0.,0.15220116997508,               661P   1039
0.2228422426156,0.,0.12770017359588,0.25844772477409,0.,             661P   1040
0.10319917721667,0.29405320693257,0.,0.08632259738301,               661P   1041
0.3336158989717,0.,0.06944601754935,0.37317859101083,0.,             661P   1042
0.06084241175975,0.41517812086255,0.,0.05223880597015,               661P   1043
0.45717765071428,0.,0.05223880597015,0.5,0.,0.,6.28318530717959,     661P   1044
0.,0.,1.;                                                            661P   1045
102,1,661;                                                           663P   1046
124,1.,0.,0.,0.,0.,0.,-1.,-0.069,0.,1.,0.,0.075;                     665P   1047
100,0.,0.,0.,0.06,0.,0.06,-0.;                                       667P   1048
102,1,667;                                                           669P   1049
142,1,637,663,669,2;                                                 671P   1050
144,637,1,1,659,671;                                                 673P   1051
314,61.5686297416687,81.17647171020508,92.9411768913269,10HMixed     675P   1052
Color;                                                               675P   1053
110,0.069,0.067,0.006,0.069,-0.067,0.006;                            677P   1054
122,677,0.069,0.067,0.144;                                           679P   1055
126,1,1,1,0,1,0,-0.067,-0.067,0.067,0.067,1.,1.,-0.,0.,0.,1.,0.,     681P   1056
0.,-0.067,0.067,0.,0.,1.;                                            681P   1057
126,1,1,1,0,1,0,-0.144,-0.144,-0.006,-0.006,1.,1.,1.,0.,0.,1.,       683P   1058
1.,0.,-0.144,-0.006,0.,0.,1.;                                        683P   1059
126,1,1,1,0,1,0,-0.067,-0.067,0.067,0.067,1.,1.,1.,1.,0.,-0.,1.,     685P   1060
0.,-0.067,0.067,0.,0.,1.;                                            685P   1061
126,1,1,1,0,1,0,0.006,0.006,0.144,0.144,1.,1.,-0.,1.,0.,-0.,0.,      687P   1062
0.,0.006,0.144,0.,0.,1.;                                             687P   1063
102,4,681,683,685,687;                                               689P   1064
110,0.069,0.067,0.006,0.069,-0.067,0.006;                            691P   1065
110,0.069,-0.067,0.006,0.069,-0.067,0.144;                           693P   1066
110,0.069,-0.067,0.144,0.069,0.067,0.144;                            695P   1067
110,0.069,0.067,0.144,0.069,0.067,0.006;                             697P   1068
102,4,691,693,695,697;                                               699P   1069
142,1,679,689,699,2;                                                 701P   1070
144,679,1,0,701;                                                     703P   1071
314,61.5686297416687,81.17647171020508,92.9411768913269,10HMixed     705P   1072
Color;                                                               705P   1073
110,-0.067,0.069,0.006,0.067,0.069,0.006;                            707P   1074
122,707,-0.067,0.069,0.144;                                          709P   1075
126,1,1,1,0,1,0,-0.067,-0.067,0.067,0.067,1.,1.,0.,0.,0.,1.,0.,      711P   1076
0.,-0.067,0.067,0.,0.,1.;                                            711P   1077
126,1,1,1,0,1,0,-0.144,-0.144,-0.006,-0.006,1.,1.,1.,0.,0.,1.,       713P   1078
1.,0.,-0.144,-0.006,0.,0.,1.;                                        713P   1079
126,1,1,1,0,1,0,-0.067,-0.067,0.067,0.067,1.,1.,1.,1.,0.,0.,1.,      715P   1080
0.,-0.067,0.067,0.,0.,1.;                                            715P   1081
126,1,1,1,0,1,0,0.006,0.006,0.144,0.144,1.,1.,0.,1.,0.,0.,0.,0.,     717P   1082
0.006,0.144,0.,0.,1.;                                                717P   1083
102,4,711,713,715,717;                                               719P   1084
110,-0.067,0.069,0.006,0.067,0.069,0.006;                            721P   1085
110,0.067,0.069,0.006,0.067,0.069,0.144;                             723P   1086
110,0.067,0.069,0.144,-0.067,0.069,0.144;                            725P   1087
110,-0.067,0.069,0.144,-0.067,0.069,0.006;                           727P   1088
102,4,721,723,725,727;                                               729P   1089
142,1,709,719,729,2;                                                 731P   1090
126,1,1,1,0,1,0,0.065,0.065,0.085,0.085,1.,1.,0.91044776119403,      733P   1091
0.57246376811594,0.,0.91044776119403,0.42753623188406,0.,0.065,      733P   1092
0.085,0.,0.,1.;                                                      733P   1093
126,16,2,1,0,1,0,-6.28318530717959,-6.28318530717959,                735P   1094
-6.28318530717959,-6.08683576633022,-6.08683576633022,               735P   1095
-5.89048622548086,-5.89048622548086,-5.6941366846315,                735P   1096
-5.6941366846315,-5.49778714378214,-5.49778714378214,                735P   1097
-5.30143760293278,-5.30143760293278,-5.10508806208341,               735P   1098
-5.10508806208341,-4.90873852123405,-4.90873852123405,               735P   1099
-4.71238898038469,-4.71238898038469,-4.71238898038469,1.,1.,1.,      735P   1100
1.,1.,1.,1.,1.,1.,1.,1.,1.,1.,1.,1.,1.,1.,0.91044776119403,          735P   1101
0.42753623188406,0.,0.91044776119403,0.42039917366977,0.,            735P   1102
0.90901382689576,0.41339925202782,0.,0.9075798925975,                735P   1103
0.40639933038586,0.,0.90476712929189,0.39980554837934,0.,            735P   1104
0.90195436598628,0.39321176637282,0.,0.89787086658974,               735P   1105
0.38727751934641,0.,0.89378736719321,0.38134327231999,0.,            735P   1106
0.8885900582975,0.37629661005895,0.,0.8833927494018,                 735P   1107
0.3712499477979,0.,0.8772813606731,0.36728481070271,0.,              735P   1108
0.87116997194441,0.36331967360753,0.,0.86437936062426,               735P   1109
0.3605884396731,0.,0.85758874930411,0.35785720573866,0.,             735P   1110
0.85037987477732,0.35646483475339,0.,0.84317100025053,               735P   1111
0.35507246376812,0.,0.83582089552239,0.35507246376812,0.,            735P   1112
-6.28318530717959,-4.71238898038469,0.,0.,1.;                        735P   1113
126,1,1,1,0,1,0,-0.045,-0.045,0.045,0.045,1.,1.,                     737P   1114
0.83582089552239,0.35507246376812,0.,0.16417910447761,               737P   1115
0.35507246376812,0.,-0.045,0.045,0.,0.,1.;                           737P   1116
126,16,2,1,0,1,0,-4.71238898038469,-4.71238898038469,                739P   1117
-4.71238898038469,-4.51603943953533,-4.51603943953533,               739P   1118
-4.31968989868597,-4.31968989868597,-4.1233403578366,                739P   1119
-4.1233403578366,-3.92699081698724,-3.92699081698724,                739P   1120
-3.73064127613788,-3.73064127613788,-3.53429173528852,               739P   1121
-3.53429173528852,-3.33794219443916,-3.33794219443916,               739P   1122
-3.14159265358979,-3.14159265358979,-3.14159265358979,1.,1.,1.,      739P   1123
1.,1.,1.,1.,1.,1.,1.,1.,1.,1.,1.,1.,1.,1.,0.16417910447761,          739P   1124
0.35507246376812,0.,0.15682899974947,0.35507246376812,0.,            739P   1125
0.14962012522268,0.35646483475339,0.,0.14241125069589,               739P   1126
0.35785720573866,0.,0.13562063937574,0.3605884396731,0.,             739P   1127
0.12883002805559,0.36331967360753,0.,0.1227186393269,                739P   1128
0.36728481070271,0.,0.1166072505982,0.3712499477979,0.,              739P   1129
0.1114099417025,0.37629661005895,0.,0.10621263280679,                739P   1130
0.38134327231999,0.,0.10212913341026,0.38727751934641,0.,            739P   1131
0.09804563401372,0.39321176637282,0.,0.09523287070811,               739P   1132
0.39980554837934,0.,0.0924201074025,0.40639933038586,0.,             739P   1133
0.09098617310424,0.41339925202782,0.,0.08955223880597,               739P   1134
0.42039917366977,0.,0.08955223880597,0.42753623188406,0.,            739P   1135
-4.71238898038469,-3.14159265358979,0.,0.,1.;                        739P   1136
126,1,1,1,0,1,0,-0.085,-0.085,-0.065,-0.065,1.,1.,                   741P   1137
0.08955223880597,0.42753623188406,0.,0.08955223880597,               741P   1138
0.57246376811594,0.,-0.085,-0.065,0.,0.,1.;                          741P   1139
126,16,2,1,0,1,0,-3.14159265358979,-3.14159265358979,                743P   1140
-3.14159265358979,-2.94524311274043,-2.94524311274043,               743P   1141
-2.74889357189107,-2.74889357189107,-2.55254403104171,               743P   1142
-2.55254403104171,-2.35619449019234,-2.35619449019234,               743P   1143
-2.15984494934298,-2.15984494934298,-1.96349540849362,               743P   1144
-1.96349540849362,-1.76714586764426,-1.76714586764426,               743P   1145
-1.5707963267949,-1.5707963267949,-1.5707963267949,1.,1.,1.,1.,      743P   1146
1.,1.,1.,1.,1.,1.,1.,1.,1.,1.,1.,1.,1.,0.08955223880597,             743P   1147
0.57246376811594,0.,0.08955223880597,0.57960082633023,0.,            743P   1148
0.09098617310424,0.58660074797218,0.,0.0924201074025,                743P   1149
0.59360066961414,0.,0.09523287070811,0.60019445162066,0.,            743P   1150
0.09804563401372,0.60678823362718,0.,0.10212913341026,               743P   1151
0.61272248065359,0.,0.10621263280679,0.61865672768001,0.,            743P   1152
0.1114099417025,0.62370338994105,0.,0.1166072505982,                 743P   1153
0.6287500522021,0.,0.1227186393269,0.63271518929729,0.,              743P   1154
0.12883002805559,0.63668032639247,0.,0.13562063937574,               743P   1155
0.63941156032691,0.,0.14241125069589,0.64214279426134,0.,            743P   1156
0.14962012522268,0.64353516524661,0.,0.15682899974947,               743P   1157
0.64492753623188,0.,0.16417910447761,0.64492753623188,0.,            743P   1158
-3.14159265358979,-1.5707963267949,0.,0.,1.;                         743P   1159
126,1,1,1,0,1,0,-0.045,-0.045,0.045,0.045,1.,1.,                     745P   1160
0.16417910447761,0.64492753623188,0.,0.83582089552239,               745P   1161
0.64492753623188,0.,-0.045,0.045,0.,0.,1.;                           745P   1162
126,16,2,1,0,1,0,-1.5707963267949,-1.5707963267949,                  747P   1163
-1.5707963267949,-1.37444678594553,-1.37444678594553,                747P   1164
-1.17809724509617,-1.17809724509617,-0.98174770424681,               747P   1165
-0.98174770424681,-0.78539816339745,-0.78539816339745,               747P   1166
-0.58904862254809,-0.58904862254809,-0.39269908169872,               747P   1167
-0.39269908169872,-0.19634954084936,-0.19634954084936,0.,0.,0.,      747P   1168
1.,1.,1.,1.,1.,1.,1.,1.,1.,1.,1.,1.,1.,1.,1.,1.,1.,                  747P   1169
0.83582089552239,0.64492753623188,0.,0.84317100025053,               747P   1170
0.64492753623188,0.,0.85037987477732,0.64353516524661,0.,            747P   1171
0.85758874930411,0.64214279426134,0.,0.86437936062426,               747P   1172
0.63941156032691,0.,0.87116997194441,0.63668032639247,0.,            747P   1173
0.8772813606731,0.63271518929729,0.,0.8833927494018,                 747P   1174
0.6287500522021,0.,0.8885900582975,0.62370338994105,0.,              747P   1175
0.89378736719321,0.61865672768001,0.,0.89787086658974,               747P   1176
0.61272248065359,0.,0.90195436598628,0.60678823362718,0.,            747P   1177
0.90476712929189,0.60019445162066,0.,0.9075798925975,                747P   1178
0.59360066961414,0.,0.90901382689576,0.58660074797218,0.,            747P   1179
0.91044776119403,0.57960082633023,0.,0.91044776119403,               747P   1180
0.57246376811594,0.,-1.5707963267949,0.,0.,0.,1.;                    747P   1181
102,8,733,735,737,739,741,743,745,747;                               749P   1182
110,0.055,0.069,0.085,0.055,0.069,0.065;                             751P   1183
124,1.,0.,-0.,0.045,0.,0.,1.,0.069,0.,-1.,0.,0.065;                  753P   1184
100,0.,0.,0.,0.01,0.,-0.,0.01;                                       755P   1185
110,0.045,0.069,0.055,-0.045,0.069,0.055;                            757P   1186
124,1.,0.,-0.,-0.045,0.,0.,1.,0.069,0.,-1.,0.,0.065;                 759P   1187
100,0.,0.,0.,-0.,0.01,-0.01,-0.;                                     761P   1188
110,-0.055,0.069,0.065,-0.055,0.069,0.085;                           763P   1189
124,1.,0.,-0.,-0.045,0.,0.,1.,0.069,0.,-1.,0.,0.085;                 765P   1190
100,0.,0.,0.,-0.01,-0.,0.,-0.01;                                     767P   1191
110,-0.045,0.069,0.095,0.045,0.069,0.095;                            769P   1192
124,1.,0.,-0.,0.045,0.,0.,1.,0.069,0.,-1.,0.,0.085;                  771P   1193
100,0.,0.,0.,0.,-0.01,0.01,0.;                                       773P   1194
102,8,751,755,757,761,763,767,769,773;                               775P   1195
142,1,709,749,775,2;                                                 777P   1196
144,709,1,1,731,777;                                                 779P   1197
314,61.5686297416687,81.17647171020508,92.9411768913269,10HMixed     781P   1198
Color;                                                               781P   1199
110,-0.069,-0.067,0.006,-0.069,0.067,0.006;                          783P   1200
122,783,-0.069,-0.067,0.144;                                         785P   1201
126,1,1,1,0,1,0,-0.067,-0.067,0.067,0.067,1.,1.,1.,1.,0.,-0.,1.,     787P   1202
0.,-0.067,0.067,0.,0.,1.;                                            787P   1203
126,1,1,1,0,1,0,0.006,0.006,0.144,0.144,1.,1.,-0.,1.,0.,-0.,0.,      789P   1204
0.,0.006,0.144,0.,0.,1.;                                             789P   1205
126,1,1,1,0,1,0,-0.067,-0.067,0.067,0.067,1.,1.,-0.,0.,0.,1.,0.,     791P   1206
0.,-0.067,0.067,0.,0.,1.;                                            791P   1207
126,1,1,1,0,1,0,-0.144,-0.144,-0.006,-0.006,1.,1.,1.,0.,0.,1.,       793P   1208
1.,0.,-0.144,-0.006,0.,0.,1.;                                        793P   1209
102,4,787,789,791,793;                                               795P   1210
110,-0.069,0.067,0.144,-0.069,-0.067,0.144;                          797P   1211
110,-0.069,-0.067,0.144,-0.069,-0.067,0.006;                         799P   1212
110,-0.069,-0.067,0.006,-0.069,0.067,0.006;                          801P   1213
110,-0.069,0.067,0.006,-0.069,0.067,0.144;                           803P   1214
102,4,797,799,801,803;                                               805P   1215
142,1,785,795,805,2;                                                 807P   1216
144,785,1,0,807;                                                     809P   1217
314,61.5686297416687,81.17647171020508,92.9411768913269,10HMixed     811P   1218
Color;                                                               811P   1219
110,-0.069,-0.069,0.006,0.069,-0.069,0.006;                          813P   1220
122,813,-0.069,0.069,0.006;                                          815P   1221
126,1,1,1,0,1,0,-0.067,-0.067,0.067,0.067,1.,1.,-0.,                 817P   1222
0.98550724637681,0.,-0.,0.01449275362319,0.,-0.067,0.067,0.,0.,      817P   1223
1.;                                                                  817P   1224
126,8,2,1,0,1,0,3.14159265358979,3.14159265358979,                   819P   1225
3.14159265358979,3.53429173528852,3.53429173528852,                  819P   1226
3.92699081698724,3.92699081698724,4.31968989868597,                  819P   1227
4.31968989868597,4.71238898038469,4.71238898038469,                  819P   1228
4.71238898038469,1.,1.,1.,1.,1.,1.,1.,1.,1.,-0.,                     819P   1229
0.01449275362319,0.,-0.,0.01160996569015,0.,0.001103195181,          819P   1230
0.00894661692225,0.,0.00220639036199,0.00628326815434,0.,            819P   1231
0.00424482925817,0.00424482925817,0.,0.00628326815434,               819P   1232
0.00220639036199,0.,0.00894661692225,0.001103195181,0.,              819P   1233
0.01160996569015,-0.,0.,0.01449275362319,-0.,0.,                     819P   1234
3.14159265358979,4.71238898038469,0.,0.,1.;                          819P   1235
126,1,1,1,0,1,0,-0.067,-0.067,0.067,0.067,1.,1.,                     821P   1236
0.01449275362319,-0.,0.,0.98550724637681,-0.,0.,-0.067,0.067,0.,     821P   1237
0.,1.;                                                               821P   1238
126,8,2,1,0,1,0,4.71238898038469,4.71238898038469,                   823P   1239
4.71238898038469,5.10508806208341,5.10508806208341,                  823P   1240
5.49778714378214,5.49778714378214,5.89048622548086,                  823P   1241
5.89048622548086,6.28318530717959,6.28318530717959,                  823P   1242
6.28318530717959,1.,1.,1.,1.,1.,1.,1.,1.,1.,0.98550724637681,        823P   1243
-0.,0.,0.98839003430985,-0.,0.,0.99105338307776,0.001103195181,      823P   1244
0.,0.99371673184566,0.00220639036199,0.,0.99575517074183,            823P   1245
0.00424482925817,0.,0.99779360963801,0.00628326815434,0.,            823P   1246
0.998896804819,0.00894661692225,0.,1.,0.01160996569015,0.,1.,        823P   1247
0.01449275362319,0.,4.71238898038469,6.28318530717959,0.,0.,1.;      823P   1248
126,1,1,1,0,1,0,-0.067,-0.067,0.067,0.067,1.,1.,1.,                  825P   1249
0.01449275362319,0.,1.,0.98550724637681,0.,-0.067,0.067,0.,0.,       825P   1250
1.;                                                                  825P   1251
126,8,2,1,0,1,0,0.,0.,0.,0.39269908169872,0.39269908169872,          827P   1252
0.78539816339745,0.78539816339745,1.17809724509617,                  827P   1253
1.17809724509617,1.5707963267949,1.5707963267949,                    827P   1254
1.5707963267949,1.,1.,1.,1.,1.,1.,1.,1.,1.,1.,0.98550724637681,      827P   1255
0.,1.,0.98839003430985,0.,0.998896804819,0.99105338307776,0.,        827P   1256
0.99779360963801,0.99371673184566,0.,0.99575517074183,               827P   1257
0.99575517074183,0.,0.99371673184566,0.99779360963801,0.,            827P   1258
0.99105338307776,0.998896804819,0.,0.98839003430985,1.,0.,           827P   1259
0.98550724637681,1.,0.,0.,1.5707963267949,0.,0.,1.;                  827P   1260
126,1,1,1,0,1,0,-0.067,-0.067,0.067,0.067,1.,1.,                     829P   1261
0.98550724637681,1.,0.,0.01449275362319,1.,0.,-0.067,0.067,0.,       829P   1262
0.,1.;                                                               829P   1263
126,8,2,1,0,1,0,1.5707963267949,1.5707963267949,1.5707963267949,     831P   1264
1.96349540849362,1.96349540849362,2.35619449019234,                  831P   1265
2.35619449019234,2.74889357189107,2.74889357189107,                  831P   1266
3.14159265358979,3.14159265358979,3.14159265358979,1.,1.,1.,1.,      831P   1267
1.,1.,1.,1.,1.,0.01449275362319,1.,0.,0.01160996569015,1.,0.,        831P   1268
0.00894661692225,0.998896804819,0.,0.00628326815434,                 831P   1269
0.99779360963801,0.,0.00424482925817,0.99575517074183,0.,            831P   1270
0.00220639036199,0.99371673184566,0.,0.001103195181,                 831P   1271
0.99105338307776,0.,-0.,0.98839003430985,0.,-0.,                     831P   1272
0.98550724637681,0.,1.5707963267949,3.14159265358979,0.,0.,1.;       831P   1273
102,8,817,819,821,823,825,827,829,831;                               833P   1274
110,-0.069,0.067,0.006,-0.069,-0.067,0.006;                          835P   1275
124,1.,0.,0.,-0.067,0.,1.,0.,-0.067,0.,0.,1.,0.006;                  837P   1276
100,0.,0.,0.,-0.002,0.,-0.,-0.002;                                   839P   1277
110,-0.067,-0.069,0.006,0.067,-0.069,0.006;                          841P   1278
124,1.,0.,0.,0.067,0.,1.,0.,-0.067,0.,0.,1.,0.006;                   843P   1279
100,0.,0.,0.,-0.,-0.002,0.002,-0.;                                   845P   1280
110,0.069,-0.067,0.006,0.069,0.067,0.006;                            847P   1281
124,1.,0.,0.,0.067,0.,1.,0.,0.067,0.,0.,1.,0.006;                    849P   1282
100,0.,0.,0.,0.002,0.,0.,0.002;                                      851P   1283
110,0.067,0.069,0.006,-0.067,0.069,0.006;                            853P   1284
124,1.,0.,0.,-0.067,0.,1.,0.,0.067,0.,0.,1.,0.006;                   855P   1285
100,0.,0.,0.,0.,0.002,-0.002,0.;                                     857P   1286
102,8,835,839,841,845,847,851,853,857;                               859P   1287
142,1,815,833,859,2;                                                 861P   1288
126,32,2,1,1,1,1,-9.42477796076938,-9.42477796076938,                863P   1289
-9.42477796076938,-9.03207887907065,-9.03207887907065,               863P   1290
-8.63937979737193,-8.63937979737193,-8.24668071567321,               863P   1291
-8.24668071567321,-7.85398163397448,-7.85398163397448,               863P   1292
-7.46128255227576,-7.46128255227576,-7.06858347057703,               863P   1293
-7.06858347057703,-6.67588438887831,-6.67588438887831,               863P   1294
-6.28318530717959,-6.28318530717959,-5.89048622548086,               863P   1295
-5.89048622548086,-5.49778714378214,-5.49778714378214,               863P   1296
-5.10508806208341,-5.10508806208341,-4.71238898038469,               863P   1297
-4.71238898038469,-4.31968989868597,-4.31968989868597,               863P   1298
-3.92699081698724,-3.92699081698724,-3.53429173528852,               863P   1299
-3.53429173528852,-3.14159265358979,-3.14159265358979,               863P   1300
-3.14159265358979,1.,1.,1.,1.,1.,1.,1.,1.,1.,1.,1.,1.,1.,1.,1.,      863P   1301
1.,1.,1.,1.,1.,1.,1.,1.,1.,1.,1.,1.,1.,1.,1.,1.,1.,1.,               863P   1302
0.90026311194123,0.07727311994282,0.,0.90026311194123,               863P   1303
0.08174144123903,0.,0.90197306447178,0.08586963182929,0.,            863P   1304
0.90368301700232,0.08999782241954,0.,0.90684259729139,               863P   1305
0.09315740270861,0.,0.91000217758046,0.09631698299768,0.,            863P   1306
0.91413036817071,0.09802693552822,0.,0.91825855876097,               863P   1307
0.09973688805877,0.,0.92272688005718,0.09973688805877,0.,            863P   1308
0.92719520135339,0.09973688805877,0.,0.93132339194364,               863P   1309
0.09802693552822,0.,0.93545158253389,0.09631698299768,0.,            863P   1310
0.93861116282296,0.09315740270861,0.,0.94177074311203,               863P   1311
0.08999782241954,0.,0.94348069564257,0.08586963182929,0.,            863P   1312
0.94519064817312,0.08174144123903,0.,0.94519064817312,               863P   1313
0.07727311994282,0.,0.94519064817312,0.07280479864661,0.,            863P   1314
0.94348069564257,0.06867660805636,0.,0.94177074311203,               863P   1315
0.06454841746611,0.,0.93861116282296,0.06138883717704,0.,            863P   1316
0.93545158253389,0.05822925688797,0.,0.93132339194364,               863P   1317
0.05651930435743,0.,0.92719520135339,0.05480935182688,0.,            863P   1318
0.92272688005718,0.05480935182688,0.,0.91825855876097,               863P   1319
0.05480935182688,0.,0.91413036817071,0.05651930435743,0.,            863P   1320
0.91000217758046,0.05822925688797,0.,0.90684259729139,               863P   1321
0.06138883717704,0.,0.90368301700232,0.06454841746611,0.,            863P   1322
0.90197306447178,0.06867660805636,0.,0.90026311194123,               863P   1323
0.07280479864661,0.,0.90026311194123,0.07727311994282,0.,            863P   1324
-9.42477796076938,-3.14159265358979,0.,0.,1.;                        863P   1325
102,1,863;                                                           865P   1326
124,1.,0.,0.,0.05833630944789,0.,-1.,0.,-0.05833630944789,0.,0.,     867P   1327
-1.,0.006;                                                           867P   1328
100,0.,0.,0.,-0.0031,-0.,-0.0031,-0.;                                869P   1329
102,1,869;                                                           871P   1330
142,1,815,865,871,2;                                                 873P   1331
126,32,2,1,1,1,1,-9.42477796076938,-9.42477796076938,                875P   1332
-9.42477796076938,-9.03207887907065,-9.03207887907065,               875P   1333
-8.63937979737193,-8.63937979737193,-8.24668071567321,               875P   1334
-8.24668071567321,-7.85398163397448,-7.85398163397448,               875P   1335
-7.46128255227576,-7.46128255227576,-7.06858347057703,               875P   1336
-7.06858347057703,-6.67588438887831,-6.67588438887831,               875P   1337
-6.28318530717959,-6.28318530717959,-5.89048622548086,               875P   1338
-5.89048622548086,-5.49778714378214,-5.49778714378214,               875P   1339
-5.10508806208341,-5.10508806208341,-4.71238898038469,               875P   1340
-4.71238898038469,-4.31968989868597,-4.31968989868597,               875P   1341
-3.92699081698724,-3.92699081698724,-3.53429173528852,               875P   1342
-3.53429173528852,-3.14159265358979,-3.14159265358979,               875P   1343
-3.14159265358979,1.,1.,1.,1.,1.,1.,1.,1.,1.,1.,1.,1.,1.,1.,1.,      875P   1344
1.,1.,1.,1.,1.,1.,1.,1.,1.,1.,1.,1.,1.,1.,1.,1.,1.,1.,               875P   1345
0.05480935182688,0.92272688005718,0.,0.05480935182688,               875P   1346
0.92719520135339,0.,0.05651930435743,0.93132339194364,0.,            875P   1347
0.05822925688797,0.93545158253389,0.,0.06138883717704,               875P   1348
0.93861116282296,0.,0.06454841746611,0.94177074311203,0.,            875P   1349
0.06867660805636,0.94348069564257,0.,0.07280479864661,               875P   1350
0.94519064817312,0.,0.07727311994282,0.94519064817312,0.,            875P   1351
0.08174144123903,0.94519064817312,0.,0.08586963182929,               875P   1352
0.94348069564257,0.,0.08999782241954,0.94177074311203,0.,            875P   1353
0.09315740270861,0.93861116282296,0.,0.09631698299768,               875P   1354
0.93545158253389,0.,0.09802693552822,0.93132339194364,0.,            875P   1355
0.09973688805877,0.92719520135339,0.,0.09973688805877,               875P   1356
0.92272688005718,0.,0.09973688805877,0.91825855876097,0.,            875P   1357
0.09802693552822,0.91413036817071,0.,0.09631698299768,               875P   1358
0.91000217758046,0.,0.09315740270861,0.90684259729139,0.,            875P   1359
0.08999782241954,0.90368301700232,0.,0.08586963182929,               875P   1360
0.90197306447178,0.,0.08174144123903,0.90026311194123,0.,            875P   1361
0.07727311994282,0.90026311194123,0.,0.07280479864661,               875P   1362
0.90026311194123,0.,0.06867660805636,0.90197306447178,0.,            875P   1363
0.06454841746611,0.90368301700232,0.,0.06138883717704,               875P   1364
0.90684259729139,0.,0.05822925688797,0.91000217758046,0.,            875P   1365
0.05651930435743,0.91413036817071,0.,0.05480935182688,               875P   1366
0.91825855876097,0.,0.05480935182688,0.92272688005718,0.,            875P   1367
-9.42477796076938,-3.14159265358979,0.,0.,1.;                        875P   1368
102,1,875;                                                           877P   1369
124,1.,0.,0.,-0.05833630944789,0.,-1.,0.,0.05833630944789,0.,0.,     879P   1370
-1.,0.006;                                                           879P   1371
100,0.,0.,0.,-0.0031,-0.,-0.0031,-0.;                                881P   1372
102,1,881;                                                           883P   1373
142,1,815,877,883,2;                                                 885P   1374
126,32,2,1,1,1,1,-9.42477796076938,-9.42477796076938,                887P   1375
-9.42477796076938,-9.03207887907065,-9.03207887907065,               887P   1376
-8.63937979737193,-8.63937979737193,-8.24668071567321,               887P   1377
-8.24668071567321,-7.85398163397448,-7.85398163397448,               887P   1378
-7.46128255227576,-7.46128255227576,-7.06858347057703,               887P   1379
-7.06858347057703,-6.67588438887831,-6.67588438887831,               887P   1380
-6.28318530717959,-6.28318530717959,-5.89048622548086,               887P   1381
-5.89048622548086,-5.49778714378214,-5.49778714378214,               887P   1382
-5.10508806208341,-5.10508806208341,-4.71238898038469,               887P   1383
-4.71238898038469,-4.31968989868597,-4.31968989868597,               887P   1384
-3.92699081698724,-3.92699081698724,-3.53429173528852,               887P   1385
-3.53429173528852,-3.14159265358979,-3.14159265358979,               887P   1386
-3.14159265358979,1.,1.,1.,1.,1.,1.,1.,1.,1.,1.,1.,1.,1.,1.,1.,      887P   1387
1.,1.,1.,1.,1.,1.,1.,1.,1.,1.,1.,1.,1.,1.,1.,1.,1.,1.,               887P   1388
0.90026311194123,0.92272688005718,0.,0.90026311194123,               887P   1389
0.92719520135339,0.,0.90197306447178,0.93132339194364,0.,            887P   1390
0.90368301700232,0.93545158253389,0.,0.90684259729139,               887P   1391
0.93861116282296,0.,0.91000217758046,0.94177074311203,0.,            887P   1392
0.91413036817071,0.94348069564257,0.,0.91825855876097,               887P   1393
0.94519064817312,0.,0.92272688005718,0.94519064817312,0.,            887P   1394
0.92719520135339,0.94519064817312,0.,0.93132339194364,               887P   1395
0.94348069564257,0.,0.93545158253389,0.94177074311203,0.,            887P   1396
0.93861116282296,0.93861116282296,0.,0.94177074311203,               887P   1397
0.93545158253389,0.,0.94348069564257,0.93132339194364,0.,            887P   1398
0.94519064817312,0.92719520135339,0.,0.94519064817312,               887P   1399
0.92272688005718,0.,0.94519064817312,0.91825855876097,0.,            887P   1400
0.94348069564257,0.91413036817071,0.,0.94177074311203,               887P   1401
0.91000217758046,0.,0.93861116282296,0.90684259729139,0.,            887P   1402
0.93545158253389,0.90368301700232,0.,0.93132339194364,               887P   1403
0.90197306447178,0.,0.92719520135339,0.90026311194123,0.,            887P   1404
0.92272688005718,0.90026311194123,0.,0.91825855876097,               887P   1405
0.90026311194123,0.,0.91413036817071,0.90197306447178,0.,            887P   1406
0.91000217758046,0.90368301700232,0.,0.90684259729139,               887P   1407
0.90684259729139,0.,0.90368301700232,0.91000217758046,0.,            887P   1408
0.90197306447178,0.91413036817071,0.,0.90026311194123,               887P   1409
0.91825855876097,0.,0.90026311194123,0.92272688005718,0.,            887P   1410
-9.42477796076938,-3.14159265358979,0.,0.,1.;                        887P   1411
102,1,887;                                                           889P   1412
124,1.,0.,0.,0.05833630944789,0.,-1.,0.,0.05833630944789,0.,0.,      891P   1413
-1.,0.006;                                                           891P   1414
100,0.,0.,0.,-0.0031,-0.,-0.0031,-0.;                                893P   1415
102,1,893;                                                           895P   1416
142,1,815,889,895,2;                                                 897P   1417
126,32,2,1,1,1,1,-9.42477796076938,-9.42477796076938,                899P   1418
-9.42477796076938,-9.03207887907065,-9.03207887907065,               899P   1419
-8.63937979737193,-8.63937979737193,-8.24668071567321,               899P   1420
-8.24668071567321,-7.85398163397448,-7.85398163397448,               899P   1421
-7.46128255227576,-7.46128255227576,-7.06858347057703,               899P   1422
-7.06858347057703,-6.67588438887831,-6.67588438887831,               899P   1423
-6.28318530717959,-6.28318530717959,-5.89048622548086,               899P   1424
-5.89048622548086,-5.49778714378214,-5.49778714378214,               899P   1425
-5.10508806208341,-5.10508806208341,-4.71238898038469,               899P   1426
-4.71238898038469,-4.31968989868597,-4.31968989868597,               899P   1427
-3.92699081698724,-3.92699081698724,-3.53429173528852,               899P   1428
-3.53429173528852,-3.14159265358979,-3.14159265358979,               899P   1429
-3.14159265358979,1.,1.,1.,1.,1.,1.,1.,1.,1.,1.,1.,1.,1.,1.,1.,      899P   1430
1.,1.,1.,1.,1.,1.,1.,1.,1.,1.,1.,1.,1.,1.,1.,1.,1.,1.,               899P   1431
0.05480935182688,0.07727311994282,0.,0.05480935182688,               899P   1432
0.08174144123903,0.,0.05651930435743,0.08586963182929,0.,            899P   1433
0.05822925688797,0.08999782241954,0.,0.06138883717704,               899P   1434
0.09315740270861,0.,0.06454841746611,0.09631698299768,0.,            899P   1435
0.06867660805636,0.09802693552822,0.,0.07280479864661,               899P   1436
0.09973688805877,0.,0.07727311994282,0.09973688805877,0.,            899P   1437
0.08174144123903,0.09973688805877,0.,0.08586963182929,               899P   1438
0.09802693552822,0.,0.08999782241954,0.09631698299768,0.,            899P   1439
0.09315740270861,0.09315740270861,0.,0.09631698299768,               899P   1440
0.08999782241954,0.,0.09802693552822,0.08586963182929,0.,            899P   1441
0.09973688805877,0.08174144123903,0.,0.09973688805877,               899P   1442
0.07727311994282,0.,0.09973688805877,0.07280479864661,0.,            899P   1443
0.09802693552822,0.06867660805636,0.,0.09631698299768,               899P   1444
0.06454841746611,0.,0.09315740270861,0.06138883717704,0.,            899P   1445
0.08999782241954,0.05822925688797,0.,0.08586963182929,               899P   1446
0.05651930435743,0.,0.08174144123903,0.05480935182688,0.,            899P   1447
0.07727311994282,0.05480935182688,0.,0.07280479864661,               899P   1448
0.05480935182688,0.,0.06867660805636,0.05651930435743,0.,            899P   1449
0.06454841746611,0.05822925688797,0.,0.06138883717704,               899P   1450
0.06138883717704,0.,0.05822925688797,0.06454841746611,0.,            899P   1451
0.05651930435743,0.06867660805636,0.,0.05480935182688,               899P   1452
0.07280479864661,0.,0.05480935182688,0.07727311994282,0.,            899P   1453
-9.42477796076938,-3.14159265358979,0.,0.,1.;                        899P   1454
102,1,899;                                                           901P   1455
124,1.,0.,0.,-0.05833630944789,0.,-1.,0.,-0.05833630944789,0.,       903P   1456
0.,-1.,0.006;                                                        903P   1457
100,0.,0.,0.,-0.0031,-0.,-0.0031,-0.;                                905P   1458
102,1,905;                                                           907P   1459
142,1,815,901,907,2;                                                 909P   1460
126,64,2,1,1,1,1,-9.42477796076938,-9.42477796076938,                911P   1461
-9.42477796076938,-9.22842841992002,-9.22842841992002,               911P   1462
-9.03207887907065,-9.03207887907065,-8.83572933822129,               911P   1463
-8.83572933822129,-8.63937979737193,-8.63937979737193,               911P   1464
-8.44303025652257,-8.44303025652257,-8.24668071567321,               911P   1465
-8.24668071567321,-8.05033117482384,-8.05033117482384,               911P   1466
-7.85398163397448,-7.85398163397448,-7.65763209312512,               911P   1467
-7.65763209312512,-7.46128255227576,-7.46128255227576,               911P   1468
-7.2649330114264,-7.2649330114264,-7.06858347057703,                 911P   1469
-7.06858347057703,-6.87223392972767,-6.87223392972767,               911P   1470
-6.67588438887831,-6.67588438887831,-6.47953484802895,               911P   1471
-6.47953484802895,-6.28318530717959,-6.28318530717959,               911P   1472
-6.08683576633022,-6.08683576633022,-5.89048622548086,               911P   1473
-5.89048622548086,-5.6941366846315,-5.6941366846315,                 911P   1474
-5.49778714378214,-5.49778714378214,-5.30143760293278,               911P   1475
-5.30143760293278,-5.10508806208341,-5.10508806208341,               911P   1476
-4.90873852123405,-4.90873852123405,-4.71238898038469,               911P   1477
-4.71238898038469,-4.51603943953533,-4.51603943953533,               911P   1478
-4.31968989868597,-4.31968989868597,-4.1233403578366,                911P   1479
-4.1233403578366,-3.92699081698724,-3.92699081698724,                911P   1480
-3.73064127613788,-3.73064127613788,-3.53429173528852,               911P   1481
-3.53429173528852,-3.33794219443916,-3.33794219443916,               911P   1482
-3.14159265358979,-3.14159265358979,-3.14159265358979,1.,1.,1.,      911P   1483
1.,1.,1.,1.,1.,1.,1.,1.,1.,1.,1.,1.,1.,1.,1.,1.,1.,1.,1.,1.,1.,      911P   1484
1.,1.,1.,1.,1.,1.,1.,1.,1.,1.,1.,1.,1.,1.,1.,1.,1.,1.,1.,1.,1.,      911P   1485
1.,1.,1.,1.,1.,1.,1.,1.,1.,1.,1.,1.,1.,1.,1.,1.,1.,1.,1.,1.,         911P   1486
0.01086956521739,0.50811461454675,0.,0.01086956521739,               911P   1487
0.55628975749319,0.,0.02026806936799,0.60353922857637,0.,            911P   1488
0.02966657351858,0.65078869965956,0.,0.048102402576,                 911P   1489
0.69529672820358,0.,0.06653823163342,0.73980475674761,0.,            911P   1490
0.09330290702593,0.7798609241759,0.,0.12006758241844,                911P   1491
0.8199170916042,0.,0.15413255268049,0.85398206186625,0.,             911P   1492
0.18819752294255,0.88804703212831,0.,0.22825369037085,               911P   1493
0.91481170752082,0.,0.26830985779914,0.94157638291332,0.,            911P   1494
0.31281788634316,0.96001221197075,0.,0.35732591488718,               911P   1495
0.97844804102817,0.,0.40457538597037,0.98784654517876,0.,            911P   1496
0.45182485705356,0.99724504932936,0.,0.5,0.99724504932936,0.,        911P   1497
0.54817514294644,0.99724504932936,0.,0.59542461402963,               911P   1498
0.98784654517876,0.,0.64267408511282,0.97844804102817,0.,            911P   1499
0.68718211365684,0.96001221197075,0.,0.73169014220086,               911P   1500
0.94157638291332,0.,0.77174630962915,0.91481170752082,0.,            911P   1501
0.81180247705745,0.88804703212831,0.,0.84586744731951,               911P   1502
0.85398206186625,0.,0.87993241758157,0.8199170916042,0.,             911P   1503
0.90669709297407,0.7798609241759,0.,0.93346176836658,                911P   1504
0.7398047567476,0.,0.951897597424,0.69529672820358,0.,               911P   1505
0.97033342648142,0.65078869965956,0.,0.97973193063201,               911P   1506
0.60353922857637,0.,0.98913043478261,0.55628975749319,0.,            911P   1507
0.98913043478261,0.50811461454675,0.,0.98913043478261,               911P   1508
0.45993947160031,0.,0.97973193063201,0.41269000051712,0.,            911P   1509
0.97033342648142,0.36544052943393,0.,0.951897597424,                 911P   1510
0.32093250088991,0.,0.93346176836658,0.27642447234589,0.,            911P   1511
0.90669709297407,0.23636830491759,0.,0.87993241758157,               911P   1512
0.1963121374893,0.,0.84586744731951,0.16224716722724,0.,             911P   1513
0.81180247705745,0.12818219696518,0.,0.77174630962915,               911P   1514
0.10141752157268,0.,0.73169014220086,0.07465284618017,0.,            911P   1515
0.68718211365684,0.05621701712275,0.,0.64267408511282,               911P   1516
0.03778118806533,0.,0.59542461402963,0.02838268391473,0.,            911P   1517
0.54817514294644,0.01898417976414,0.,0.5,0.01898417976414,0.,        911P   1518
0.45182485705356,0.01898417976414,0.,0.40457538597037,               911P   1519
0.02838268391473,0.,0.35732591488718,0.03778118806533,0.,            911P   1520
0.31281788634316,0.05621701712275,0.,0.26830985779914,               911P   1521
0.07465284618017,0.,0.22825369037085,0.10141752157268,0.,            911P   1522
0.18819752294255,0.12818219696518,0.,0.15413255268049,               911P   1523
0.16224716722724,0.,0.12006758241843,0.1963121374893,0.,             911P   1524
0.09330290702593,0.23636830491759,0.,0.06653823163342,               911P   1525
0.27642447234589,0.,0.048102402576,0.32093250088991,0.,              911P   1526
0.02966657351858,0.36544052943393,0.,0.02026806936799,               911P   1527
0.41269000051712,0.,0.01086956521739,0.45993947160031,0.,            911P   1528
0.01086956521739,0.50811461454675,0.,-9.42477796076938,              911P   1529
-3.14159265358979,0.,0.,1.;                                          911P   1530
102,1,911;                                                           913P   1531
124,1.,0.,0.,0.,0.,-1.,0.,0.00111981680745,0.,0.,-1.,0.006;          915P   1532
100,0.,0.,0.,-0.0675,-0.,-0.0675,-0.;                                917P   1533
102,1,917;                                                           919P   1534
142,1,815,913,919,2;                                                 921P   1535
144,815,1,5,861,873,885,897,909,921;                                 923P   1536
314,61.5686297416687,81.17647171020508,92.9411768913269,10HMixed     925P   1537
Color;                                                               925P   1538
110,-0.067,-0.067,0.15,-0.067,-0.067,-0.85;                          927P   1539
110,-0.069,-0.067,0.144,-0.069,-0.067,0.006;                         929P   1540
120,927,929,0.,6.28318530717959;                                     931P   1541
126,1,1,1,0,1,0,3.14159265358979,3.14159265358979,                   933P   1542
4.71238898038469,4.71238898038469,1.,1.,0.,6.28318530717959,0.,      933P   1543
0.,4.71238898038469,0.,3.14159265358979,4.71238898038469,0.,0.,      933P   1544
1.;                                                                  933P   1545
126,1,1,1,0,1,0,0.006,0.006,0.144,0.144,1.,1.,0.,                    935P   1546
4.71238898038469,0.,1.,4.71238898038469,0.,0.006,0.144,0.,0.,1.;     935P   1547
126,1,1,1,0,1,0,-4.71238898038469,-4.71238898038469,                 937P   1548
-3.14159265358979,-3.14159265358979,1.,1.,1.,4.71238898038469,       937P   1549
0.,1.,6.28318530717959,0.,-4.71238898038469,-3.14159265358979,       937P   1550
0.,0.,1.;                                                            937P   1551
126,1,1,1,0,1,0,-0.144,-0.144,-0.006,-0.006,1.,1.,1.,                939P   1552
6.28318530717959,0.,0.,6.28318530717959,0.,-0.144,-0.006,0.,0.,      939P   1553
1.;                                                                  939P   1554
102,4,933,935,937,939;                                               941P   1555
124,1.,0.,0.,-0.067,0.,1.,0.,-0.067,0.,0.,1.,0.144;                  943P   1556
100,0.,0.,0.,-0.002,0.,-0.,-0.002;                                   945P   1557
110,-0.067,-0.069,0.144,-0.067,-0.069,0.006;                         947P   1558
124,1.,0.,0.,-0.067,0.,-1.,0.,-0.067,0.,0.,-1.,0.006;                949P   1559
100,0.,0.,0.,-0.,0.002,-0.002,-0.;                                   951P   1560
110,-0.069,-0.067,0.006,-0.069,-0.067,0.144;                         953P   1561
102,4,945,947,951,953;                                               955P   1562
142,1,931,941,955,2;                                                 957P   1563
144,931,1,0,957;                                                     959P   1564
314,61.5686297416687,81.17647171020508,92.9411768913269,10HMixed     961P   1565
Color;                                                               961P   1566
110,0.067,-0.067,0.15,0.067,-0.067,1.15;                             963P   1567
110,0.069,-0.067,0.006,0.069,-0.067,0.144;                           965P   1568
120,963,965,0.,6.28318530717959;                                     967P   1569
126,1,1,1,0,1,0,4.71238898038469,4.71238898038469,                   969P   1570
6.28318530717959,6.28318530717959,1.,1.,1.,4.71238898038469,0.,      969P   1571
1.,6.28318530717959,0.,4.71238898038469,6.28318530717959,0.,0.,      969P   1572
1.;                                                                  969P   1573
126,1,1,1,0,1,0,0.006,0.006,0.144,0.144,1.,1.,1.,                    971P   1574
6.28318530717959,0.,0.,6.28318530717959,0.,0.006,0.144,0.,0.,1.;     971P   1575
126,1,1,1,0,1,0,-6.28318530717959,-6.28318530717959,                 973P   1576
-4.71238898038469,-4.71238898038469,1.,1.,0.,6.28318530717959,       973P   1577
0.,0.,4.71238898038469,0.,-6.28318530717959,-4.71238898038469,       973P   1578
0.,0.,1.;                                                            973P   1579
126,1,1,1,0,1,0,-0.144,-0.144,-0.006,-0.006,1.,1.,0.,                975P   1580
4.71238898038469,0.,1.,4.71238898038469,0.,-0.144,-0.006,0.,0.,      975P   1581
1.;                                                                  975P   1582
102,4,969,971,973,975;                                               977P   1583
124,1.,0.,0.,0.067,0.,1.,0.,-0.067,0.,0.,1.,0.144;                   979P   1584
100,0.,0.,0.,-0.,-0.002,0.002,-0.;                                   981P   1585
110,0.069,-0.067,0.144,0.069,-0.067,0.006;                           983P   1586
124,1.,0.,0.,0.067,0.,-1.,0.,-0.067,0.,0.,-1.,0.006;                 985P   1587
100,0.,0.,0.,0.002,0.,-0.,0.002;                                     987P   1588
110,0.067,-0.069,0.006,0.067,-0.069,0.144;                           989P   1589
102,4,981,983,987,989;                                               991P   1590
142,1,967,977,991,2;                                                 993P   1591
144,967,1,0,993;                                                     995P   1592
314,61.5686297416687,81.17647171020508,92.9411768913269,10HMixed     997P   1593
Color;                                                               997P   1594
110,0.067,0.067,0.15,0.067,0.067,-0.85;                              999P   1595
110,0.065,0.067,0.144,0.065,0.067,0.006;                            1001P   1596
120,999,1001,0.,6.28318530717959;                                   1003P   1597
126,1,1,1,0,1,0,0.,0.,1.5707963267949,1.5707963267949,1.,1.,0.,     1005P   1598
3.14159265358979,0.,0.,1.5707963267949,0.,0.,1.5707963267949,0.,    1005P   1599
0.,1.;                                                              1005P   1600
126,1,1,1,0,1,0,0.006,0.006,0.144,0.144,1.,1.,0.,                   1007P   1601
1.5707963267949,0.,1.,1.5707963267949,0.,0.006,0.144,0.,0.,1.;      1007P   1602
126,1,1,1,0,1,0,-1.5707963267949,-1.5707963267949,0.,0.,1.,1.,      1009P   1603
1.,1.5707963267949,0.,1.,3.14159265358979,0.,-1.5707963267949,      1009P   1604
0.,0.,0.,1.;                                                        1009P   1605
126,1,1,1,0,1,0,-0.144,-0.144,-0.006,-0.006,1.,1.,1.,               1011P   1606
3.14159265358979,0.,0.,3.14159265358979,0.,-0.144,-0.006,0.,0.,     1011P   1607
1.;                                                                 1011P   1608
102,4,1005,1007,1009,1011;                                          1013P   1609
124,1.,0.,0.,0.067,0.,1.,0.,0.067,0.,0.,1.,0.144;                   1015P   1610
100,0.,0.,0.,0.002,0.,0.,0.002;                                     1017P   1611
110,0.067,0.069,0.144,0.067,0.069,0.006;                            1019P   1612
124,1.,0.,0.,0.067,0.,-1.,0.,0.067,0.,0.,-1.,0.006;                 1021P   1613
100,0.,0.,0.,0.,-0.002,0.002,0.;                                    1023P   1614
110,0.069,0.067,0.006,0.069,0.067,0.144;                            1025P   1615
102,4,1017,1019,1023,1025;                                          1027P   1616
142,1,1003,1013,1027,2;                                             1029P   1617
144,1003,1,0,1029;                                                  1031P   1618
314,61.5686297416687,81.17647171020508,92.9411768913269,10HMixed    1033P   1619
Color;                                                              1033P   1620
110,-0.067,0.067,0.15,-0.067,0.067,1.15;                            1035P   1621
110,-0.065,0.067,0.006,-0.065,0.067,0.144;                          1037P   1622
120,1035,1037,0.,6.28318530717959;                                  1039P   1623
126,1,1,1,0,1,0,1.5707963267949,1.5707963267949,                    1041P   1624
3.14159265358979,3.14159265358979,1.,1.,1.,1.5707963267949,0.,      1041P   1625
1.,3.14159265358979,0.,1.5707963267949,3.14159265358979,0.,0.,      1041P   1626
1.;                                                                 1041P   1627
126,1,1,1,0,1,0,0.006,0.006,0.144,0.144,1.,1.,1.,                   1043P   1628
3.14159265358979,0.,0.,3.14159265358979,0.,0.006,0.144,0.,0.,1.;    1043P   1629
126,1,1,1,0,1,0,-3.14159265358979,-3.14159265358979,                1045P   1630
-1.5707963267949,-1.5707963267949,1.,1.,0.,3.14159265358979,0.,     1045P   1631
0.,1.5707963267949,0.,-3.14159265358979,-1.5707963267949,0.,0.,     1045P   1632
1.;                                                                 1045P   1633
126,1,1,1,0,1,0,-0.144,-0.144,-0.006,-0.006,1.,1.,0.,               1047P   1634
1.5707963267949,0.,1.,1.5707963267949,0.,-0.144,-0.006,0.,0.,1.;    1047P   1635
102,4,1041,1043,1045,1047;                                          1049P   1636
124,1.,0.,0.,-0.067,0.,1.,0.,0.067,0.,0.,1.,0.144;                  1051P   1637
100,0.,0.,0.,0.,0.002,-0.002,0.;                                    1053P   1638
110,-0.069,0.067,0.144,-0.069,0.067,0.006;                          1055P   1639
124,1.,0.,0.,-0.067,0.,-1.,0.,0.067,0.,0.,-1.,0.006;                1057P   1640
100,0.,0.,0.,-0.002,-0.,0.,-0.002;                                  1059P   1641
110,-0.067,0.069,0.006,-0.067,0.069,0.144;                          1061P   1642
102,4,1053,1055,1059,1061;                                          1063P   1643
142,1,1039,1049,1063,2;                                             1065P   1644
144,1039,1,0,1065;                                                  1067P   1645
314,61.5686297416687,81.17647171020508,92.9411768913269,10HMixed    1069P   1646
Color;                                                              1069P   1647
110,-0.05833630944789,-0.05833630944789,0.025,-0.05833630944789,    1071P   1648
-0.05833630944789,-0.975;                                           1071P   1649
110,-0.06143630944789,-0.05833630944789,0.006,-0.06143630944789,    1073P   1650
-0.05833630944789,0.;                                               1073P   1651
120,1071,1073,0.,6.28318530717959;                                  1075P   1652
126,1,1,1,0,1,0,3.14159265358979,3.14159265358979,                  1077P   1653
9.42477796076938,9.42477796076938,1.,1.,0.,6.28318530717959,0.,     1077P   1654
0.,0.,0.,3.14159265358979,9.42477796076938,0.,0.,1.;                1077P   1655
126,1,1,1,0,1,0,0.,0.,1.,1.,1.,1.,0.,0.,0.,0.,6.28318530717959,     1079P   1656
0.,0.,1.,0.,0.,1.;                                                  1079P   1657
126,1,1,1,0,1,0,0.019,0.019,0.025,0.025,1.,1.,0.,                   1081P   1658
6.28318530717959,0.,1.,6.28318530717959,0.,0.019,0.025,0.,0.,1.;    1081P   1659
126,1,1,1,0,1,0,0.,0.,1.,1.,1.,1.,1.,6.28318530717959,0.,1.,0.,     1083P   1660
0.,0.,1.,0.,0.,1.;                                                  1083P   1661
126,1,1,1,0,1,0,0.,0.,6.28318530717959,6.28318530717959,1.,1.,      1085P   1662
1.,0.,0.,1.,6.28318530717959,0.,0.,6.28318530717959,0.,0.,1.;       1085P   1663
126,1,1,1,0,1,0,0.,0.,1.,1.,1.,1.,1.,6.28318530717959,0.,1.,0.,     1087P   1664
0.,0.,1.,0.,0.,1.;                                                  1087P   1665
126,1,1,1,0,1,0,-0.025,-0.025,-0.019,-0.019,1.,1.,1.,0.,0.,0.,      1089P   1666
0.,0.,-0.025,-0.019,0.,0.,1.;                                       1089P   1667
126,1,1,1,0,1,0,0.,0.,1.,1.,1.,1.,0.,0.,0.,0.,6.28318530717959,     1091P   1668
0.,0.,1.,0.,0.,1.;                                                  1091P   1669
102,8,1077,1079,1081,1083,1085,1087,1089,1091;                      1093P   1670
124,1.,0.,0.,-0.05833630944789,0.,1.,0.,-0.05833630944789,0.,0.,    1095P   1671
1.,0.006;                                                           1095P   1672
100,0.,0.,0.,-0.0031,0.,-0.0031,0.;                                 1097P   1673
110,-0.06143630944789,-0.05833630944789,0.006,-0.06143630944789,    1099P   1674
-0.05833630944789,0.;                                               1099P   1675
124,-1.,0.,0.,-0.05833630944789,0.,1.,0.,-0.05833630944789,0.,      1101P   1676
0.,-1.,0.;                                                          1101P   1677
100,0.,0.,0.,0.0031,0.,0.0031,-0.;                                  1103P   1678
110,-0.06143630944789,-0.05833630944789,0.,-0.06143630944789,       1105P   1679
-0.05833630944789,0.006;                                            1105P   1680
102,4,1097,1099,1103,1105;                                          1107P   1681
142,1,1075,1093,1107,2;                                             1109P   1682
144,1075,1,0,1109;                                                  1111P   1683
314,61.5686297416687,81.17647171020508,92.9411768913269,10HMixed    1113P   1684
Color;                                                              1113P   1685
110,0.05833630944789,0.05833630944789,0.025,0.05833630944789,       1115P   1686
0.05833630944789,-0.975;                                            1115P   1687
110,0.05523630944789,0.05833630944789,0.006,0.05523630944789,       1117P   1688
0.05833630944789,0.;                                                1117P   1689
120,1115,1117,0.,6.28318530717959;                                  1119P   1690
126,1,1,1,0,1,0,3.14159265358979,3.14159265358979,                  1121P   1691
9.42477796076938,9.42477796076938,1.,1.,0.,6.28318530717959,0.,     1121P   1692
0.,0.,0.,3.14159265358979,9.42477796076938,0.,0.,1.;                1121P   1693
126,1,1,1,0,1,0,0.,0.,1.,1.,1.,1.,0.,0.,0.,0.,6.28318530717959,     1123P   1694
0.,0.,1.,0.,0.,1.;                                                  1123P   1695
126,1,1,1,0,1,0,0.019,0.019,0.025,0.025,1.,1.,0.,                   1125P   1696
6.28318530717959,0.,1.,6.28318530717959,0.,0.019,0.025,0.,0.,1.;    1125P   1697
126,1,1,1,0,1,0,0.,0.,1.,1.,1.,1.,1.,6.28318530717959,0.,1.,0.,     1127P   1698
0.,0.,1.,0.,0.,1.;                                                  1127P   1699
126,1,1,1,0,1,0,0.,0.,6.28318530717959,6.28318530717959,1.,1.,      1129P   1700
1.,0.,0.,1.,6.28318530717959,0.,0.,6.28318530717959,0.,0.,1.;       1129P   1701
126,1,1,1,0,1,0,0.,0.,1.,1.,1.,1.,1.,6.28318530717959,0.,1.,0.,     1131P   1702
0.,0.,1.,0.,0.,1.;                                                  1131P   1703
126,1,1,1,0,1,0,-0.025,-0.025,-0.019,-0.019,1.,1.,1.,0.,0.,0.,      1133P   1704
0.,0.,-0.025,-0.019,0.,0.,1.;                                       1133P   1705
126,1,1,1,0,1,0,0.,0.,1.,1.,1.,1.,0.,0.,0.,0.,6.28318530717959,     1135P   1706
0.,0.,1.,0.,0.,1.;                                                  1135P   1707
102,8,1121,1123,1125,1127,1129,1131,1133,1135;                      1137P   1708
124,1.,0.,0.,0.05833630944789,0.,1.,0.,0.05833630944789,0.,0.,      1139P   1709
1.,0.006;                                                           1139P   1710
100,0.,0.,0.,-0.0031,0.,-0.0031,0.;                                 1141P   1711
110,0.05523630944789,0.05833630944789,0.006,0.05523630944789,       1143P   1712
0.05833630944789,0.;                                                1143P   1713
124,-1.,0.,0.,0.05833630944789,0.,1.,0.,0.05833630944789,0.,0.,     1145P   1714
-1.,0.;                                                             1145P   1715
100,0.,0.,0.,0.0031,0.,0.0031,-0.;                                  1147P   1716
110,0.05523630944789,0.05833630944789,0.,0.05523630944789,          1149P   1717
0.05833630944789,0.006;                                             1149P   1718
102,4,1141,1143,1147,1149;                                          1151P   1719
142,1,1119,1137,1151,2;                                             1153P   1720
144,1119,1,0,1153;                                                  1155P   1721
314,61.5686297416687,81.17647171020508,92.9411768913269,10HMixed    1157P   1722
Color;                                                              1157P   1723
110,-0.05833630944789,0.05833630944789,0.025,-0.05833630944789,     1159P   1724
0.05833630944789,-0.975;                                            1159P   1725
110,-0.06143630944789,0.05833630944789,0.006,-0.06143630944789,     1161P   1726
0.05833630944789,0.;                                                1161P   1727
120,1159,1161,0.,6.28318530717959;                                  1163P   1728
126,1,1,1,0,1,0,3.14159265358979,3.14159265358979,                  1165P   1729
9.42477796076938,9.42477796076938,1.,1.,0.,6.28318530717959,0.,     1165P   1730
0.,0.,0.,3.14159265358979,9.42477796076938,0.,0.,1.;                1165P   1731
126,1,1,1,0,1,0,0.,0.,1.,1.,1.,1.,0.,0.,0.,0.,6.28318530717959,     1167P   1732
0.,0.,1.,0.,0.,1.;                                                  1167P   1733
126,1,1,1,0,1,0,0.019,0.019,0.025,0.025,1.,1.,0.,                   1169P   1734
6.28318530717959,0.,1.,6.28318530717959,0.,0.019,0.025,0.,0.,1.;    1169P   1735
126,1,1,1,0,1,0,0.,0.,1.,1.,1.,1.,1.,6.28318530717959,0.,1.,0.,     1171P   1736
0.,0.,1.,0.,0.,1.;                                                  1171P   1737
126,1,1,1,0,1,0,0.,0.,6.28318530717959,6.28318530717959,1.,1.,      1173P   1738
1.,0.,0.,1.,6.28318530717959,0.,0.,6.28318530717959,0.,0.,1.;       1173P   1739
126,1,1,1,0,1,0,0.,0.,1.,1.,1.,1.,1.,6.28318530717959,0.,1.,0.,     1175P   1740
0.,0.,1.,0.,0.,1.;                                                  1175P   1741
126,1,1,1,0,1,0,-0.025,-0.025,-0.019,-0.019,1.,1.,1.,0.,0.,0.,      1177P   1742
0.,0.,-0.025,-0.019,0.,0.,1.;                                       1177P   1743
126,1,1,1,0,1,0,0.,0.,1.,1.,1.,1.,0.,0.,0.,0.,6.28318530717959,     1179P   1744
0.,0.,1.,0.,0.,1.;                                                  1179P   1745
102,8,1165,1167,1169,1171,1173,1175,1177,1179;                      1181P   1746
124,1.,0.,0.,-0.05833630944789,0.,1.,0.,0.05833630944789,0.,0.,     1183P   1747
1.,0.006;                                                           1183P   1748
100,0.,0.,0.,-0.0031,0.,-0.0031,0.;                                 1185P   1749
110,-0.06143630944789,0.05833630944789,0.006,-0.06143630944789,     1187P   1750
0.05833630944789,0.;                                                1187P   1751
124,-1.,0.,0.,-0.05833630944789,0.,1.,0.,0.05833630944789,0.,0.,    1189P   1752
-1.,0.;                                                             1189P   1753
100,0.,0.,0.,0.0031,0.,0.0031,-0.;                                  1191P   1754
110,-0.06143630944789,0.05833630944789,0.,-0.06143630944789,        1193P   1755
0.05833630944789,0.006;                                             1193P   1756
102,4,1185,1187,1191,1193;                                          1195P   1757
142,1,1163,1181,1195,2;                                             1197P   1758
144,1163,1,0,1197;                                                  1199P   1759
314,61.5686297416687,81.17647171020508,92.9411768913269,10HMixed    1201P   1760
Color;                                                              1201P   1761
110,0.05833630944789,-0.05833630944789,0.025,0.05833630944789,      1203P   1762
-0.05833630944789,-0.975;                                           1203P   1763
110,0.05523630944789,-0.05833630944789,0.006,0.05523630944789,      1205P   1764
-0.05833630944789,0.;                                               1205P   1765
120,1203,1205,0.,6.28318530717959;                                  1207P   1766
126,1,1,1,0,1,0,3.14159265358979,3.14159265358979,                  1209P   1767
9.42477796076938,9.42477796076938,1.,1.,0.,6.28318530717959,0.,     1209P   1768
0.,0.,0.,3.14159265358979,9.42477796076938,0.,0.,1.;                1209P   1769
126,1,1,1,0,1,0,0.,0.,1.,1.,1.,1.,0.,0.,0.,0.,6.28318530717959,     1211P   1770
0.,0.,1.,0.,0.,1.;                                                  1211P   1771
126,1,1,1,0,1,0,0.019,0.019,0.025,0.025,1.,1.,0.,                   1213P   1772
6.28318530717959,0.,1.,6.28318530717959,0.,0.019,0.025,0.,0.,1.;    1213P   1773
126,1,1,1,0,1,0,0.,0.,1.,1.,1.,1.,1.,6.28318530717959,0.,1.,0.,     1215P   1774
0.,0.,1.,0.,0.,1.;                                                  1215P   1775
126,1,1,1,0,1,0,0.,0.,6.28318530717959,6.28318530717959,1.,1.,      1217P   1776
1.,0.,0.,1.,6.28318530717959,0.,0.,6.28318530717959,0.,0.,1.;       1217P   1777
126,1,1,1,0,1,0,0.,0.,1.,1.,1.,1.,1.,6.28318530717959,0.,1.,0.,     1219P   1778
0.,0.,1.,0.,0.,1.;                                                  1219P   1779
126,1,1,1,0,1,0,-0.025,-0.025,-0.019,-0.019,1.,1.,1.,0.,0.,0.,      1221P   1780
0.,0.,-0.025,-0.019,0.,0.,1.;                                       1221P   1781
126,1,1,1,0,1,0,0.,0.,1.,1.,1.,1.,0.,0.,0.,0.,6.28318530717959,     1223P   1782
0.,0.,1.,0.,0.,1.;                                                  1223P   1783
102,8,1209,1211,1213,1215,1217,1219,1221,1223;                      1225P   1784
124,1.,0.,0.,0.05833630944789,0.,1.,0.,-0.05833630944789,0.,0.,     1227P   1785
1.,0.006;                                                           1227P   1786
100,0.,0.,0.,-0.0031,0.,-0.0031,0.;                                 1229P   1787
110,0.05523630944789,-0.05833630944789,0.006,0.05523630944789,      1231P   1788
-0.05833630944789,0.;                                               1231P   1789
124,-1.,0.,0.,0.05833630944789,0.,1.,0.,-0.05833630944789,0.,0.,    1233P   1790
-1.,0.;                                                             1233P   1791
100,0.,0.,0.,0.0031,0.,0.0031,-0.;                                  1235P   1792
110,0.05523630944789,-0.05833630944789,0.,0.05523630944789,         1237P   1793
-0.05833630944789,0.006;                                            1237P   1794
102,4,1229,1231,1235,1237;                                          1239P   1795
142,1,1207,1225,1239,2;                                             1241P   1796
144,1207,1,0,1241;                                                  1243P   1797
314,61.5686297416687,81.17647171020508,92.9411768913269,10HMixed    1245P   1798
Color;                                                              1245P   1799
110,0.055,0.075,0.065,0.055,0.069,0.065;                            1247P   1800
122,1247,0.055,0.075,0.085;                                         1249P   1801
126,1,1,1,0,1,0,-0.085,-0.085,-0.065,-0.065,1.,1.,1.,0.,0.,1.,      1251P   1802
1.,0.,-0.085,-0.065,0.,0.,1.;                                       1251P   1803
126,1,1,1,0,1,0,0.019,0.019,0.025,0.025,1.,1.,1.,1.,0.,-0.,1.,      1253P   1804
0.,0.019,0.025,0.,0.,1.;                                            1253P   1805
126,1,1,1,0,1,0,-0.01,-0.01,0.01,0.01,1.,1.,-0.,1.,0.,-0.,0.,0.,    1255P   1806
-0.01,0.01,0.,0.,1.;                                                1255P   1807
126,1,1,1,0,1,0,-0.025,-0.025,-0.019,-0.019,1.,1.,-0.,0.,0.,1.,     1257P   1808
0.,0.,-0.025,-0.019,0.,0.,1.;                                       1257P   1809
102,4,1251,1253,1255,1257;                                          1259P   1810
110,0.055,0.069,0.065,0.055,0.069,0.085;                            1261P   1811
110,0.055,0.069,0.085,0.055,0.075,0.085;                            1263P   1812
110,0.055,0.075,0.085,0.055,0.075,0.065;                            1265P   1813
110,0.055,0.075,0.065,0.055,0.069,0.065;                            1267P   1814
102,4,1261,1263,1265,1267;                                          1269P   1815
142,1,1249,1259,1269,2;                                             1271P   1816
144,1249,1,0,1271;                                                  1273P   1817
314,61.5686297416687,81.17647171020508,92.9411768913269,10HMixed    1275P   1818
Color;                                                              1275P   1819
110,0.045,0.05,0.065,0.045,1.05,0.065;                              1277P   1820
110,0.035,0.069,0.065,0.035,0.075,0.065;                            1279P   1821
120,1277,1279,0.,6.28318530717959;                                  1281P   1822
126,1,1,1,0,1,0,4.71238898038469,4.71238898038469,                  1283P   1823
6.28318530717959,6.28318530717959,1.,1.,-0.,4.71238898038469,0.,    1283P   1824
-0.,3.14159265358979,0.,4.71238898038469,6.28318530717959,0.,0.,    1283P   1825
1.;                                                                 1283P   1826
126,1,1,1,0,1,0,0.019,0.019,0.025,0.025,1.,1.,-0.,                  1285P   1827
3.14159265358979,0.,1.,3.14159265358979,0.,0.019,0.025,0.,0.,1.;    1285P   1828
126,1,1,1,0,1,0,3.14159265358979,3.14159265358979,                  1287P   1829
4.71238898038469,4.71238898038469,1.,1.,1.,3.14159265358979,0.,     1287P   1830
1.,4.71238898038469,0.,3.14159265358979,4.71238898038469,0.,0.,     1287P   1831
1.;                                                                 1287P   1832
126,1,1,1,0,1,0,-0.025,-0.025,-0.019,-0.019,1.,1.,1.,               1289P   1833
4.71238898038469,0.,-0.,4.71238898038469,0.,-0.025,-0.019,0.,0.,    1289P   1834
1.;                                                                 1289P   1835
102,4,1283,1285,1287,1289;                                          1291P   1836
124,1.,0.,0.,0.045,0.,0.,-1.,0.069,0.,1.,0.,0.065;                  1293P   1837
100,0.,0.,0.,-0.,-0.01,0.01,-0.;                                    1295P   1838
110,0.055,0.069,0.065,0.055,0.075,0.065;                            1297P   1839
124,-1.,0.,-0.,0.045,-0.,0.,1.,0.075,0.,1.,0.,0.065;                1299P   1840
100,0.,0.,0.,-0.01,0.,-0.,-0.01;                                    1301P   1841
110,0.045,0.075,0.055,0.045,0.069,0.055;                            1303P   1842
102,4,1295,1297,1301,1303;                                          1305P   1843
142,1,1281,1291,1305,2;                                             1307P   1844
144,1281,1,0,1307;                                                  1309P   1845
314,61.5686297416687,81.17647171020508,92.9411768913269,10HMixed    1311P   1846
Color;                                                              1311P   1847
110,-0.045,0.069,0.055,0.045,0.069,0.055;                           1313P   1848
122,1313,-0.045,0.075,0.055;                                        1315P   1849
126,1,1,1,0,1,0,0.019,0.019,0.025,0.025,1.,1.,1.,0.,0.,1.,1.,0.,    1317P   1850
0.019,0.025,0.,0.,1.;                                               1317P   1851
126,1,1,1,0,1,0,-0.045,-0.045,0.045,0.045,1.,1.,1.,1.,0.,0.,1.,     1319P   1852
0.,-0.045,0.045,0.,0.,1.;                                           1319P   1853
126,1,1,1,0,1,0,-0.025,-0.025,-0.019,-0.019,1.,1.,0.,1.,0.,0.,      1321P   1854
0.,0.,-0.025,-0.019,0.,0.,1.;                                       1321P   1855
126,1,1,1,0,1,0,-0.045,-0.045,0.045,0.045,1.,1.,0.,0.,0.,1.,0.,     1323P   1856
0.,-0.045,0.045,0.,0.,1.;                                           1323P   1857
102,4,1317,1319,1321,1323;                                          1325P   1858
110,0.045,0.069,0.055,0.045,0.075,0.055;                            1327P   1859
110,0.045,0.075,0.055,-0.045,0.075,0.055;                           1329P   1860
110,-0.045,0.075,0.055,-0.045,0.069,0.055;                          1331P   1861
110,-0.045,0.069,0.055,0.045,0.069,0.055;                           1333P   1862
102,4,1327,1329,1331,1333;                                          1335P   1863
142,1,1315,1325,1335,2;                                             1337P   1864
144,1315,1,0,1337;                                                  1339P   1865
314,61.5686297416687,81.17647171020508,92.9411768913269,10HMixed    1341P   1866
Color;                                                              1341P   1867
110,-0.045,0.05,0.065,-0.045,1.05,0.065;                            1343P   1868
110,-0.055,0.069,0.065,-0.055,0.075,0.065;                          1345P   1869
120,1343,1345,0.,6.28318530717959;                                  1347P   1870
126,1,1,1,0,1,0,3.14159265358979,3.14159265358979,                  1349P   1871
4.71238898038469,4.71238898038469,1.,1.,-0.,6.28318530717959,0.,    1349P   1872
-0.,4.71238898038469,0.,3.14159265358979,4.71238898038469,0.,0.,    1349P   1873
1.;                                                                 1349P   1874
126,1,1,1,0,1,0,0.019,0.019,0.025,0.025,1.,1.,-0.,                  1351P   1875
4.71238898038469,0.,1.,4.71238898038469,0.,0.019,0.025,0.,0.,1.;    1351P   1876
126,1,1,1,0,1,0,4.71238898038469,4.71238898038469,                  1353P   1877
6.28318530717959,6.28318530717959,1.,1.,1.,4.71238898038469,0.,     1353P   1878
1.,6.28318530717959,0.,4.71238898038469,6.28318530717959,0.,0.,     1353P   1879
1.;                                                                 1353P   1880
126,1,1,1,0,1,0,-0.025,-0.025,-0.019,-0.019,1.,1.,1.,               1355P   1881
6.28318530717959,0.,-0.,6.28318530717959,0.,-0.025,-0.019,0.,0.,    1355P   1882
1.;                                                                 1355P   1883
102,4,1349,1351,1353,1355;                                          1357P   1884
124,1.,0.,0.,-0.045,0.,0.,-1.,0.069,0.,1.,0.,0.065;                 1359P   1885
100,0.,0.,0.,-0.01,0.,-0.,-0.01;                                    1361P   1886
110,-0.045,0.069,0.055,-0.045,0.075,0.055;                          1363P   1887
124,-1.,0.,-0.,-0.045,-0.,0.,1.,0.075,0.,1.,0.,0.065;               1365P   1888
100,0.,0.,0.,-0.,-0.01,0.01,-0.;                                    1367P   1889
110,-0.055,0.075,0.065,-0.055,0.069,0.065;                          1369P   1890
102,4,1361,1363,1367,1369;                                          1371P   1891
142,1,1347,1357,1371,2;                                             1373P   1892
144,1347,1,0,1373;                                                  1375P   1893
314,61.5686297416687,81.17647171020508,92.9411768913269,10HMixed    1377P   1894
Color;                                                              1377P   1895
110,-0.055,0.069,0.065,-0.055,0.075,0.065;                          1379P   1896
122,1379,-0.055,0.069,0.085;                                        1381P   1897
126,1,1,1,0,1,0,0.019,0.019,0.025,0.025,1.,1.,0.,0.,0.,1.,0.,0.,    1383P   1898
0.019,0.025,0.,0.,1.;                                               1383P   1899
126,1,1,1,0,1,0,-0.01,-0.01,0.01,0.01,1.,1.,1.,0.,0.,1.,1.,0.,      1385P   1900
-0.01,0.01,0.,0.,1.;                                                1385P   1901
126,1,1,1,0,1,0,-0.025,-0.025,-0.019,-0.019,1.,1.,1.,1.,0.,0.,      1387P   1902
1.,0.,-0.025,-0.019,0.,0.,1.;                                       1387P   1903
126,1,1,1,0,1,0,0.065,0.065,0.085,0.085,1.,1.,0.,1.,0.,0.,0.,0.,    1389P   1904
0.065,0.085,0.,0.,1.;                                               1389P   1905
102,4,1383,1385,1387,1389;                                          1391P   1906
110,-0.055,0.069,0.065,-0.055,0.075,0.065;                          1393P   1907
110,-0.055,0.075,0.065,-0.055,0.075,0.085;                          1395P   1908
110,-0.055,0.075,0.085,-0.055,0.069,0.085;                          1397P   1909
110,-0.055,0.069,0.085,-0.055,0.069,0.065;                          1399P   1910
102,4,1393,1395,1397,1399;                                          1401P   1911
142,1,1381,1391,1401,2;                                             1403P   1912
144,1381,1,0,1403;                                                  1405P   1913
314,61.5686297416687,81.17647171020508,92.9411768913269,10HMixed    1407P   1914
Color;                                                              1407P   1915
110,-0.045,0.05,0.085,-0.045,1.05,0.085;                            1409P   1916
110,-0.055,0.069,0.085,-0.055,0.075,0.085;                          1411P   1917
120,1409,1411,0.,6.28318530717959;                                  1413P   1918
126,1,1,1,0,1,0,1.5707963267949,1.5707963267949,                    1415P   1919
3.14159265358979,3.14159265358979,1.,1.,0.,1.5707963267949,0.,      1415P   1920
0.,0.,0.,1.5707963267949,3.14159265358979,0.,0.,1.;                 1415P   1921
126,1,1,1,0,1,0,0.019,0.019,0.025,0.025,1.,1.,0.,0.,0.,1.,0.,0.,    1417P   1922
0.019,0.025,0.,0.,1.;                                               1417P   1923
126,1,1,1,0,1,0,0.,0.,1.5707963267949,1.5707963267949,1.,1.,1.,     1419P   1924
0.,0.,1.,1.5707963267949,0.,0.,1.5707963267949,0.,0.,1.;            1419P   1925
126,1,1,1,0,1,0,-0.025,-0.025,-0.019,-0.019,1.,1.,1.,               1421P   1926
1.5707963267949,0.,0.,1.5707963267949,0.,-0.025,-0.019,0.,0.,1.;    1421P   1927
102,4,1415,1417,1419,1421;                                          1423P   1928
124,1.,0.,0.,-0.045,0.,0.,-1.,0.069,0.,1.,0.,0.085;                 1425P   1929
100,0.,0.,0.,0.,0.01,-0.01,0.;                                      1427P   1930
110,-0.055,0.069,0.085,-0.055,0.075,0.085;                          1429P   1931
124,-1.,0.,-0.,-0.045,-0.,0.,1.,0.075,0.,1.,0.,0.085;               1431P   1932
100,0.,0.,0.,0.01,0.,0.,0.01;                                       1433P   1933
110,-0.045,0.075,0.095,-0.045,0.069,0.095;                          1435P   1934
102,4,1427,1429,1433,1435;                                          1437P   1935
142,1,1413,1423,1437,2;                                             1439P   1936
144,1413,1,0,1439;                                                  1441P   1937
314,61.5686297416687,81.17647171020508,92.9411768913269,10HMixed    1443P   1938
Color;                                                              1443P   1939
110,0.045,0.069,0.095,-0.045,0.069,0.095;                           1445P   1940
122,1445,0.045,0.075,0.095;                                         1447P   1941
126,1,1,1,0,1,0,-0.045,-0.045,0.045,0.045,1.,1.,0.,0.,0.,1.,0.,     1449P   1942
0.,-0.045,0.045,0.,0.,1.;                                           1449P   1943
126,1,1,1,0,1,0,0.019,0.019,0.025,0.025,1.,1.,1.,0.,0.,1.,1.,0.,    1451P   1944
0.019,0.025,0.,0.,1.;                                               1451P   1945
126,1,1,1,0,1,0,-0.045,-0.045,0.045,0.045,1.,1.,1.,1.,0.,0.,1.,     1453P   1946
0.,-0.045,0.045,0.,0.,1.;                                           1453P   1947
126,1,1,1,0,1,0,-0.025,-0.025,-0.019,-0.019,1.,1.,0.,1.,0.,0.,      1455P   1948
0.,0.,-0.025,-0.019,0.,0.,1.;                                       1455P   1949
102,4,1449,1451,1453,1455;                                          1457P   1950
110,0.045,0.069,0.095,-0.045,0.069,0.095;                           1459P   1951
110,-0.045,0.069,0.095,-0.045,0.075,0.095;                          1461P   1952
110,-0.045,0.075,0.095,0.045,0.075,0.095;                           1463P   1953
110,0.045,0.075,0.095,0.045,0.069,0.095;                            1465P   1954
102,4,1459,1461,1463,1465;                                          1467P   1955
142,1,1447,1457,1467,2;                                             1469P   1956
144,1447,1,0,1469;                                                  1471P   1957
314,61.5686297416687,81.17647171020508,92.9411768913269,10HMixed    1473P   1958
Color;                                                              1473P   1959
110,0.045,0.05,0.085,0.045,1.05,0.085;                              1475P   1960
110,0.035,0.069,0.085,0.035,0.075,0.085;                            1477P   1961
120,1475,1477,0.,6.28318530717959;                                  1479P   1962
126,1,1,1,0,1,0,0.,0.,1.5707963267949,1.5707963267949,1.,1.,0.,     1481P   1963
3.14159265358979,0.,0.,1.5707963267949,0.,0.,1.5707963267949,0.,    1481P   1964
0.,1.;                                                              1481P   1965
126,1,1,1,0,1,0,0.019,0.019,0.025,0.025,1.,1.,0.,                   1483P   1966
1.5707963267949,0.,1.,1.5707963267949,0.,0.019,0.025,0.,0.,1.;      1483P   1967
126,1,1,1,0,1,0,1.5707963267949,1.5707963267949,                    1485P   1968
3.14159265358979,3.14159265358979,1.,1.,1.,1.5707963267949,0.,      1485P   1969
1.,3.14159265358979,0.,1.5707963267949,3.14159265358979,0.,0.,      1485P   1970
1.;                                                                 1485P   1971
126,1,1,1,0,1,0,-0.025,-0.025,-0.019,-0.019,1.,1.,1.,               1487P   1972
3.14159265358979,0.,0.,3.14159265358979,0.,-0.025,-0.019,0.,0.,     1487P   1973
1.;                                                                 1487P   1974
102,4,1481,1483,1485,1487;                                          1489P   1975
124,1.,0.,0.,0.045,0.,0.,-1.,0.069,0.,1.,0.,0.085;                  1491P   1976
100,0.,0.,0.,0.01,0.,0.,0.01;                                       1493P   1977
110,0.045,0.069,0.095,0.045,0.075,0.095;                            1495P   1978
124,-1.,0.,-0.,0.045,-0.,0.,1.,0.075,0.,1.,0.,0.085;                1497P   1979
100,0.,0.,0.,0.,0.01,-0.01,0.;                                      1499P   1980
110,0.055,0.075,0.085,0.055,0.069,0.085;                            1501P   1981
102,4,1493,1495,1499,1501;                                          1503P   1982
142,1,1479,1489,1503,2;                                             1505P   1983
144,1479,1,0,1505;                                                  1507P   1984
S      2G      4D   1508P   1984                                        T      1
