Data from Parasolid IGES Translator 28.0.241, Copyright(c) 2006 Siemens S      1
PLM Software. All Rights Reserved.                                      S      2
1H,,1H;,6HNoname,29H686b72607a9bce062bccde18.iges,27HBy Siemens PLM IncoG      1
rporated,27HXPlus GENERIC/IGES 28.0.241,32,38, 6,308,15,6HNoname,1.000, G      2
6,1HM,1,1.000,15H20250707.070816,1.0e-08,0.00,6HNoname,6HNoname,11,0,15HG      3
20250707.070816;                                                        G      4
     314       1       0       1       0       0       0       000010001D      1
     314       1       0       2       0       0       0               0D      2
     110       3       0       1       0       0       0       000010001D      3
     110       1       0       2       0       0       0               0D      4
     110       5       0       1       0       0       0       000010001D      5
     110       1       0       2       0       0       0               0D      6
     120       7       0       1       0       0       0       000010001D      7
     120       1       0       1       0       0       0               0D      8
     126       8       0       1       0       0       0       000010501D      9
     126       1       0       2       0       0       0               0D     10
     126      10       0       1       0       0       0       000010501D     11
     126       1       0       2       0       0       0               0D     12
     126      12       0       1       0       0       0       000010501D     13
     126       1       0       2       0       0       0               0D     14
     126      14       0       1       0       0       0       000010501D     15
     126       1       0       2       0       0       0               0D     16
     126      16       0       1       0       0       0       000010501D     17
     126       1       0       2       0       0       0               0D     18
     126      18       0       1       0       0       0       000010501D     19
     126       1       0       2       0       0       0               0D     20
     126      20       0       1       0       0       0       000010501D     21
     126       1       0       2       0       0       0               0D     22
     126      22       0       1       0       0       0       000010501D     23
     126       1       0       2       0       0       0               0D     24
     102      24       0       1       0       0       0       000010501D     25
     102       1       0       1       0       0       0               0D     26
     124      25       0       1       0       0       0       000010001D     27
     124       1       0       2       0       0       0               0D     28
     100      27       0       1       0       0      27       000010001D     29
     100       1       0       1       0       0       0               0D     30
     110      28       0       1       0       0       0       000010001D     31
     110       1       0       2       0       0       0               0D     32
     124      30       0       1       0       0       0       000010001D     33
     124       1       0       2       0       0       0               0D     34
     100      32       0       1       0       0      33       000010001D     35
     100       1       0       1       0       0       0               0D     36
     110      33       0       1       0       0       0       000010001D     37
     110       1       0       2       0       0       0               0D     38
     102      35       0       1       0       0       0       000010001D     39
     102       1       0       1       0       0       0               0D     40
     142      36       0       1       0       0       0       000010001D     41
     142       1       0       1       0       0       0               0D     42
     144      37       0       1       0       0       0       000000001D     43
     144       1      -1       1       0       0       0               0D     44
     314      38       0       1       0       0       0       000010001D     45
     314       1       0       2       0       0       0               0D     46
     110      40       0       1       0       0       0       000010001D     47
     110       1       0       2       0       0       0               0D     48
     110      42       0       1       0       0       0       000010001D     49
     110       1       0       2       0       0       0               0D     50
     120      44       0       1       0       0       0       000010001D     51
     120       1       0       1       0       0       0               0D     52
     126      45       0       1       0       0       0       000010501D     53
     126       1       0       2       0       0       0               0D     54
     126      47       0       1       0       0       0       000010501D     55
     126       1       0       2       0       0       0               0D     56
     126      49       0       1       0       0       0       000010501D     57
     126       1       0       2       0       0       0               0D     58
     126      51       0       1       0       0       0       000010501D     59
     126       1       0       2       0       0       0               0D     60
     126      53       0       1       0       0       0       000010501D     61
     126       1       0       2       0       0       0               0D     62
     126      55       0       1       0       0       0       000010501D     63
     126       1       0       2       0       0       0               0D     64
     126      57       0       1       0       0       0       000010501D     65
     126       1       0       2       0       0       0               0D     66
     126      59       0       1       0       0       0       000010501D     67
     126       1       0       2       0       0       0               0D     68
     102      61       0       1       0       0       0       000010501D     69
     102       1       0       1       0       0       0               0D     70
     124      62       0       1       0       0       0       000010001D     71
     124       1       0       2       0       0       0               0D     72
     100      64       0       1       0       0      71       000010001D     73
     100       1       0       1       0       0       0               0D     74
     110      65       0       1       0       0       0       000010001D     75
     110       1       0       2       0       0       0               0D     76
     124      67       0       1       0       0       0       000010001D     77
     124       1       0       2       0       0       0               0D     78
     100      69       0       1       0       0      77       000010001D     79
     100       1       0       1       0       0       0               0D     80
     110      70       0       1       0       0       0       000010001D     81
     110       1       0       2       0       0       0               0D     82
     102      72       0       1       0       0       0       000010001D     83
     102       1       0       1       0       0       0               0D     84
     142      73       0       1       0       0       0       000010001D     85
     142       1       0       1       0       0       0               0D     86
     144      74       0       1       0       0       0       000000001D     87
     144       1     -45       1       0       0       0               0D     88
     314      75       0       1       0       0       0       000010001D     89
     314       1       0       2       0       0       0               0D     90
     110      77       0       1       0       0       0       000010001D     91
     110       1       0       2       0       0       0               0D     92
     122      79       0       1       0       0       0       000010001D     93
     122       1       0       1       0       0       0               0D     94
     126      80       0       1       0       0       0       000010501D     95
     126       1       0       2       0       0       0               0D     96
     126      82       0       1       0       0       0       000010501D     97
     126       1       0       2       0       0       0               0D     98
     126      84       0       1       0       0       0       000010501D     99
     126       1       0       2       0       0       0               0D    100
     126      86       0       1       0       0       0       000010501D    101
     126       1       0       2       0       0       0               0D    102
     102      88       0       1       0       0       0       000010501D    103
     102       1       0       1       0       0       0               0D    104
     110      89       0       1       0       0       0       000010001D    105
     110       1       0       2       0       0       0               0D    106
     110      91       0       1       0       0       0       000010001D    107
     110       1       0       2       0       0       0               0D    108
     110      93       0       1       0       0       0       000010001D    109
     110       1       0       2       0       0       0               0D    110
     110      95       0       1       0       0       0       000010001D    111
     110       1       0       2       0       0       0               0D    112
     102      97       0       1       0       0       0       000010001D    113
     102       1       0       1       0       0       0               0D    114
     142      98       0       1       0       0       0       000010001D    115
     142       1       0       1       0       0       0               0D    116
     144      99       0       1       0       0       0       000000001D    117
     144       1     -89       1       0       0       0               0D    118
     314     100       0       1       0       0       0       000010001D    119
     314       1       0       2       0       0       0               0D    120
     110     102       0       1       0       0       0       000010001D    121
     110       1       0       2       0       0       0               0D    122
     122     104       0       1       0       0       0       000010001D    123
     122       1       0       1       0       0       0               0D    124
     126     105       0       1       0       0       0       000010501D    125
     126       1       0       2       0       0       0               0D    126
     126     107       0       1       0       0       0       000010501D    127
     126       1       0       2       0       0       0               0D    128
     126     109       0       1       0       0       0       000010501D    129
     126       1       0       2       0       0       0               0D    130
     126     111       0       1       0       0       0       000010501D    131
     126       1       0       2       0       0       0               0D    132
     102     113       0       1       0       0       0       000010501D    133
     102       1       0       1       0       0       0               0D    134
     110     114       0       1       0       0       0       000010001D    135
     110       1       0       2       0       0       0               0D    136
     110     116       0       1       0       0       0       000010001D    137
     110       1       0       2       0       0       0               0D    138
     110     118       0       1       0       0       0       000010001D    139
     110       1       0       2       0       0       0               0D    140
     110     120       0       1       0       0       0       000010001D    141
     110       1       0       2       0       0       0               0D    142
     102     122       0       1       0       0       0       000010001D    143
     102       1       0       1       0       0       0               0D    144
     142     123       0       1       0       0       0       000010001D    145
     142       1       0       1       0       0       0               0D    146
     144     124       0       1       0       0       0       000000001D    147
     144       1    -119       1       0       0       0               0D    148
     314     125       0       1       0       0       0       000010001D    149
     314       1       0       2       0       0       0               0D    150
     110     127       0       1       0       0       0       000010001D    151
     110       1       0       2       0       0       0               0D    152
     122     129       0       1       0       0       0       000010001D    153
     122       1       0       1       0       0       0               0D    154
     126     130       0       1       0       0       0       000010501D    155
     126       1       0       2       0       0       0               0D    156
     126     132       0       1       0       0       0       000010501D    157
     126       1       0       2       0       0       0               0D    158
     126     134       0       1       0       0       0       000010501D    159
     126       1       0       2       0       0       0               0D    160
     126     136       0       1       0       0       0       000010501D    161
     126       1       0       2       0       0       0               0D    162
     102     138       0       1       0       0       0       000010501D    163
     102       1       0       1       0       0       0               0D    164
     110     139       0       1       0       0       0       000010001D    165
     110       1       0       2       0       0       0               0D    166
     110     141       0       1       0       0       0       000010001D    167
     110       1       0       2       0       0       0               0D    168
     110     143       0       1       0       0       0       000010001D    169
     110       1       0       2       0       0       0               0D    170
     110     145       0       1       0       0       0       000010001D    171
     110       1       0       2       0       0       0               0D    172
     102     147       0       1       0       0       0       000010001D    173
     102       1       0       1       0       0       0               0D    174
     142     148       0       1       0       0       0       000010001D    175
     142       1       0       1       0       0       0               0D    176
     126     149       0       1       0       0       0       000010501D    177
     126       1       0      66       0       0       0               0D    178
     102     215       0       1       0       0       0       000010501D    179
     102       1       0       1       0       0       0               0D    180
     124     216       0       1       0       0       0       000010001D    181
     124       1       0       2       0       0       0               0D    182
     100     218       0       1       0       0     181       000010001D    183
     100       1       0       1       0       0       0               0D    184
     102     219       0       1       0       0       0       000010001D    185
     102       1       0       1       0       0       0               0D    186
     142     220       0       1       0       0       0       000010001D    187
     142       1       0       1       0       0       0               0D    188
     144     221       0       1       0       0       0       000000001D    189
     144       1    -149       1       0       0       0               0D    190
     314     222       0       1       0       0       0       000010001D    191
     314       1       0       2       0       0       0               0D    192
     110     224       0       1       0       0       0       000010001D    193
     110       1       0       2       0       0       0               0D    194
     122     226       0       1       0       0       0       000010001D    195
     122       1       0       1       0       0       0               0D    196
     126     227       0       1       0       0       0       000010501D    197
     126       1       0       2       0       0       0               0D    198
     126     229       0       1       0       0       0       000010501D    199
     126       1       0       2       0       0       0               0D    200
     126     231       0       1       0       0       0       000010501D    201
     126       1       0       2       0       0       0               0D    202
     126     233       0       1       0       0       0       000010501D    203
     126       1       0       2       0       0       0               0D    204
     102     235       0       1       0       0       0       000010501D    205
     102       1       0       1       0       0       0               0D    206
     110     236       0       1       0       0       0       000010001D    207
     110       1       0       2       0       0       0               0D    208
     110     238       0       1       0       0       0       000010001D    209
     110       1       0       2       0       0       0               0D    210
     110     240       0       1       0       0       0       000010001D    211
     110       1       0       2       0       0       0               0D    212
     110     242       0       1       0       0       0       000010001D    213
     110       1       0       2       0       0       0               0D    214
     102     244       0       1       0       0       0       000010001D    215
     102       1       0       1       0       0       0               0D    216
     142     245       0       1       0       0       0       000010001D    217
     142       1       0       1       0       0       0               0D    218
     144     246       0       1       0       0       0       000000001D    219
     144       1    -191       1       0       0       0               0D    220
     314     247       0       1       0       0       0       000010001D    221
     314       1       0       2       0       0       0               0D    222
     110     249       0       1       0       0       0       000010001D    223
     110       1       0       2       0       0       0               0D    224
     122     251       0       1       0       0       0       000010001D    225
     122       1       0       1       0       0       0               0D    226
     126     252       0       1       0       0       0       000010501D    227
     126       1       0       3       0       0       0               0D    228
     126     255       0       1       0       0       0       000010501D    229
     126       1       0      19       0       0       0               0D    230
     126     274       0       1       0       0       0       000010501D    231
     126       1       0       3       0       0       0               0D    232
     126     277       0       1       0       0       0       000010501D    233
     126       1       0      19       0       0       0               0D    234
     126     296       0       1       0       0       0       000010501D    235
     126       1       0       3       0       0       0               0D    236
     126     299       0       1       0       0       0       000010501D    237
     126       1       0      19       0       0       0               0D    238
     126     318       0       1       0       0       0       000010501D    239
     126       1       0       3       0       0       0               0D    240
     126     321       0       1       0       0       0       000010501D    241
     126       1       0      18       0       0       0               0D    242
     102     339       0       1       0       0       0       000010501D    243
     102       1       0       1       0       0       0               0D    244
     110     340       0       1       0       0       0       000010001D    245
     110       1       0       2       0       0       0               0D    246
     124     342       0       1       0       0       0       000010001D    247
     124       1       0       2       0       0       0               0D    248
     100     344       0       1       0       0     247       000010001D    249
     100       1       0       1       0       0       0               0D    250
     110     345       0       1       0       0       0       000010001D    251
     110       1       0       2       0       0       0               0D    252
     124     347       0       1       0       0       0       000010001D    253
     124       1       0       2       0       0       0               0D    254
     100     349       0       1       0       0     253       000010001D    255
     100       1       0       1       0       0       0               0D    256
     110     350       0       1       0       0       0       000010001D    257
     110       1       0       2       0       0       0               0D    258
     124     352       0       1       0       0       0       000010001D    259
     124       1       0       2       0       0       0               0D    260
     100     354       0       1       0       0     259       000010001D    261
     100       1       0       1       0       0       0               0D    262
     110     355       0       1       0       0       0       000010001D    263
     110       1       0       2       0       0       0               0D    264
     124     357       0       1       0       0       0       000010001D    265
     124       1       0       2       0       0       0               0D    266
     100     359       0       1       0       0     265       000010001D    267
     100       1       0       1       0       0       0               0D    268
     102     360       0       1       0       0       0       000010001D    269
     102       1       0       1       0       0       0               0D    270
     142     361       0       1       0       0       0       000010001D    271
     142       1       0       1       0       0       0               0D    272
     126     362       0       1       0       0       0       000010501D    273
     126       1       0      36       0       0       0               0D    274
     102     398       0       1       0       0       0       000010501D    275
     102       1       0       1       0       0       0               0D    276
     124     399       0       1       0       0       0       000010001D    277
     124       1       0       2       0       0       0               0D    278
     100     401       0       1       0       0     277       000010001D    279
     100       1       0       1       0       0       0               0D    280
     102     402       0       1       0       0       0       000010001D    281
     102       1       0       1       0       0       0               0D    282
     142     403       0       1       0       0       0       000010001D    283
     142       1       0       1       0       0       0               0D    284
     126     404       0       1       0       0       0       000010501D    285
     126       1       0      36       0       0       0               0D    286
     102     440       0       1       0       0       0       000010501D    287
     102       1       0       1       0       0       0               0D    288
     124     441       0       1       0       0       0       000010001D    289
     124       1       0       2       0       0       0               0D    290
     100     443       0       1       0       0     289       000010001D    291
     100       1       0       1       0       0       0               0D    292
     102     444       0       1       0       0       0       000010001D    293
     102       1       0       1       0       0       0               0D    294
     142     445       0       1       0       0       0       000010001D    295
     142       1       0       1       0       0       0               0D    296
     126     446       0       1       0       0       0       000010501D    297
     126       1       0      36       0       0       0               0D    298
     102     482       0       1       0       0       0       000010501D    299
     102       1       0       1       0       0       0               0D    300
     124     483       0       1       0       0       0       000010001D    301
     124       1       0       2       0       0       0               0D    302
     100     485       0       1       0       0     301       000010001D    303
     100       1       0       1       0       0       0               0D    304
     102     486       0       1       0       0       0       000010001D    305
     102       1       0       1       0       0       0               0D    306
     142     487       0       1       0       0       0       000010001D    307
     142       1       0       1       0       0       0               0D    308
     126     488       0       1       0       0       0       000010501D    309
     126       1       0      36       0       0       0               0D    310
     102     524       0       1       0       0       0       000010501D    311
     102       1       0       1       0       0       0               0D    312
     124     525       0       1       0       0       0       000010001D    313
     124       1       0       2       0       0       0               0D    314
     100     527       0       1       0       0     313       000010001D    315
     100       1       0       1       0       0       0               0D    316
     102     528       0       1       0       0       0       000010001D    317
     102       1       0       1       0       0       0               0D    318
     142     529       0       1       0       0       0       000010001D    319
     142       1       0       1       0       0       0               0D    320
     126     530       0       1       0       0       0       000010501D    321
     126       1       0      65       0       0       0               0D    322
     102     595       0       1       0       0       0       000010501D    323
     102       1       0       1       0       0       0               0D    324
     124     596       0       1       0       0       0       000010001D    325
     124       1       0       2       0       0       0               0D    326
     100     598       0       1       0       0     325       000010001D    327
     100       1       0       1       0       0       0               0D    328
     102     599       0       1       0       0       0       000010001D    329
     102       1       0       1       0       0       0               0D    330
     142     600       0       1       0       0       0       000010001D    331
     142       1       0       1       0       0       0               0D    332
     144     601       0       1       0       0       0       000000001D    333
     144       1    -221       1       0       0       0               0D    334
     314     602       0       1       0       0       0       000010001D    335
     314       1       0       2       0       0       0               0D    336
     110     604       0       1       0       0       0       000010001D    337
     110       1       0       2       0       0       0               0D    338
     122     606       0       1       0       0       0       000010001D    339
     122       1       0       1       0       0       0               0D    340
     126     607       0       1       0       0       0       000010501D    341
     126       1       0       3       0       0       0               0D    342
     126     610       0       1       0       0       0       000010501D    343
     126       1       0      19       0       0       0               0D    344
     126     629       0       1       0       0       0       000010501D    345
     126       1       0       3       0       0       0               0D    346
     126     632       0       1       0       0       0       000010501D    347
     126       1       0      18       0       0       0               0D    348
     126     650       0       1       0       0       0       000010501D    349
     126       1       0       3       0       0       0               0D    350
     126     653       0       1       0       0       0       000010501D    351
     126       1       0      19       0       0       0               0D    352
     126     672       0       1       0       0       0       000010501D    353
     126       1       0       3       0       0       0               0D    354
     126     675       0       1       0       0       0       000010501D    355
     126       1       0      19       0       0       0               0D    356
     102     694       0       1       0       0       0       000010501D    357
     102       1       0       1       0       0       0               0D    358
     110     695       0       1       0       0       0       000010001D    359
     110       1       0       2       0       0       0               0D    360
     124     697       0       1       0       0       0       000010001D    361
     124       1       0       2       0       0       0               0D    362
     100     699       0       1       0       0     361       000010001D    363
     100       1       0       1       0       0       0               0D    364
     110     700       0       1       0       0       0       000010001D    365
     110       1       0       2       0       0       0               0D    366
     124     702       0       1       0       0       0       000010001D    367
     124       1       0       2       0       0       0               0D    368
     100     704       0       1       0       0     367       000010001D    369
     100       1       0       1       0       0       0               0D    370
     110     705       0       1       0       0       0       000010001D    371
     110       1       0       2       0       0       0               0D    372
     124     707       0       1       0       0       0       000010001D    373
     124       1       0       2       0       0       0               0D    374
     100     709       0       1       0       0     373       000010001D    375
     100       1       0       1       0       0       0               0D    376
     110     710       0       1       0       0       0       000010001D    377
     110       1       0       2       0       0       0               0D    378
     124     712       0       1       0       0       0       000010001D    379
     124       1       0       2       0       0       0               0D    380
     100     714       0       1       0       0     379       000010001D    381
     100       1       0       1       0       0       0               0D    382
     102     715       0       1       0       0       0       000010001D    383
     102       1       0       1       0       0       0               0D    384
     142     716       0       1       0       0       0       000010001D    385
     142       1       0       1       0       0       0               0D    386
     126     717       0       1       0       0       0       000010501D    387
     126       1       0      36       0       0       0               0D    388
     102     753       0       1       0       0       0       000010501D    389
     102       1       0       1       0       0       0               0D    390
     124     754       0       1       0       0       0       000010001D    391
     124       1       0       2       0       0       0               0D    392
     100     756       0       1       0       0     391       000010001D    393
     100       1       0       1       0       0       0               0D    394
     102     757       0       1       0       0       0       000010001D    395
     102       1       0       1       0       0       0               0D    396
     142     758       0       1       0       0       0       000010001D    397
     142       1       0       1       0       0       0               0D    398
     126     759       0       1       0       0       0       000010501D    399
     126       1       0      36       0       0       0               0D    400
     102     795       0       1       0       0       0       000010501D    401
     102       1       0       1       0       0       0               0D    402
     124     796       0       1       0       0       0       000010001D    403
     124       1       0       2       0       0       0               0D    404
     100     798       0       1       0       0     403       000010001D    405
     100       1       0       1       0       0       0               0D    406
     102     799       0       1       0       0       0       000010001D    407
     102       1       0       1       0       0       0               0D    408
     142     800       0       1       0       0       0       000010001D    409
     142       1       0       1       0       0       0               0D    410
     126     801       0       1       0       0       0       000010501D    411
     126       1       0      36       0       0       0               0D    412
     102     837       0       1       0       0       0       000010501D    413
     102       1       0       1       0       0       0               0D    414
     124     838       0       1       0       0       0       000010001D    415
     124       1       0       2       0       0       0               0D    416
     100     840       0       1       0       0     415       000010001D    417
     100       1       0       1       0       0       0               0D    418
     102     841       0       1       0       0       0       000010001D    419
     102       1       0       1       0       0       0               0D    420
     142     842       0       1       0       0       0       000010001D    421
     142       1       0       1       0       0       0               0D    422
     126     843       0       1       0       0       0       000010501D    423
     126       1       0      36       0       0       0               0D    424
     102     879       0       1       0       0       0       000010501D    425
     102       1       0       1       0       0       0               0D    426
     124     880       0       1       0       0       0       000010001D    427
     124       1       0       2       0       0       0               0D    428
     100     882       0       1       0       0     427       000010001D    429
     100       1       0       1       0       0       0               0D    430
     102     883       0       1       0       0       0       000010001D    431
     102       1       0       1       0       0       0               0D    432
     142     884       0       1       0       0       0       000010001D    433
     142       1       0       1       0       0       0               0D    434
     126     885       0       1       0       0       0       000010501D    435
     126       1       0      65       0       0       0               0D    436
     102     950       0       1       0       0       0       000010501D    437
     102       1       0       1       0       0       0               0D    438
     124     951       0       1       0       0       0       000010001D    439
     124       1       0       2       0       0       0               0D    440
     100     953       0       1       0       0     439       000010001D    441
     100       1       0       1       0       0       0               0D    442
     102     954       0       1       0       0       0       000010001D    443
     102       1       0       1       0       0       0               0D    444
     142     955       0       1       0       0       0       000010001D    445
     142       1       0       1       0       0       0               0D    446
     144     956       0       1       0       0       0       000000001D    447
     144       1    -335       1       0       0       0               0D    448
     314     957       0       1       0       0       0       000010001D    449
     314       1       0       2       0       0       0               0D    450
     110     959       0       1       0       0       0       000010001D    451
     110       1       0       2       0       0       0               0D    452
     110     961       0       1       0       0       0       000010001D    453
     110       1       0       2       0       0       0               0D    454
     120     963       0       1       0       0       0       000010001D    455
     120       1       0       1       0       0       0               0D    456
     126     964       0       1       0       0       0       000010501D    457
     126       1       0       4       0       0       0               0D    458
     126     968       0       1       0       0       0       000010501D    459
     126       1       0       2       0       0       0               0D    460
     126     970       0       1       0       0       0       000010501D    461
     126       1       0       4       0       0       0               0D    462
     126     974       0       1       0       0       0       000010501D    463
     126       1       0       2       0       0       0               0D    464
     102     976       0       1       0       0       0       000010501D    465
     102       1       0       1       0       0       0               0D    466
     124     977       0       1       0       0       0       000010001D    467
     124       1       0       2       0       0       0               0D    468
     100     979       0       1       0       0     467       000010001D    469
     100       1       0       1       0       0       0               0D    470
     110     980       0       1       0       0       0       000010001D    471
     110       1       0       2       0       0       0               0D    472
     124     982       0       1       0       0       0       000010001D    473
     124       1       0       2       0       0       0               0D    474
     100     984       0       1       0       0     473       000010001D    475
     100       1       0       1       0       0       0               0D    476
     110     985       0       1       0       0       0       000010001D    477
     110       1       0       2       0       0       0               0D    478
     102     987       0       1       0       0       0       000010001D    479
     102       1       0       1       0       0       0               0D    480
     142     988       0       1       0       0       0       000010001D    481
     142       1       0       1       0       0       0               0D    482
     144     989       0       1       0       0       0       000000001D    483
     144       1    -449       1       0       0       0               0D    484
     314     990       0       1       0       0       0       000010001D    485
     314       1       0       2       0       0       0               0D    486
     110     992       0       1       0       0       0       000010001D    487
     110       1       0       2       0       0       0               0D    488
     110     994       0       1       0       0       0       000010001D    489
     110       1       0       2       0       0       0               0D    490
     120     996       0       1       0       0       0       000010001D    491
     120       1       0       1       0       0       0               0D    492
     126     997       0       1       0       0       0       000010501D    493
     126       1       0       4       0       0       0               0D    494
     126    1001       0       1       0       0       0       000010501D    495
     126       1       0       2       0       0       0               0D    496
     126    1003       0       1       0       0       0       000010501D    497
     126       1       0       4       0       0       0               0D    498
     126    1007       0       1       0       0       0       000010501D    499
     126       1       0       2       0       0       0               0D    500
     102    1009       0       1       0       0       0       000010501D    501
     102       1       0       1       0       0       0               0D    502
     124    1010       0       1       0       0       0       000010001D    503
     124       1       0       2       0       0       0               0D    504
     100    1012       0       1       0       0     503       000010001D    505
     100       1       0       1       0       0       0               0D    506
     110    1013       0       1       0       0       0       000010001D    507
     110       1       0       2       0       0       0               0D    508
     124    1015       0       1       0       0       0       000010001D    509
     124       1       0       2       0       0       0               0D    510
     100    1017       0       1       0       0     509       000010001D    511
     100       1       0       1       0       0       0               0D    512
     110    1018       0       1       0       0       0       000010001D    513
     110       1       0       2       0       0       0               0D    514
     102    1020       0       1       0       0       0       000010001D    515
     102       1       0       1       0       0       0               0D    516
     142    1021       0       1       0       0       0       000010001D    517
     142       1       0       1       0       0       0               0D    518
     144    1022       0       1       0       0       0       000000001D    519
     144       1    -485       1       0       0       0               0D    520
     314    1023       0       1       0       0       0       000010001D    521
     314       1       0       2       0       0       0               0D    522
     110    1025       0       1       0       0       0       000010001D    523
     110       1       0       2       0       0       0               0D    524
     110    1027       0       1       0       0       0       000010001D    525
     110       1       0       2       0       0       0               0D    526
     120    1029       0       1       0       0       0       000010001D    527
     120       1       0       1       0       0       0               0D    528
     126    1030       0       1       0       0       0       000010501D    529
     126       1       0       3       0       0       0               0D    530
     126    1033       0       1       0       0       0       000010501D    531
     126       1       0       2       0       0       0               0D    532
     126    1035       0       1       0       0       0       000010501D    533
     126       1       0       3       0       0       0               0D    534
     126    1038       0       1       0       0       0       000010501D    535
     126       1       0       2       0       0       0               0D    536
     102    1040       0       1       0       0       0       000010501D    537
     102       1       0       1       0       0       0               0D    538
     124    1041       0       1       0       0       0       000010001D    539
     124       1       0       2       0       0       0               0D    540
     100    1043       0       1       0       0     539       000010001D    541
     100       1       0       1       0       0       0               0D    542
     110    1044       0       1       0       0       0       000010001D    543
     110       1       0       2       0       0       0               0D    544
     124    1046       0       1       0       0       0       000010001D    545
     124       1       0       2       0       0       0               0D    546
     100    1048       0       1       0       0     545       000010001D    547
     100       1       0       1       0       0       0               0D    548
     110    1049       0       1       0       0       0       000010001D    549
     110       1       0       2       0       0       0               0D    550
     102    1051       0       1       0       0       0       000010001D    551
     102       1       0       1       0       0       0               0D    552
     142    1052       0       1       0       0       0       000010001D    553
     142       1       0       1       0       0       0               0D    554
     144    1053       0       1       0       0       0       000000001D    555
     144       1    -521       1       0       0       0               0D    556
     314    1054       0       1       0       0       0       000010001D    557
     314       1       0       2       0       0       0               0D    558
     110    1056       0       1       0       0       0       000010001D    559
     110       1       0       2       0       0       0               0D    560
     110    1058       0       1       0       0       0       000010001D    561
     110       1       0       2       0       0       0               0D    562
     120    1060       0       1       0       0       0       000010001D    563
     120       1       0       1       0       0       0               0D    564
     126    1061       0       1       0       0       0       000010501D    565
     126       1       0       4       0       0       0               0D    566
     126    1065       0       1       0       0       0       000010501D    567
     126       1       0       2       0       0       0               0D    568
     126    1067       0       1       0       0       0       000010501D    569
     126       1       0       4       0       0       0               0D    570
     126    1071       0       1       0       0       0       000010501D    571
     126       1       0       2       0       0       0               0D    572
     102    1073       0       1       0       0       0       000010501D    573
     102       1       0       1       0       0       0               0D    574
     124    1074       0       1       0       0       0       000010001D    575
     124       1       0       2       0       0       0               0D    576
     100    1076       0       1       0       0     575       000010001D    577
     100       1       0       1       0       0       0               0D    578
     110    1077       0       1       0       0       0       000010001D    579
     110       1       0       2       0       0       0               0D    580
     124    1079       0       1       0       0       0       000010001D    581
     124       1       0       2       0       0       0               0D    582
     100    1081       0       1       0       0     581       000010001D    583
     100       1       0       1       0       0       0               0D    584
     110    1082       0       1       0       0       0       000010001D    585
     110       1       0       2       0       0       0               0D    586
     102    1084       0       1       0       0       0       000010001D    587
     102       1       0       1       0       0       0               0D    588
     142    1085       0       1       0       0       0       000010001D    589
     142       1       0       1       0       0       0               0D    590
     144    1086       0       1       0       0       0       000000001D    591
     144       1    -557       1       0       0       0               0D    592
     314    1087       0       1       0       0       0       000010001D    593
     314       1       0       2       0       0       0               0D    594
     110    1089       0       1       0       0       0       000010001D    595
     110       1       0       2       0       0       0               0D    596
     110    1091       0       1       0       0       0       000010001D    597
     110       1       0       2       0       0       0               0D    598
     120    1093       0       1       0       0       0       000010001D    599
     120       1       0       1       0       0       0               0D    600
     126    1094       0       1       0       0       0       000010501D    601
     126       1       0       2       0       0       0               0D    602
     126    1096       0       1       0       0       0       000010501D    603
     126       1       0       2       0       0       0               0D    604
     126    1098       0       1       0       0       0       000010501D    605
     126       1       0       2       0       0       0               0D    606
     126    1100       0       1       0       0       0       000010501D    607
     126       1       0       2       0       0       0               0D    608
     126    1102       0       1       0       0       0       000010501D    609
     126       1       0       2       0       0       0               0D    610
     126    1104       0       1       0       0       0       000010501D    611
     126       1       0       2       0       0       0               0D    612
     126    1106       0       1       0       0       0       000010501D    613
     126       1       0       2       0       0       0               0D    614
     126    1108       0       1       0       0       0       000010501D    615
     126       1       0       2       0       0       0               0D    616
     102    1110       0       1       0       0       0       000010501D    617
     102       1       0       1       0       0       0               0D    618
     124    1111       0       1       0       0       0       000010001D    619
     124       1       0       2       0       0       0               0D    620
     100    1113       0       1       0       0     619       000010001D    621
     100       1       0       1       0       0       0               0D    622
     110    1114       0       1       0       0       0       000010001D    623
     110       1       0       2       0       0       0               0D    624
     124    1116       0       1       0       0       0       000010001D    625
     124       1       0       2       0       0       0               0D    626
     100    1118       0       1       0       0     625       000010001D    627
     100       1       0       1       0       0       0               0D    628
     110    1119       0       1       0       0       0       000010001D    629
     110       1       0       2       0       0       0               0D    630
     102    1121       0       1       0       0       0       000010001D    631
     102       1       0       1       0       0       0               0D    632
     142    1122       0       1       0       0       0       000010001D    633
     142       1       0       1       0       0       0               0D    634
     144    1123       0       1       0       0       0       000000001D    635
     144       1    -593       1       0       0       0               0D    636
     314    1124       0       1       0       0       0       000010001D    637
     314       1       0       2       0       0       0               0D    638
     110    1126       0       1       0       0       0       000010001D    639
     110       1       0       2       0       0       0               0D    640
     122    1128       0       1       0       0       0       000010001D    641
     122       1       0       1       0       0       0               0D    642
     126    1129       0       1       0       0       0       000010501D    643
     126       1       0       2       0       0       0               0D    644
     126    1131       0       1       0       0       0       000010501D    645
     126       1       0       2       0       0       0               0D    646
     126    1133       0       1       0       0       0       000010501D    647
     126       1       0       2       0       0       0               0D    648
     126    1135       0       1       0       0       0       000010501D    649
     126       1       0       2       0       0       0               0D    650
     102    1137       0       1       0       0       0       000010501D    651
     102       1       0       1       0       0       0               0D    652
     110    1138       0       1       0       0       0       000010001D    653
     110       1       0       2       0       0       0               0D    654
     110    1140       0       1       0       0       0       000010001D    655
     110       1       0       2       0       0       0               0D    656
     110    1142       0       1       0       0       0       000010001D    657
     110       1       0       2       0       0       0               0D    658
     110    1144       0       1       0       0       0       000010001D    659
     110       1       0       2       0       0       0               0D    660
     102    1146       0       1       0       0       0       000010001D    661
     102       1       0       1       0       0       0               0D    662
     142    1147       0       1       0       0       0       000010001D    663
     142       1       0       1       0       0       0               0D    664
     144    1148       0       1       0       0       0       000000001D    665
     144       1    -637       1       0       0       0               0D    666
     314    1149       0       1       0       0       0       000010001D    667
     314       1       0       2       0       0       0               0D    668
     110    1151       0       1       0       0       0       000010001D    669
     110       1       0       2       0       0       0               0D    670
     122    1153       0       1       0       0       0       000010001D    671
     122       1       0       1       0       0       0               0D    672
     126    1154       0       1       0       0       0       000010501D    673
     126       1       0       2       0       0       0               0D    674
     126    1156       0       1       0       0       0       000010501D    675
     126       1       0       2       0       0       0               0D    676
     126    1158       0       1       0       0       0       000010501D    677
     126       1       0       2       0       0       0               0D    678
     126    1160       0       1       0       0       0       000010501D    679
     126       1       0       2       0       0       0               0D    680
     102    1162       0       1       0       0       0       000010501D    681
     102       1       0       1       0       0       0               0D    682
     110    1163       0       1       0       0       0       000010001D    683
     110       1       0       2       0       0       0               0D    684
     110    1165       0       1       0       0       0       000010001D    685
     110       1       0       2       0       0       0               0D    686
     110    1167       0       1       0       0       0       000010001D    687
     110       1       0       2       0       0       0               0D    688
     110    1169       0       1       0       0       0       000010001D    689
     110       1       0       2       0       0       0               0D    690
     102    1171       0       1       0       0       0       000010001D    691
     102       1       0       1       0       0       0               0D    692
     142    1172       0       1       0       0       0       000010001D    693
     142       1       0       1       0       0       0               0D    694
     144    1173       0       1       0       0       0       000000001D    695
     144       1    -667       1       0       0       0               0D    696
     314    1174       0       1       0       0       0       000010001D    697
     314       1       0       2       0       0       0               0D    698
     110    1176       0       1       0       0       0       000010001D    699
     110       1       0       2       0       0       0               0D    700
     122    1178       0       1       0       0       0       000010001D    701
     122       1       0       1       0       0       0               0D    702
     126    1179       0       1       0       0       0       000010501D    703
     126       1       0       2       0       0       0               0D    704
     126    1181       0       1       0       0       0       000010501D    705
     126       1       0       2       0       0       0               0D    706
     126    1183       0       1       0       0       0       000010501D    707
     126       1       0       2       0       0       0               0D    708
     126    1185       0       1       0       0       0       000010501D    709
     126       1       0       2       0       0       0               0D    710
     102    1187       0       1       0       0       0       000010501D    711
     102       1       0       1       0       0       0               0D    712
     110    1188       0       1       0       0       0       000010001D    713
     110       1       0       2       0       0       0               0D    714
     110    1190       0       1       0       0       0       000010001D    715
     110       1       0       2       0       0       0               0D    716
     110    1192       0       1       0       0       0       000010001D    717
     110       1       0       2       0       0       0               0D    718
     110    1194       0       1       0       0       0       000010001D    719
     110       1       0       2       0       0       0               0D    720
     102    1196       0       1       0       0       0       000010001D    721
     102       1       0       1       0       0       0               0D    722
     142    1197       0       1       0       0       0       000010001D    723
     142       1       0       1       0       0       0               0D    724
     126    1198       0       1       0       0       0       000010501D    725
     126       1       0      68       0       0       0               0D    726
     102    1266       0       1       0       0       0       000010501D    727
     102       1       0       1       0       0       0               0D    728
     124    1267       0       1       0       0       0       000010001D    729
     124       1       0       2       0       0       0               0D    730
     100    1269       0       1       0       0     729       000010001D    731
     100       1       0       1       0       0       0               0D    732
     102    1270       0       1       0       0       0       000010001D    733
     102       1       0       1       0       0       0               0D    734
     142    1271       0       1       0       0       0       000010001D    735
     142       1       0       1       0       0       0               0D    736
     144    1272       0       1       0       0       0       000000001D    737
     144       1    -697       1       0       0       0               0D    738
     314    1273       0       1       0       0       0       000010001D    739
     314       1       0       2       0       0       0               0D    740
     110    1275       0       1       0       0       0       000010001D    741
     110       1       0       2       0       0       0               0D    742
     122    1277       0       1       0       0       0       000010001D    743
     122       1       0       1       0       0       0               0D    744
     126    1278       0       1       0       0       0       000010501D    745
     126       1       0       2       0       0       0               0D    746
     126    1280       0       1       0       0       0       000010501D    747
     126       1       0       2       0       0       0               0D    748
     126    1282       0       1       0       0       0       000010501D    749
     126       1       0       2       0       0       0               0D    750
     126    1284       0       1       0       0       0       000010501D    751
     126       1       0       2       0       0       0               0D    752
     102    1286       0       1       0       0       0       000010501D    753
     102       1       0       1       0       0       0               0D    754
     110    1287       0       1       0       0       0       000010001D    755
     110       1       0       2       0       0       0               0D    756
     110    1289       0       1       0       0       0       000010001D    757
     110       1       0       2       0       0       0               0D    758
     110    1291       0       1       0       0       0       000010001D    759
     110       1       0       2       0       0       0               0D    760
     110    1293       0       1       0       0       0       000010001D    761
     110       1       0       2       0       0       0               0D    762
     102    1295       0       1       0       0       0       000010001D    763
     102       1       0       1       0       0       0               0D    764
     142    1296       0       1       0       0       0       000010001D    765
     142       1       0       1       0       0       0               0D    766
     144    1297       0       1       0       0       0       000000001D    767
     144       1    -739       1       0       0       0               0D    768
     314    1298       0       1       0       0       0       000010001D    769
     314       1       0       2       0       0       0               0D    770
     110    1300       0       1       0       0       0       000010001D    771
     110       1       0       2       0       0       0               0D    772
     122    1302       0       1       0       0       0       000010001D    773
     122       1       0       1       0       0       0               0D    774
     126    1303       0       1       0       0       0       000010501D    775
     126       1       0       3       0       0       0               0D    776
     126    1306       0       1       0       0       0       000010501D    777
     126       1       0      10       0       0       0               0D    778
     126    1316       0       1       0       0       0       000010501D    779
     126       1       0       3       0       0       0               0D    780
     126    1319       0       1       0       0       0       000010501D    781
     126       1       0      11       0       0       0               0D    782
     126    1330       0       1       0       0       0       000010501D    783
     126       1       0       3       0       0       0               0D    784
     126    1333       0       1       0       0       0       000010501D    785
     126       1       0      11       0       0       0               0D    786
     126    1344       0       1       0       0       0       000010501D    787
     126       1       0       3       0       0       0               0D    788
     126    1347       0       1       0       0       0       000010501D    789
     126       1       0      11       0       0       0               0D    790
     102    1358       0       1       0       0       0       000010501D    791
     102       1       0       1       0       0       0               0D    792
     110    1359       0       1       0       0       0       000010001D    793
     110       1       0       2       0       0       0               0D    794
     124    1361       0       1       0       0       0       000010001D    795
     124       1       0       2       0       0       0               0D    796
     100    1363       0       1       0       0     795       000010001D    797
     100       1       0       1       0       0       0               0D    798
     110    1364       0       1       0       0       0       000010001D    799
     110       1       0       2       0       0       0               0D    800
     124    1366       0       1       0       0       0       000010001D    801
     124       1       0       2       0       0       0               0D    802
     100    1368       0       1       0       0     801       000010001D    803
     100       1       0       1       0       0       0               0D    804
     110    1369       0       1       0       0       0       000010001D    805
     110       1       0       2       0       0       0               0D    806
     124    1371       0       1       0       0       0       000010001D    807
     124       1       0       2       0       0       0               0D    808
     100    1373       0       1       0       0     807       000010001D    809
     100       1       0       1       0       0       0               0D    810
     110    1374       0       1       0       0       0       000010001D    811
     110       1       0       2       0       0       0               0D    812
     124    1376       0       1       0       0       0       000010001D    813
     124       1       0       2       0       0       0               0D    814
     100    1378       0       1       0       0     813       000010001D    815
     100       1       0       1       0       0       0               0D    816
     102    1379       0       1       0       0       0       000010001D    817
     102       1       0       1       0       0       0               0D    818
     142    1380       0       1       0       0       0       000010001D    819
     142       1       0       1       0       0       0               0D    820
     126    1381       0       1       0       0       0       000010501D    821
     126       1       0      36       0       0       0               0D    822
     102    1417       0       1       0       0       0       000010501D    823
     102       1       0       1       0       0       0               0D    824
     124    1418       0       1       0       0       0       000010001D    825
     124       1       0       2       0       0       0               0D    826
     100    1420       0       1       0       0     825       000010001D    827
     100       1       0       1       0       0       0               0D    828
     102    1421       0       1       0       0       0       000010001D    829
     102       1       0       1       0       0       0               0D    830
     142    1422       0       1       0       0       0       000010001D    831
     142       1       0       1       0       0       0               0D    832
     126    1423       0       1       0       0       0       000010501D    833
     126       1       0      36       0       0       0               0D    834
     102    1459       0       1       0       0       0       000010501D    835
     102       1       0       1       0       0       0               0D    836
     124    1460       0       1       0       0       0       000010001D    837
     124       1       0       2       0       0       0               0D    838
     100    1462       0       1       0       0     837       000010001D    839
     100       1       0       1       0       0       0               0D    840
     102    1463       0       1       0       0       0       000010001D    841
     102       1       0       1       0       0       0               0D    842
     142    1464       0       1       0       0       0       000010001D    843
     142       1       0       1       0       0       0               0D    844
     126    1465       0       1       0       0       0       000010501D    845
     126       1       0      36       0       0       0               0D    846
     102    1501       0       1       0       0       0       000010501D    847
     102       1       0       1       0       0       0               0D    848
     124    1502       0       1       0       0       0       000010001D    849
     124       1       0       2       0       0       0               0D    850
     100    1504       0       1       0       0     849       000010001D    851
     100       1       0       1       0       0       0               0D    852
     102    1505       0       1       0       0       0       000010001D    853
     102       1       0       1       0       0       0               0D    854
     142    1506       0       1       0       0       0       000010001D    855
     142       1       0       1       0       0       0               0D    856
     126    1507       0       1       0       0       0       000010501D    857
     126       1       0      36       0       0       0               0D    858
     102    1543       0       1       0       0       0       000010501D    859
     102       1       0       1       0       0       0               0D    860
     124    1544       0       1       0       0       0       000010001D    861
     124       1       0       2       0       0       0               0D    862
     100    1546       0       1       0       0     861       000010001D    863
     100       1       0       1       0       0       0               0D    864
     102    1547       0       1       0       0       0       000010001D    865
     102       1       0       1       0       0       0               0D    866
     142    1548       0       1       0       0       0       000010001D    867
     142       1       0       1       0       0       0               0D    868
     126    1549       0       1       0       0       0       000010501D    869
     126       1       0      68       0       0       0               0D    870
     102    1617       0       1       0       0       0       000010501D    871
     102       1       0       1       0       0       0               0D    872
     124    1618       0       1       0       0       0       000010001D    873
     124       1       0       2       0       0       0               0D    874
     100    1620       0       1       0       0     873       000010001D    875
     100       1       0       1       0       0       0               0D    876
     102    1621       0       1       0       0       0       000010001D    877
     102       1       0       1       0       0       0               0D    878
     142    1622       0       1       0       0       0       000010001D    879
     142       1       0       1       0       0       0               0D    880
     144    1623       0       1       0       0       0       000000001D    881
     144       1    -769       1       0       0       0               0D    882
     314    1624       0       1       0       0       0       000010001D    883
     314       1       0       2       0       0       0               0D    884
     110    1626       0       1       0       0       0       000010001D    885
     110       1       0       2       0       0       0               0D    886
     122    1628       0       1       0       0       0       000010001D    887
     122       1       0       1       0       0       0               0D    888
     126    1629       0       1       0       0       0       000010501D    889
     126       1       0       3       0       0       0               0D    890
     126    1632       0       1       0       0       0       000010501D    891
     126       1       0      11       0       0       0               0D    892
     126    1643       0       1       0       0       0       000010501D    893
     126       1       0       3       0       0       0               0D    894
     126    1646       0       1       0       0       0       000010501D    895
     126       1       0      10       0       0       0               0D    896
     126    1656       0       1       0       0       0       000010501D    897
     126       1       0       3       0       0       0               0D    898
     126    1659       0       1       0       0       0       000010501D    899
     126       1       0       9       0       0       0               0D    900
     126    1668       0       1       0       0       0       000010501D    901
     126       1       0       3       0       0       0               0D    902
     126    1671       0       1       0       0       0       000010501D    903
     126       1       0      10       0       0       0               0D    904
     102    1681       0       1       0       0       0       000010501D    905
     102       1       0       1       0       0       0               0D    906
     110    1682       0       1       0       0       0       000010001D    907
     110       1       0       2       0       0       0               0D    908
     124    1684       0       1       0       0       0       000010001D    909
     124       1       0       2       0       0       0               0D    910
     100    1686       0       1       0       0     909       000010001D    911
     100       1       0       1       0       0       0               0D    912
     110    1687       0       1       0       0       0       000010001D    913
     110       1       0       2       0       0       0               0D    914
     124    1689       0       1       0       0       0       000010001D    915
     124       1       0       2       0       0       0               0D    916
     100    1691       0       1       0       0     915       000010001D    917
     100       1       0       1       0       0       0               0D    918
     110    1692       0       1       0       0       0       000010001D    919
     110       1       0       2       0       0       0               0D    920
     124    1694       0       1       0       0       0       000010001D    921
     124       1       0       2       0       0       0               0D    922
     100    1696       0       1       0       0     921       000010001D    923
     100       1       0       1       0       0       0               0D    924
     110    1697       0       1       0       0       0       000010001D    925
     110       1       0       2       0       0       0               0D    926
     124    1699       0       1       0       0       0       000010001D    927
     124       1       0       2       0       0       0               0D    928
     100    1701       0       1       0       0     927       000010001D    929
     100       1       0       1       0       0       0               0D    930
     102    1702       0       1       0       0       0       000010001D    931
     102       1       0       1       0       0       0               0D    932
     142    1703       0       1       0       0       0       000010001D    933
     142       1       0       1       0       0       0               0D    934
     126    1704       0       1       0       0       0       000010501D    935
     126       1       0      36       0       0       0               0D    936
     102    1740       0       1       0       0       0       000010501D    937
     102       1       0       1       0       0       0               0D    938
     124    1741       0       1       0       0       0       000010001D    939
     124       1       0       2       0       0       0               0D    940
     100    1743       0       1       0       0     939       000010001D    941
     100       1       0       1       0       0       0               0D    942
     102    1744       0       1       0       0       0       000010001D    943
     102       1       0       1       0       0       0               0D    944
     142    1745       0       1       0       0       0       000010001D    945
     142       1       0       1       0       0       0               0D    946
     126    1746       0       1       0       0       0       000010501D    947
     126       1       0      36       0       0       0               0D    948
     102    1782       0       1       0       0       0       000010501D    949
     102       1       0       1       0       0       0               0D    950
     124    1783       0       1       0       0       0       000010001D    951
     124       1       0       2       0       0       0               0D    952
     100    1785       0       1       0       0     951       000010001D    953
     100       1       0       1       0       0       0               0D    954
     102    1786       0       1       0       0       0       000010001D    955
     102       1       0       1       0       0       0               0D    956
     142    1787       0       1       0       0       0       000010001D    957
     142       1       0       1       0       0       0               0D    958
     126    1788       0       1       0       0       0       000010501D    959
     126       1       0      36       0       0       0               0D    960
     102    1824       0       1       0       0       0       000010501D    961
     102       1       0       1       0       0       0               0D    962
     124    1825       0       1       0       0       0       000010001D    963
     124       1       0       2       0       0       0               0D    964
     100    1827       0       1       0       0     963       000010001D    965
     100       1       0       1       0       0       0               0D    966
     102    1828       0       1       0       0       0       000010001D    967
     102       1       0       1       0       0       0               0D    968
     142    1829       0       1       0       0       0       000010001D    969
     142       1       0       1       0       0       0               0D    970
     126    1830       0       1       0       0       0       000010501D    971
     126       1       0      36       0       0       0               0D    972
     102    1866       0       1       0       0       0       000010501D    973
     102       1       0       1       0       0       0               0D    974
     124    1867       0       1       0       0       0       000010001D    975
     124       1       0       2       0       0       0               0D    976
     100    1869       0       1       0       0     975       000010001D    977
     100       1       0       1       0       0       0               0D    978
     102    1870       0       1       0       0       0       000010001D    979
     102       1       0       1       0       0       0               0D    980
     142    1871       0       1       0       0       0       000010001D    981
     142       1       0       1       0       0       0               0D    982
     126    1872       0       1       0       0       0       000010501D    983
     126       1       0      68       0       0       0               0D    984
     102    1940       0       1       0       0       0       000010501D    985
     102       1       0       1       0       0       0               0D    986
     124    1941       0       1       0       0       0       000010001D    987
     124       1       0       2       0       0       0               0D    988
     100    1943       0       1       0       0     987       000010001D    989
     100       1       0       1       0       0       0               0D    990
     102    1944       0       1       0       0       0       000010001D    991
     102       1       0       1       0       0       0               0D    992
     142    1945       0       1       0       0       0       000010001D    993
     142       1       0       1       0       0       0               0D    994
     144    1946       0       1       0       0       0       000000001D    995
     144       1    -883       1       0       0       0               0D    996
     314    1947       0       1       0       0       0       000010001D    997
     314       1       0       2       0       0       0               0D    998
     110    1949       0       1       0       0       0       000010001D    999
     110       1       0       2       0       0       0               0D   1000
     110    1951       0       1       0       0       0       000010001D   1001
     110       1       0       2       0       0       0               0D   1002
     120    1953       0       1       0       0       0       000010001D   1003
     120       1       0       1       0       0       0               0D   1004
     126    1954       0       1       0       0       0       000010501D   1005
     126       1       0       4       0       0       0               0D   1006
     126    1958       0       1       0       0       0       000010501D   1007
     126       1       0       2       0       0       0               0D   1008
     126    1960       0       1       0       0       0       000010501D   1009
     126       1       0       4       0       0       0               0D   1010
     126    1964       0       1       0       0       0       000010501D   1011
     126       1       0       3       0       0       0               0D   1012
     102    1967       0       1       0       0       0       000010501D   1013
     102       1       0       1       0       0       0               0D   1014
     124    1968       0       1       0       0       0       000010001D   1015
     124       1       0       2       0       0       0               0D   1016
     100    1970       0       1       0       0    1015       000010001D   1017
     100       1       0       1       0       0       0               0D   1018
     110    1971       0       1       0       0       0       000010001D   1019
     110       1       0       2       0       0       0               0D   1020
     124    1973       0       1       0       0       0       000010001D   1021
     124       1       0       2       0       0       0               0D   1022
     100    1975       0       1       0       0    1021       000010001D   1023
     100       1       0       1       0       0       0               0D   1024
     110    1976       0       1       0       0       0       000010001D   1025
     110       1       0       2       0       0       0               0D   1026
     102    1978       0       1       0       0       0       000010001D   1027
     102       1       0       1       0       0       0               0D   1028
     142    1979       0       1       0       0       0       000010001D   1029
     142       1       0       1       0       0       0               0D   1030
     144    1980       0       1       0       0       0       000000001D   1031
     144       1    -997       1       0       0       0               0D   1032
     314    1981       0       1       0       0       0       000010001D   1033
     314       1       0       2       0       0       0               0D   1034
     110    1983       0       1       0       0       0       000010001D   1035
     110       1       0       2       0       0       0               0D   1036
     110    1985       0       1       0       0       0       000010001D   1037
     110       1       0       2       0       0       0               0D   1038
     120    1987       0       1       0       0       0       000010001D   1039
     120       1       0       1       0       0       0               0D   1040
     126    1988       0       1       0       0       0       000010501D   1041
     126       1       0       4       0       0       0               0D   1042
     126    1992       0       1       0       0       0       000010501D   1043
     126       1       0       2       0       0       0               0D   1044
     126    1994       0       1       0       0       0       000010501D   1045
     126       1       0       4       0       0       0               0D   1046
     126    1998       0       1       0       0       0       000010501D   1047
     126       1       0       3       0       0       0               0D   1048
     102    2001       0       1       0       0       0       000010501D   1049
     102       1       0       1       0       0       0               0D   1050
     124    2002       0       1       0       0       0       000010001D   1051
     124       1       0       2       0       0       0               0D   1052
     100    2004       0       1       0       0    1051       000010001D   1053
     100       1       0       1       0       0       0               0D   1054
     110    2005       0       1       0       0       0       000010001D   1055
     110       1       0       2       0       0       0               0D   1056
     124    2007       0       1       0       0       0       000010001D   1057
     124       1       0       2       0       0       0               0D   1058
     100    2009       0       1       0       0    1057       000010001D   1059
     100       1       0       1       0       0       0               0D   1060
     110    2010       0       1       0       0       0       000010001D   1061
     110       1       0       2       0       0       0               0D   1062
     102    2012       0       1       0       0       0       000010001D   1063
     102       1       0       1       0       0       0               0D   1064
     142    2013       0       1       0       0       0       000010001D   1065
     142       1       0       1       0       0       0               0D   1066
     144    2014       0       1       0       0       0       000000001D   1067
     144       1   -1033       1       0       0       0               0D   1068
     314    2015       0       1       0       0       0       000010001D   1069
     314       1       0       2       0       0       0               0D   1070
     110    2017       0       1       0       0       0       000010001D   1071
     110       1       0       2       0       0       0               0D   1072
     110    2019       0       1       0       0       0       000010001D   1073
     110       1       0       2       0       0       0               0D   1074
     120    2021       0       1       0       0       0       000010001D   1075
     120       1       0       1       0       0       0               0D   1076
     126    2022       0       1       0       0       0       000010501D   1077
     126       1       0       3       0       0       0               0D   1078
     126    2025       0       1       0       0       0       000010501D   1079
     126       1       0       2       0       0       0               0D   1080
     126    2027       0       1       0       0       0       000010501D   1081
     126       1       0       3       0       0       0               0D   1082
     126    2030       0       1       0       0       0       000010501D   1083
     126       1       0       3       0       0       0               0D   1084
     102    2033       0       1       0       0       0       000010501D   1085
     102       1       0       1       0       0       0               0D   1086
     124    2034       0       1       0       0       0       000010001D   1087
     124       1       0       2       0       0       0               0D   1088
     100    2036       0       1       0       0    1087       000010001D   1089
     100       1       0       1       0       0       0               0D   1090
     110    2037       0       1       0       0       0       000010001D   1091
     110       1       0       2       0       0       0               0D   1092
     124    2039       0       1       0       0       0       000010001D   1093
     124       1       0       2       0       0       0               0D   1094
     100    2041       0       1       0       0    1093       000010001D   1095
     100       1       0       1       0       0       0               0D   1096
     110    2042       0       1       0       0       0       000010001D   1097
     110       1       0       2       0       0       0               0D   1098
     102    2044       0       1       0       0       0       000010001D   1099
     102       1       0       1       0       0       0               0D   1100
     142    2045       0       1       0       0       0       000010001D   1101
     142       1       0       1       0       0       0               0D   1102
     144    2046       0       1       0       0       0       000000001D   1103
     144       1   -1069       1       0       0       0               0D   1104
     314    2047       0       1       0       0       0       000010001D   1105
     314       1       0       2       0       0       0               0D   1106
     110    2049       0       1       0       0       0       000010001D   1107
     110       1       0       2       0       0       0               0D   1108
     110    2051       0       1       0       0       0       000010001D   1109
     110       1       0       2       0       0       0               0D   1110
     120    2053       0       1       0       0       0       000010001D   1111
     120       1       0       1       0       0       0               0D   1112
     126    2054       0       1       0       0       0       000010501D   1113
     126       1       0       4       0       0       0               0D   1114
     126    2058       0       1       0       0       0       000010501D   1115
     126       1       0       2       0       0       0               0D   1116
     126    2060       0       1       0       0       0       000010501D   1117
     126       1       0       4       0       0       0               0D   1118
     126    2064       0       1       0       0       0       000010501D   1119
     126       1       0       2       0       0       0               0D   1120
     102    2066       0       1       0       0       0       000010501D   1121
     102       1       0       1       0       0       0               0D   1122
     124    2067       0       1       0       0       0       000010001D   1123
     124       1       0       2       0       0       0               0D   1124
     100    2069       0       1       0       0    1123       000010001D   1125
     100       1       0       1       0       0       0               0D   1126
     110    2070       0       1       0       0       0       000010001D   1127
     110       1       0       2       0       0       0               0D   1128
     124    2072       0       1       0       0       0       000010001D   1129
     124       1       0       2       0       0       0               0D   1130
     100    2074       0       1       0       0    1129       000010001D   1131
     100       1       0       1       0       0       0               0D   1132
     110    2075       0       1       0       0       0       000010001D   1133
     110       1       0       2       0       0       0               0D   1134
     102    2077       0       1       0       0       0       000010001D   1135
     102       1       0       1       0       0       0               0D   1136
     142    2078       0       1       0       0       0       000010001D   1137
     142       1       0       1       0       0       0               0D   1138
     144    2079       0       1       0       0       0       000000001D   1139
     144       1   -1105       1       0       0       0               0D   1140
     314    2080       0       1       0       0       0       000010001D   1141
     314       1       0       2       0       0       0               0D   1142
     110    2082       0       1       0       0       0       000010001D   1143
     110       1       0       2       0       0       0               0D   1144
     110    2084       0       1       0       0       0       000010001D   1145
     110       1       0       2       0       0       0               0D   1146
     120    2086       0       1       0       0       0       000010001D   1147
     120       1       0       1       0       0       0               0D   1148
     126    2087       0       1       0       0       0       000010501D   1149
     126       1       0       2       0       0       0               0D   1150
     126    2089       0       1       0       0       0       000010501D   1151
     126       1       0       2       0       0       0               0D   1152
     126    2091       0       1       0       0       0       000010501D   1153
     126       1       0       2       0       0       0               0D   1154
     126    2093       0       1       0       0       0       000010501D   1155
     126       1       0       2       0       0       0               0D   1156
     126    2095       0       1       0       0       0       000010501D   1157
     126       1       0       2       0       0       0               0D   1158
     126    2097       0       1       0       0       0       000010501D   1159
     126       1       0       2       0       0       0               0D   1160
     126    2099       0       1       0       0       0       000010501D   1161
     126       1       0       2       0       0       0               0D   1162
     126    2101       0       1       0       0       0       000010501D   1163
     126       1       0       2       0       0       0               0D   1164
     102    2103       0       1       0       0       0       000010501D   1165
     102       1       0       1       0       0       0               0D   1166
     124    2104       0       1       0       0       0       000010001D   1167
     124       1       0       2       0       0       0               0D   1168
     100    2106       0       1       0       0    1167       000010001D   1169
     100       1       0       1       0       0       0               0D   1170
     110    2107       0       1       0       0       0       000010001D   1171
     110       1       0       2       0       0       0               0D   1172
     124    2109       0       1       0       0       0       000010001D   1173
     124       1       0       2       0       0       0               0D   1174
     100    2111       0       1       0       0    1173       000010001D   1175
     100       1       0       1       0       0       0               0D   1176
     110    2112       0       1       0       0       0       000010001D   1177
     110       1       0       2       0       0       0               0D   1178
     102    2114       0       1       0       0       0       000010001D   1179
     102       1       0       1       0       0       0               0D   1180
     142    2115       0       1       0       0       0       000010001D   1181
     142       1       0       1       0       0       0               0D   1182
     144    2116       0       1       0       0       0       000000001D   1183
     144       1   -1141       1       0       0       0               0D   1184
     314    2117       0       1       0       0       0       000010001D   1185
     314       1       0       2       0       0       0               0D   1186
     110    2119       0       1       0       0       0       000010001D   1187
     110       1       0       2       0       0       0               0D   1188
     110    2121       0       1       0       0       0       000010001D   1189
     110       1       0       2       0       0       0               0D   1190
     120    2123       0       1       0       0       0       000010001D   1191
     120       1       0       1       0       0       0               0D   1192
     126    2124       0       1       0       0       0       000010501D   1193
     126       1       0       2       0       0       0               0D   1194
     126    2126       0       1       0       0       0       000010501D   1195
     126       1       0       2       0       0       0               0D   1196
     126    2128       0       1       0       0       0       000010501D   1197
     126       1       0       2       0       0       0               0D   1198
     126    2130       0       1       0       0       0       000010501D   1199
     126       1       0       2       0       0       0               0D   1200
     126    2132       0       1       0       0       0       000010501D   1201
     126       1       0       2       0       0       0               0D   1202
     126    2134       0       1       0       0       0       000010501D   1203
     126       1       0       2       0       0       0               0D   1204
     126    2136       0       1       0       0       0       000010501D   1205
     126       1       0       2       0       0       0               0D   1206
     126    2138       0       1       0       0       0       000010501D   1207
     126       1       0       2       0       0       0               0D   1208
     102    2140       0       1       0       0       0       000010501D   1209
     102       1       0       1       0       0       0               0D   1210
     124    2141       0       1       0       0       0       000010001D   1211
     124       1       0       2       0       0       0               0D   1212
     100    2143       0       1       0       0    1211       000010001D   1213
     100       1       0       1       0       0       0               0D   1214
     110    2144       0       1       0       0       0       000010001D   1215
     110       1       0       2       0       0       0               0D   1216
     124    2146       0       1       0       0       0       000010001D   1217
     124       1       0       2       0       0       0               0D   1218
     100    2148       0       1       0       0    1217       000010001D   1219
     100       1       0       1       0       0       0               0D   1220
     110    2149       0       1       0       0       0       000010001D   1221
     110       1       0       2       0       0       0               0D   1222
     102    2151       0       1       0       0       0       000010001D   1223
     102       1       0       1       0       0       0               0D   1224
     142    2152       0       1       0       0       0       000010001D   1225
     142       1       0       1       0       0       0               0D   1226
     144    2153       0       1       0       0       0       000000001D   1227
     144       1   -1185       1       0       0       0               0D   1228
     314    2154       0       1       0       0       0       000010001D   1229
     314       1       0       2       0       0       0               0D   1230
     110    2156       0       1       0       0       0       000010001D   1231
     110       1       0       2       0       0       0               0D   1232
     110    2158       0       1       0       0       0       000010001D   1233
     110       1       0       2       0       0       0               0D   1234
     120    2160       0       1       0       0       0       000010001D   1235
     120       1       0       1       0       0       0               0D   1236
     126    2161       0       1       0       0       0       000010501D   1237
     126       1       0       2       0       0       0               0D   1238
     126    2163       0       1       0       0       0       000010501D   1239
     126       1       0       2       0       0       0               0D   1240
     126    2165       0       1       0       0       0       000010501D   1241
     126       1       0       2       0       0       0               0D   1242
     126    2167       0       1       0       0       0       000010501D   1243
     126       1       0       2       0       0       0               0D   1244
     126    2169       0       1       0       0       0       000010501D   1245
     126       1       0       2       0       0       0               0D   1246
     126    2171       0       1       0       0       0       000010501D   1247
     126       1       0       2       0       0       0               0D   1248
     126    2173       0       1       0       0       0       000010501D   1249
     126       1       0       2       0       0       0               0D   1250
     126    2175       0       1       0       0       0       000010501D   1251
     126       1       0       2       0       0       0               0D   1252
     102    2177       0       1       0       0       0       000010501D   1253
     102       1       0       1       0       0       0               0D   1254
     124    2178       0       1       0       0       0       000010001D   1255
     124       1       0       2       0       0       0               0D   1256
     100    2180       0       1       0       0    1255       000010001D   1257
     100       1       0       1       0       0       0               0D   1258
     110    2181       0       1       0       0       0       000010001D   1259
     110       1       0       2       0       0       0               0D   1260
     124    2183       0       1       0       0       0       000010001D   1261
     124       1       0       2       0       0       0               0D   1262
     100    2185       0       1       0       0    1261       000010001D   1263
     100       1       0       1       0       0       0               0D   1264
     110    2186       0       1       0       0       0       000010001D   1265
     110       1       0       2       0       0       0               0D   1266
     102    2188       0       1       0       0       0       000010001D   1267
     102       1       0       1       0       0       0               0D   1268
     142    2189       0       1       0       0       0       000010001D   1269
     142       1       0       1       0       0       0               0D   1270
     144    2190       0       1       0       0       0       000000001D   1271
     144       1   -1229       1       0       0       0               0D   1272
     314    2191       0       1       0       0       0       000010001D   1273
     314       1       0       2       0       0       0               0D   1274
     110    2193       0       1       0       0       0       000010001D   1275
     110       1       0       2       0       0       0               0D   1276
     110    2195       0       1       0       0       0       000010001D   1277
     110       1       0       2       0       0       0               0D   1278
     120    2197       0       1       0       0       0       000010001D   1279
     120       1       0       1       0       0       0               0D   1280
     126    2198       0       1       0       0       0       000010501D   1281
     126       1       0       2       0       0       0               0D   1282
     126    2200       0       1       0       0       0       000010501D   1283
     126       1       0       2       0       0       0               0D   1284
     126    2202       0       1       0       0       0       000010501D   1285
     126       1       0       2       0       0       0               0D   1286
     126    2204       0       1       0       0       0       000010501D   1287
     126       1       0       2       0       0       0               0D   1288
     126    2206       0       1       0       0       0       000010501D   1289
     126       1       0       2       0       0       0               0D   1290
     126    2208       0       1       0       0       0       000010501D   1291
     126       1       0       2       0       0       0               0D   1292
     126    2210       0       1       0       0       0       000010501D   1293
     126       1       0       2       0       0       0               0D   1294
     126    2212       0       1       0       0       0       000010501D   1295
     126       1       0       2       0       0       0               0D   1296
     102    2214       0       1       0       0       0       000010501D   1297
     102       1       0       1       0       0       0               0D   1298
     124    2215       0       1       0       0       0       000010001D   1299
     124       1       0       2       0       0       0               0D   1300
     100    2217       0       1       0       0    1299       000010001D   1301
     100       1       0       1       0       0       0               0D   1302
     110    2218       0       1       0       0       0       000010001D   1303
     110       1       0       2       0       0       0               0D   1304
     124    2220       0       1       0       0       0       000010001D   1305
     124       1       0       2       0       0       0               0D   1306
     100    2222       0       1       0       0    1305       000010001D   1307
     100       1       0       1       0       0       0               0D   1308
     110    2223       0       1       0       0       0       000010001D   1309
     110       1       0       2       0       0       0               0D   1310
     102    2225       0       1       0       0       0       000010001D   1311
     102       1       0       1       0       0       0               0D   1312
     142    2226       0       1       0       0       0       000010001D   1313
     142       1       0       1       0       0       0               0D   1314
     144    2227       0       1       0       0       0       000000001D   1315
     144       1   -1273       1       0       0       0               0D   1316
     314    2228       0       1       0       0       0       000010001D   1317
     314       1       0       2       0       0       0               0D   1318
     110    2230       0       1       0       0       0       000010001D   1319
     110       1       0       2       0       0       0               0D   1320
     110    2232       0       1       0       0       0       000010001D   1321
     110       1       0       2       0       0       0               0D   1322
     120    2234       0       1       0       0       0       000010001D   1323
     120       1       0       1       0       0       0               0D   1324
     126    2235       0       1       0       0       0       000010501D   1325
     126       1       0       2       0       0       0               0D   1326
     126    2237       0       1       0       0       0       000010501D   1327
     126       1       0       2       0       0       0               0D   1328
     126    2239       0       1       0       0       0       000010501D   1329
     126       1       0       2       0       0       0               0D   1330
     126    2241       0       1       0       0       0       000010501D   1331
     126       1       0       2       0       0       0               0D   1332
     126    2243       0       1       0       0       0       000010501D   1333
     126       1       0       2       0       0       0               0D   1334
     126    2245       0       1       0       0       0       000010501D   1335
     126       1       0       2       0       0       0               0D   1336
     126    2247       0       1       0       0       0       000010501D   1337
     126       1       0       2       0       0       0               0D   1338
     126    2249       0       1       0       0       0       000010501D   1339
     126       1       0       2       0       0       0               0D   1340
     102    2251       0       1       0       0       0       000010501D   1341
     102       1       0       1       0       0       0               0D   1342
     124    2252       0       1       0       0       0       000010001D   1343
     124       1       0       2       0       0       0               0D   1344
     100    2254       0       1       0       0    1343       000010001D   1345
     100       1       0       1       0       0       0               0D   1346
     110    2255       0       1       0       0       0       000010001D   1347
     110       1       0       2       0       0       0               0D   1348
     124    2257       0       1       0       0       0       000010001D   1349
     124       1       0       2       0       0       0               0D   1350
     100    2259       0       1       0       0    1349       000010001D   1351
     100       1       0       1       0       0       0               0D   1352
     110    2260       0       1       0       0       0       000010001D   1353
     110       1       0       2       0       0       0               0D   1354
     102    2262       0       1       0       0       0       000010001D   1355
     102       1       0       1       0       0       0               0D   1356
     142    2263       0       1       0       0       0       000010001D   1357
     142       1       0       1       0       0       0               0D   1358
     144    2264       0       1       0       0       0       000000001D   1359
     144       1   -1317       1       0       0       0               0D   1360
     314    2265       0       1       0       0       0       000010001D   1361
     314       1       0       2       0       0       0               0D   1362
     110    2267       0       1       0       0       0       000010001D   1363
     110       1       0       2       0       0       0               0D   1364
     110    2269       0       1       0       0       0       000010001D   1365
     110       1       0       2       0       0       0               0D   1366
     120    2271       0       1       0       0       0       000010001D   1367
     120       1       0       1       0       0       0               0D   1368
     126    2272       0       1       0       0       0       000010501D   1369
     126       1       0       2       0       0       0               0D   1370
     126    2274       0       1       0       0       0       000010501D   1371
     126       1       0       2       0       0       0               0D   1372
     126    2276       0       1       0       0       0       000010501D   1373
     126       1       0       2       0       0       0               0D   1374
     126    2278       0       1       0       0       0       000010501D   1375
     126       1       0       2       0       0       0               0D   1376
     126    2280       0       1       0       0       0       000010501D   1377
     126       1       0       2       0       0       0               0D   1378
     126    2282       0       1       0       0       0       000010501D   1379
     126       1       0       2       0       0       0               0D   1380
     126    2284       0       1       0       0       0       000010501D   1381
     126       1       0       2       0       0       0               0D   1382
     126    2286       0       1       0       0       0       000010501D   1383
     126       1       0       2       0       0       0               0D   1384
     102    2288       0       1       0       0       0       000010501D   1385
     102       1       0       1       0       0       0               0D   1386
     124    2289       0       1       0       0       0       000010001D   1387
     124       1       0       2       0       0       0               0D   1388
     100    2291       0       1       0       0    1387       000010001D   1389
     100       1       0       1       0       0       0               0D   1390
     110    2292       0       1       0       0       0       000010001D   1391
     110       1       0       2       0       0       0               0D   1392
     124    2294       0       1       0       0       0       000010001D   1393
     124       1       0       2       0       0       0               0D   1394
     100    2296       0       1       0       0    1393       000010001D   1395
     100       1       0       1       0       0       0               0D   1396
     110    2297       0       1       0       0       0       000010001D   1397
     110       1       0       2       0       0       0               0D   1398
     102    2299       0       1       0       0       0       000010001D   1399
     102       1       0       1       0       0       0               0D   1400
     142    2300       0       1       0       0       0       000010001D   1401
     142       1       0       1       0       0       0               0D   1402
     144    2301       0       1       0       0       0       000000001D   1403
     144       1   -1361       1       0       0       0               0D   1404
     314    2302       0       1       0       0       0       000010001D   1405
     314       1       0       2       0       0       0               0D   1406
     110    2304       0       1       0       0       0       000010001D   1407
     110       1       0       2       0       0       0               0D   1408
     110    2306       0       1       0       0       0       000010001D   1409
     110       1       0       2       0       0       0               0D   1410
     120    2308       0       1       0       0       0       000010001D   1411
     120       1       0       1       0       0       0               0D   1412
     126    2309       0       1       0       0       0       000010501D   1413
     126       1       0       2       0       0       0               0D   1414
     126    2311       0       1       0       0       0       000010501D   1415
     126       1       0       2       0       0       0               0D   1416
     126    2313       0       1       0       0       0       000010501D   1417
     126       1       0       2       0       0       0               0D   1418
     126    2315       0       1       0       0       0       000010501D   1419
     126       1       0       2       0       0       0               0D   1420
     126    2317       0       1       0       0       0       000010501D   1421
     126       1       0       2       0       0       0               0D   1422
     126    2319       0       1       0       0       0       000010501D   1423
     126       1       0       2       0       0       0               0D   1424
     126    2321       0       1       0       0       0       000010501D   1425
     126       1       0       2       0       0       0               0D   1426
     126    2323       0       1       0       0       0       000010501D   1427
     126       1       0       2       0       0       0               0D   1428
     102    2325       0       1       0       0       0       000010501D   1429
     102       1       0       1       0       0       0               0D   1430
     124    2326       0       1       0       0       0       000010001D   1431
     124       1       0       2       0       0       0               0D   1432
     100    2328       0       1       0       0    1431       000010001D   1433
     100       1       0       1       0       0       0               0D   1434
     110    2329       0       1       0       0       0       000010001D   1435
     110       1       0       2       0       0       0               0D   1436
     124    2331       0       1       0       0       0       000010001D   1437
     124       1       0       2       0       0       0               0D   1438
     100    2333       0       1       0       0    1437       000010001D   1439
     100       1       0       1       0       0       0               0D   1440
     110    2334       0       1       0       0       0       000010001D   1441
     110       1       0       2       0       0       0               0D   1442
     102    2336       0       1       0       0       0       000010001D   1443
     102       1       0       1       0       0       0               0D   1444
     142    2337       0       1       0       0       0       000010001D   1445
     142       1       0       1       0       0       0               0D   1446
     144    2338       0       1       0       0       0       000000001D   1447
     144       1   -1405       1       0       0       0               0D   1448
     314    2339       0       1       0       0       0       000010001D   1449
     314       1       0       2       0       0       0               0D   1450
     110    2341       0       1       0       0       0       000010001D   1451
     110       1       0       2       0       0       0               0D   1452
     110    2343       0       1       0       0       0       000010001D   1453
     110       1       0       2       0       0       0               0D   1454
     120    2345       0       1       0       0       0       000010001D   1455
     120       1       0       1       0       0       0               0D   1456
     126    2346       0       1       0       0       0       000010501D   1457
     126       1       0       2       0       0       0               0D   1458
     126    2348       0       1       0       0       0       000010501D   1459
     126       1       0       2       0       0       0               0D   1460
     126    2350       0       1       0       0       0       000010501D   1461
     126       1       0       2       0       0       0               0D   1462
     126    2352       0       1       0       0       0       000010501D   1463
     126       1       0       2       0       0       0               0D   1464
     126    2354       0       1       0       0       0       000010501D   1465
     126       1       0       2       0       0       0               0D   1466
     126    2356       0       1       0       0       0       000010501D   1467
     126       1       0       2       0       0       0               0D   1468
     126    2358       0       1       0       0       0       000010501D   1469
     126       1       0       2       0       0       0               0D   1470
     126    2360       0       1       0       0       0       000010501D   1471
     126       1       0       2       0       0       0               0D   1472
     102    2362       0       1       0       0       0       000010501D   1473
     102       1       0       1       0       0       0               0D   1474
     124    2363       0       1       0       0       0       000010001D   1475
     124       1       0       2       0       0       0               0D   1476
     100    2365       0       1       0       0    1475       000010001D   1477
     100       1       0       1       0       0       0               0D   1478
     110    2366       0       1       0       0       0       000010001D   1479
     110       1       0       2       0       0       0               0D   1480
     124    2368       0       1       0       0       0       000010001D   1481
     124       1       0       2       0       0       0               0D   1482
     100    2370       0       1       0       0    1481       000010001D   1483
     100       1       0       1       0       0       0               0D   1484
     110    2371       0       1       0       0       0       000010001D   1485
     110       1       0       2       0       0       0               0D   1486
     102    2373       0       1       0       0       0       000010001D   1487
     102       1       0       1       0       0       0               0D   1488
     142    2374       0       1       0       0       0       000010001D   1489
     142       1       0       1       0       0       0               0D   1490
     144    2375       0       1       0       0       0       000000001D   1491
     144       1   -1449       1       0       0       0               0D   1492
314,61.5686297416687,81.17647171020508,92.9411768913269,10HMixed       1P      1
Color;                                                                 1P      2
110,-0.01092391163111,0.03958695456386,0.,-0.01092391163111,           3P      3
0.03958695456386,1.;                                                   3P      4
110,0.05657608836889,0.03958695456386,0.144,0.05657608836889,          5P      5
0.03958695456386,0.15;                                                 5P      6
120,3,5,0.,6.28318530717959;                                           7P      7
126,1,1,1,0,1,0,-6.28318530717959,-6.28318530717959,0.,0.,1.,1.,       9P      8
0.,6.28318530717959,0.,0.,0.,0.,-6.28318530717959,0.,0.,0.,1.;         9P      9
126,1,1,1,0,1,0,0.,0.,1.,1.,1.,1.,0.,0.,0.,0.,6.28318530717959,       11P     10
0.,0.,1.,0.,0.,1.;                                                    11P     11
126,1,1,1,0,1,0,0.144,0.144,0.15,0.15,1.,1.,0.,6.28318530717959,      13P     12
0.,1.,6.28318530717959,0.,0.144,0.15,0.,0.,1.;                        13P     13
126,1,1,1,0,1,0,0.,0.,1.,1.,1.,1.,1.,6.28318530717959,0.,1.,0.,       15P     14
0.,0.,1.,0.,0.,1.;                                                    15P     15
126,1,1,1,0,1,0,0.,0.,6.28318530717959,6.28318530717959,1.,1.,        17P     16
1.,0.,0.,1.,6.28318530717959,0.,0.,6.28318530717959,0.,0.,1.;         17P     17
126,1,1,1,0,1,0,0.,0.,1.,1.,1.,1.,1.,6.28318530717959,0.,1.,0.,       19P     18
0.,0.,1.,0.,0.,1.;                                                    19P     19
126,1,1,1,0,1,0,-0.15,-0.15,-0.144,-0.144,1.,1.,1.,0.,0.,0.,0.,       21P     20
0.,-0.15,-0.144,0.,0.,1.;                                             21P     21
126,1,1,1,0,1,0,0.,0.,1.,1.,1.,1.,0.,0.,0.,0.,6.28318530717959,       23P     22
0.,0.,1.,0.,0.,1.;                                                    23P     23
102,8,9,11,13,15,17,19,21,23;                                         25P     24
124,1.,0.,0.,-0.01092391163111,0.,-1.,0.,0.03958695456386,0.,0.,      27P     25
-1.,0.144;                                                            27P     26
100,0.,0.,0.,0.0675,0.,0.0675,0.;                                     29P     27
110,0.05657608836889,0.03958695456386,0.144,0.05657608836889,         31P     28
0.03958695456386,0.15;                                                31P     29
124,1.,0.,0.,-0.01092391163111,0.,1.,0.,0.03958695456386,0.,0.,       33P     30
1.,0.15;                                                              33P     31
100,0.,0.,0.,0.0675,0.,0.0675,-0.;                                    35P     32
110,0.05657608836889,0.03958695456386,0.15,0.05657608836889,          37P     33
0.03958695456386,0.144;                                               37P     34
102,4,29,31,35,37;                                                    39P     35
142,1,7,25,39,2;                                                      41P     36
144,7,1,0,41;                                                         43P     37
314,61.5686297416687,81.17647171020508,92.9411768913269,10HMixed      45P     38
Color;                                                                45P     39
110,-0.01092391163111,0.03958695456386,0.,-0.01092391163111,          47P     40
0.03958695456386,1.;                                                  47P     41
110,0.05657608836889,0.03958695456386,0.,0.05657608836889,            49P     42
0.03958695456386,0.006;                                               49P     43
120,47,49,0.,6.28318530717959;                                        51P     44
126,1,1,1,0,1,0,-6.28318530717959,-6.28318530717959,0.,0.,1.,1.,      53P     45
0.,6.28318530717959,0.,0.,0.,0.,-6.28318530717959,0.,0.,0.,1.;        53P     46
126,1,1,1,0,1,0,0.,0.,1.,1.,1.,1.,0.,0.,0.,0.,6.28318530717959,       55P     47
0.,0.,1.,0.,0.,1.;                                                    55P     48
126,1,1,1,0,1,0,0.,0.,0.006,0.006,1.,1.,0.,6.28318530717959,0.,       57P     49
1.,6.28318530717959,0.,0.,0.006,0.,0.,1.;                             57P     50
126,1,1,1,0,1,0,0.,0.,1.,1.,1.,1.,1.,6.28318530717959,0.,1.,0.,       59P     51
0.,0.,1.,0.,0.,1.;                                                    59P     52
126,1,1,1,0,1,0,0.,0.,6.28318530717959,6.28318530717959,1.,1.,        61P     53
1.,0.,0.,1.,6.28318530717959,0.,0.,6.28318530717959,0.,0.,1.;         61P     54
126,1,1,1,0,1,0,0.,0.,1.,1.,1.,1.,1.,6.28318530717959,0.,1.,0.,       63P     55
0.,0.,1.,0.,0.,1.;                                                    63P     56
126,1,1,1,0,1,0,-0.006,-0.006,0.,0.,1.,1.,1.,0.,0.,0.,0.,0.,          65P     57
-0.006,0.,0.,0.,1.;                                                   65P     58
126,1,1,1,0,1,0,0.,0.,1.,1.,1.,1.,0.,0.,0.,0.,6.28318530717959,       67P     59
0.,0.,1.,0.,0.,1.;                                                    67P     60
102,8,53,55,57,59,61,63,65,67;                                        69P     61
124,1.,0.,0.,-0.01092391163111,0.,-1.,0.,0.03958695456386,0.,0.,      71P     62
-1.,0.;                                                               71P     63
100,0.,0.,0.,0.0675,0.,0.0675,0.;                                     73P     64
110,0.05657608836889,0.03958695456386,0.,0.05657608836889,            75P     65
0.03958695456386,0.006;                                               75P     66
124,1.,0.,0.,-0.01092391163111,0.,1.,0.,0.03958695456386,0.,0.,       77P     67
1.,0.006;                                                             77P     68
100,0.,0.,0.,0.0675,0.,0.0675,-0.;                                    79P     69
110,0.05657608836889,0.03958695456386,0.006,0.05657608836889,         81P     70
0.03958695456386,0.;                                                  81P     71
102,4,73,75,79,81;                                                    83P     72
142,1,51,69,83,2;                                                     85P     73
144,51,1,0,85;                                                        87P     74
314,61.5686297416687,81.17647171020508,92.9411768913269,10HMixed      89P     75
Color;                                                                89P     76
110,-0.07792391163111,0.11458695456386,0.,-0.07792391163111,          91P     77
0.11458695456386,0.15;                                                91P     78
122,91,0.05607608836889,0.11458695456386,0.;                          93P     79
126,1,1,1,0,1,0,-0.067,-0.067,0.067,0.067,1.,1.,0.,1.,0.,0.,0.,       95P     80
0.,-0.067,0.067,0.,0.,1.;                                             95P     81
126,1,1,1,0,1,0,-0.15,-0.15,0.,0.,1.,1.,0.,0.,0.,1.,0.,0.,-0.15,      97P     82
0.,0.,0.,1.;                                                          97P     83
126,1,1,1,0,1,0,-0.067,-0.067,0.067,0.067,1.,1.,1.,0.,0.,1.,1.,       99P     84
0.,-0.067,0.067,0.,0.,1.;                                             99P     85
126,1,1,1,0,1,0,0.,0.,0.15,0.15,1.,1.,1.,1.,0.,0.,1.,0.,0.,0.15,     101P     86
0.,0.,1.;                                                            101P     87
102,4,95,97,99,101;                                                  103P     88
110,0.05607608836889,0.11458695456386,0.,-0.07792391163111,          105P     89
0.11458695456386,0.;                                                 105P     90
110,-0.07792391163111,0.11458695456386,0.,-0.07792391163111,         107P     91
0.11458695456386,0.15;                                               107P     92
110,-0.07792391163111,0.11458695456386,0.15,0.05607608836889,        109P     93
0.11458695456386,0.15;                                               109P     94
110,0.05607608836889,0.11458695456386,0.15,0.05607608836889,         111P     95
0.11458695456386,0.;                                                 111P     96
102,4,105,107,109,111;                                               113P     97
142,1,93,103,113,2;                                                  115P     98
144,93,1,0,115;                                                      117P     99
314,61.5686297416687,81.17647171020508,92.9411768913269,10HMixed     119P    100
Color;                                                               119P    101
110,-0.08592391163111,0.10658695456386,0.,-0.08592391163111,         121P    102
-0.02741304543614,0.;                                                121P    103
122,121,-0.08592391163111,0.10658695456386,0.15;                     123P    104
126,1,1,1,0,1,0,-0.067,-0.067,0.067,0.067,1.,1.,1.,1.,0.,0.,1.,      125P    105
0.,-0.067,0.067,0.,0.,1.;                                            125P    106
126,1,1,1,0,1,0,-0.15,-0.15,0.,0.,1.,1.,0.,1.,0.,0.,0.,0.,-0.15,     127P    107
0.,0.,0.,1.;                                                         127P    108
126,1,1,1,0,1,0,-0.067,-0.067,0.067,0.067,1.,1.,0.,0.,0.,1.,0.,      129P    109
0.,-0.067,0.067,0.,0.,1.;                                            129P    110
126,1,1,1,0,1,0,-0.15,-0.15,0.,0.,1.,1.,1.,0.,0.,1.,1.,0.,-0.15,     131P    111
0.,0.,0.,1.;                                                         131P    112
102,4,125,127,129,131;                                               133P    113
110,-0.08592391163111,-0.02741304543614,0.15,-0.08592391163111,      135P    114
0.10658695456386,0.15;                                               135P    115
110,-0.08592391163111,0.10658695456386,0.15,-0.08592391163111,       137P    116
0.10658695456386,0.;                                                 137P    117
110,-0.08592391163111,0.10658695456386,0.,-0.08592391163111,         139P    118
-0.02741304543614,0.;                                                139P    119
110,-0.08592391163111,-0.02741304543614,0.,-0.08592391163111,        141P    120
-0.02741304543614,0.15;                                              141P    121
102,4,135,137,139,141;                                               143P    122
142,1,123,133,143,2;                                                 145P    123
144,123,1,0,145;                                                     147P    124
314,61.5686297416687,81.17647171020508,92.9411768913269,10HMixed     149P    125
Color;                                                               149P    126
110,-0.07792391163111,-0.03541304543614,0.15,-0.07792391163111,      151P    127
-0.03541304543614,0.;                                                151P    128
122,151,0.05607608836889,-0.03541304543614,0.15;                     153P    129
126,1,1,1,0,1,0,-0.067,-0.067,0.067,0.067,1.,1.,1.,0.,0.,1.,1.,      155P    130
0.,-0.067,0.067,0.,0.,1.;                                            155P    131
126,1,1,1,0,1,0,-0.15,-0.15,0.,0.,1.,1.,1.,1.,0.,0.,1.,0.,-0.15,     157P    132
0.,0.,0.,1.;                                                         157P    133
126,1,1,1,0,1,0,-0.067,-0.067,0.067,0.067,1.,1.,0.,1.,0.,0.,0.,      159P    134
0.,-0.067,0.067,0.,0.,1.;                                            159P    135
126,1,1,1,0,1,0,0.,0.,0.15,0.15,1.,1.,0.,0.,0.,1.,0.,0.,0.,0.15,     161P    136
0.,0.,1.;                                                            161P    137
102,4,155,157,159,161;                                               163P    138
110,-0.07792391163111,-0.03541304543614,0.,0.05607608836889,         165P    139
-0.03541304543614,0.;                                                165P    140
110,0.05607608836889,-0.03541304543614,0.,0.05607608836889,          167P    141
-0.03541304543614,0.15;                                              167P    142
110,0.05607608836889,-0.03541304543614,0.15,-0.07792391163111,       169P    143
-0.03541304543614,0.15;                                              169P    144
110,-0.07792391163111,-0.03541304543614,0.15,-0.07792391163111,      171P    145
-0.03541304543614,0.;                                                171P    146
102,4,165,167,169,171;                                               173P    147
142,1,153,163,173,2;                                                 175P    148
126,64,2,1,1,1,1,-6.28318530717959,-6.28318530717959,                177P    149
-6.28318530717959,-6.08683576633022,-6.08683576633022,               177P    150
-5.89048622548086,-5.89048622548086,-5.6941366846315,                177P    151
-5.6941366846315,-5.49778714378214,-5.49778714378214,                177P    152
-5.30143760293278,-5.30143760293278,-5.10508806208341,               177P    153
-5.10508806208341,-4.90873852123405,-4.90873852123405,               177P    154
-4.71238898038469,-4.71238898038469,-4.51603943953533,               177P    155
-4.51603943953533,-4.31968989868597,-4.31968989868597,               177P    156
-4.1233403578366,-4.1233403578366,-3.92699081698724,                 177P    157
-3.92699081698724,-3.73064127613788,-3.73064127613788,               177P    158
-3.53429173528852,-3.53429173528852,-3.33794219443916,               177P    159
-3.33794219443916,-3.14159265358979,-3.14159265358979,               177P    160
-2.94524311274043,-2.94524311274043,-2.74889357189107,               177P    161
-2.74889357189107,-2.55254403104171,-2.55254403104171,               177P    162
-2.35619449019234,-2.35619449019234,-2.15984494934298,               177P    163
-2.15984494934298,-1.96349540849362,-1.96349540849362,               177P    164
-1.76714586764426,-1.76714586764426,-1.5707963267949,                177P    165
-1.5707963267949,-1.37444678594553,-1.37444678594553,                177P    166
-1.17809724509617,-1.17809724509617,-0.98174770424681,               177P    167
-0.98174770424681,-0.78539816339745,-0.78539816339745,               177P    168
-0.58904862254809,-0.58904862254809,-0.39269908169872,               177P    169
-0.39269908169872,-0.19634954084936,-0.19634954084936,0.,0.,0.,      177P    170
1.,1.,1.,1.,1.,1.,1.,1.,1.,1.,1.,1.,1.,1.,1.,1.,1.,1.,1.,1.,1.,      177P    171
1.,1.,1.,1.,1.,1.,1.,1.,1.,1.,1.,1.,1.,1.,1.,1.,1.,1.,1.,1.,1.,      177P    172
1.,1.,1.,1.,1.,1.,1.,1.,1.,1.,1.,1.,1.,1.,1.,1.,1.,1.,1.,1.,1.,      177P    173
1.,1.,0.9,0.5,0.,0.9,0.45589937163112,0.,0.89231411216129,           177P    174
0.41264612447039,0.,0.88462822432258,0.36939287730966,0.,            177P    175
0.86955181300451,0.32864920938877,0.,0.85447540168644,               177P    176
0.28790554146787,0.,0.83258784492102,0.2512372090957,0.,             177P    177
0.81070028815559,0.21456887672353,0.,0.78284271247462,               177P    178
0.18338502334931,0.,0.75498513679365,0.15220116997508,0.,            177P    179
0.72222809320784,0.12770017359588,0.,0.68947104962203,               177P    180
0.10319917721667,0.,0.65307337294604,0.08632259738301,0.,            177P    181
0.61667569627004,0.06944601754935,0.,0.57803612880645,               177P    182
0.06084241175975,0.,0.53939656134287,0.05223880597015,0.,0.5,        177P    183
0.05223880597015,0.,0.46060343865713,0.05223880597015,0.,            177P    184
0.42196387119355,0.06084241175975,0.,0.38332430372996,               177P    185
0.06944601754935,0.,0.34692662705396,0.08632259738301,0.,            177P    186
0.31052895037796,0.10319917721667,0.,0.27777190679216,               177P    187
0.12770017359588,0.,0.24501486320635,0.15220116997508,0.,            177P    188
0.21715728752538,0.18338502334931,0.,0.18929971184441,               177P    189
0.21456887672353,0.,0.16741215507898,0.2512372090957,0.,             177P    190
0.14552459831355,0.28790554146787,0.,0.13044818699549,               177P    191
0.32864920938877,0.,0.11537177567742,0.36939287730966,0.,            177P    192
0.10768588783871,0.41264612447039,0.,0.1,0.45589937163112,0.,        177P    193
0.1,0.5,0.,0.1,0.54410062836888,0.,0.10768588783871,                 177P    194
0.58735387552961,0.,0.11537177567742,0.63060712269034,0.,            177P    195
0.13044818699549,0.67135079061123,0.,0.14552459831355,               177P    196
0.71209445853213,0.,0.16741215507898,0.7487627909043,0.,             177P    197
0.18929971184441,0.78543112327647,0.,0.21715728752538,               177P    198
0.81661497665069,0.,0.24501486320635,0.84779883002492,0.,            177P    199
0.27777190679216,0.87229982640412,0.,0.31052895037797,               177P    200
0.89680082278333,0.,0.34692662705396,0.91367740261699,0.,            177P    201
0.38332430372996,0.93055398245065,0.,0.42196387119355,               177P    202
0.93915758824025,0.,0.46060343865713,0.94776119402985,0.,0.5,        177P    203
0.94776119402985,0.,0.53939656134287,0.94776119402985,0.,            177P    204
0.57803612880645,0.93915758824025,0.,0.61667569627004,               177P    205
0.93055398245065,0.,0.65307337294604,0.91367740261699,0.,            177P    206
0.68947104962203,0.89680082278333,0.,0.72222809320784,               177P    207
0.87229982640412,0.,0.75498513679365,0.84779883002492,0.,            177P    208
0.78284271247462,0.81661497665069,0.,0.81070028815559,               177P    209
0.78543112327647,0.,0.83258784492102,0.7487627909043,0.,             177P    210
0.85447540168645,0.71209445853213,0.,0.86955181300451,               177P    211
0.67135079061123,0.,0.88462822432258,0.63060712269034,0.,            177P    212
0.89231411216129,0.58735387552961,0.,0.9,0.54410062836888,0.,        177P    213
0.9,0.5,0.,-6.28318530717959,0.,0.,0.,1.;                            177P    214
102,1,177;                                                           179P    215
124,0.,-1.,0.,-0.01092391163111,0.,0.,1.,-0.03541304543614,-1.,      181P    216
0.,0.,0.075;                                                         181P    217
100,0.,0.,0.,0.06,0.,0.06,0.;                                        183P    218
102,1,183;                                                           185P    219
142,1,153,179,185,2;                                                 187P    220
144,153,1,1,175,187;                                                 189P    221
314,61.5686297416687,81.17647171020508,92.9411768913269,10HMixed     191P    222
Color;                                                               191P    223
110,0.06407608836889,-0.02741304543614,0.15,0.06407608836889,        193P    224
-0.02741304543614,0.;                                                193P    225
122,193,0.06407608836889,0.10658695456386,0.15;                      195P    226
126,1,1,1,0,1,0,-0.067,-0.067,0.067,0.067,1.,1.,1.,0.,0.,1.,1.,      197P    227
0.,-0.067,0.067,0.,0.,1.;                                            197P    228
126,1,1,1,0,1,0,-0.15,-0.15,0.,0.,1.,1.,1.,1.,0.,0.,1.,0.,-0.15,     199P    229
0.,0.,0.,1.;                                                         199P    230
126,1,1,1,0,1,0,-0.067,-0.067,0.067,0.067,1.,1.,0.,1.,0.,0.,0.,      201P    231
0.,-0.067,0.067,0.,0.,1.;                                            201P    232
126,1,1,1,0,1,0,-0.15,-0.15,0.,0.,1.,1.,0.,0.,0.,1.,0.,0.,-0.15,     203P    233
0.,0.,0.,1.;                                                         203P    234
102,4,197,199,201,203;                                               205P    235
110,0.06407608836889,-0.02741304543614,0.,0.06407608836889,          207P    236
0.10658695456386,0.;                                                 207P    237
110,0.06407608836889,0.10658695456386,0.,0.06407608836889,           209P    238
0.10658695456386,0.15;                                               209P    239
110,0.06407608836889,0.10658695456386,0.15,0.06407608836889,         211P    240
-0.02741304543614,0.15;                                              211P    241
110,0.06407608836889,-0.02741304543614,0.15,0.06407608836889,        213P    242
-0.02741304543614,0.;                                                213P    243
102,4,207,209,211,213;                                               215P    244
142,1,195,205,215,2;                                                 217P    245
144,195,1,0,217;                                                     219P    246
314,61.5686297416687,81.17647171020508,92.9411768913269,10HMixed     221P    247
Color;                                                               221P    248
110,-0.08592391163111,-0.03541304543614,0.15,0.06407608836889,       223P    249
-0.03541304543614,0.15;                                              223P    250
122,223,-0.08592391163111,0.11458695456386,0.15;                     225P    251
126,1,1,1,0,1,0,-0.067,-0.067,0.067,0.067,1.,1.,                     227P    252
0.94666666666667,1.,0.,0.05333333333333,1.,0.,-0.067,0.067,0.,       227P    253
0.,1.;                                                               227P    254
126,16,2,1,0,1,0,1.5707963267949,1.5707963267949,                    229P    255
1.5707963267949,1.76714586764426,1.76714586764426,                   229P    256
1.96349540849362,1.96349540849362,2.15984494934298,                  229P    257
2.15984494934298,2.35619449019234,2.35619449019234,                  229P    258
2.55254403104171,2.55254403104171,2.74889357189107,                  229P    259
2.74889357189107,2.94524311274043,2.94524311274043,                  229P    260
3.14159265358979,3.14159265358979,3.14159265358979,1.,1.,1.,1.,      229P    261
1.,1.,1.,1.,1.,1.,1.,1.,1.,1.,1.,1.,1.,0.05333333333333,1.,0.,       229P    262
0.04808045848762,1.,0.,0.04292851615914,0.99897521495484,0.,         229P    263
0.03777657383066,0.99795042990968,0.,0.03292355027386,               229P    264
0.99594024173394,0.,0.02807052671706,0.99393005355819,0.,            229P    265
0.02370292090562,0.99101171265614,0.,0.01933531509418,               229P    266
0.98809337175408,0.,0.01562097167005,0.98437902832995,0.,            229P    267
0.01190662824592,0.98066468490582,0.,0.00898828734386,               229P    268
0.97629707909438,0.,0.00606994644181,0.97192947328294,0.,            229P    269
0.00405975826606,0.96707644972614,0.,0.00204957009032,               229P    270
0.96222342616934,0.,0.00102478504516,0.95707148384086,0.,0.,         229P    271
0.95191954151238,0.,0.,0.94666666666667,0.,1.5707963267949,          229P    272
3.14159265358979,0.,0.,1.;                                           229P    273
126,1,1,1,0,1,0,-0.067,-0.067,0.067,0.067,1.,1.,0.,                  231P    274
0.94666666666667,0.,0.,0.05333333333333,0.,-0.067,0.067,0.,0.,       231P    275
1.;                                                                  231P    276
126,16,2,1,0,1,0,3.14159265358979,3.14159265358979,                  233P    277
3.14159265358979,3.33794219443916,3.33794219443916,                  233P    278
3.53429173528852,3.53429173528852,3.73064127613788,                  233P    279
3.73064127613788,3.92699081698724,3.92699081698724,                  233P    280
4.1233403578366,4.1233403578366,4.31968989868597,                    233P    281
4.31968989868597,4.51603943953533,4.51603943953533,                  233P    282
4.71238898038469,4.71238898038469,4.71238898038469,1.,1.,1.,1.,      233P    283
1.,1.,1.,1.,1.,1.,1.,1.,1.,1.,1.,1.,1.,0.,0.05333333333333,0.,       233P    284
0.,0.04808045848762,0.,0.00102478504516,0.04292851615914,0.,         233P    285
0.00204957009032,0.03777657383066,0.,0.00405975826606,               233P    286
0.03292355027386,0.,0.00606994644181,0.02807052671706,0.,            233P    287
0.00898828734386,0.02370292090562,0.,0.01190662824592,               233P    288
0.01933531509418,0.,0.01562097167005,0.01562097167005,0.,            233P    289
0.01933531509418,0.01190662824592,0.,0.02370292090562,               233P    290
0.00898828734386,0.,0.02807052671706,0.00606994644181,0.,            233P    291
0.03292355027386,0.00405975826606,0.,0.03777657383066,               233P    292
0.00204957009032,0.,0.04292851615914,0.00102478504516,0.,            233P    293
0.04808045848762,0.,0.,0.05333333333333,0.,0.,3.14159265358979,      233P    294
4.71238898038469,0.,0.,1.;                                           233P    295
126,1,1,1,0,1,0,-0.067,-0.067,0.067,0.067,1.,1.,                     235P    296
0.05333333333333,0.,0.,0.94666666666667,0.,0.,-0.067,0.067,0.,       235P    297
0.,1.;                                                               235P    298
126,16,2,1,0,1,0,4.71238898038469,4.71238898038469,                  237P    299
4.71238898038469,4.90873852123405,4.90873852123405,                  237P    300
5.10508806208341,5.10508806208341,5.30143760293278,                  237P    301
5.30143760293278,5.49778714378214,5.49778714378214,                  237P    302
5.6941366846315,5.6941366846315,5.89048622548086,                    237P    303
5.89048622548086,6.08683576633022,6.08683576633022,                  237P    304
6.28318530717959,6.28318530717959,6.28318530717959,1.,1.,1.,1.,      237P    305
1.,1.,1.,1.,1.,1.,1.,1.,1.,1.,1.,1.,1.,0.94666666666667,0.,0.,       237P    306
0.95191954151238,0.,0.,0.95707148384086,0.00102478504516,0.,         237P    307
0.96222342616934,0.00204957009032,0.,0.96707644972614,               237P    308
0.00405975826606,0.,0.97192947328294,0.00606994644181,0.,            237P    309
0.97629707909438,0.00898828734386,0.,0.98066468490582,               237P    310
0.01190662824592,0.,0.98437902832995,0.01562097167005,0.,            237P    311
0.98809337175408,0.01933531509418,0.,0.99101171265614,               237P    312
0.02370292090562,0.,0.99393005355819,0.02807052671706,0.,            237P    313
0.99594024173394,0.03292355027386,0.,0.99795042990968,               237P    314
0.03777657383066,0.,0.99897521495484,0.04292851615914,0.,1.,         237P    315
0.04808045848762,0.,1.,0.05333333333333,0.,4.71238898038469,         237P    316
6.28318530717959,0.,0.,1.;                                           237P    317
126,1,1,1,0,1,0,-0.067,-0.067,0.067,0.067,1.,1.,1.,                  239P    318
0.05333333333333,0.,1.,0.94666666666667,0.,-0.067,0.067,0.,0.,       239P    319
1.;                                                                  239P    320
126,16,2,1,0,1,0,0.,0.,0.,0.19634954084936,0.19634954084936,         241P    321
0.39269908169872,0.39269908169872,0.58904862254809,                  241P    322
0.58904862254809,0.78539816339745,0.78539816339745,                  241P    323
0.98174770424681,0.98174770424681,1.17809724509617,                  241P    324
1.17809724509617,1.37444678594553,1.37444678594553,                  241P    325
1.5707963267949,1.5707963267949,1.5707963267949,1.,1.,1.,1.,1.,      241P    326
1.,1.,1.,1.,1.,1.,1.,1.,1.,1.,1.,1.,1.,0.94666666666667,0.,1.,       241P    327
0.95191954151238,0.,0.99897521495484,0.95707148384086,0.,            241P    328
0.99795042990968,0.96222342616934,0.,0.99594024173394,               241P    329
0.96707644972614,0.,0.99393005355819,0.97192947328294,0.,            241P    330
0.99101171265614,0.97629707909438,0.,0.98809337175408,               241P    331
0.98066468490582,0.,0.98437902832995,0.98437902832995,0.,            241P    332
0.98066468490582,0.98809337175408,0.,0.97629707909438,               241P    333
0.99101171265614,0.,0.97192947328294,0.99393005355819,0.,            241P    334
0.96707644972614,0.99594024173394,0.,0.96222342616934,               241P    335
0.99795042990968,0.,0.95707148384086,0.99897521495484,0.,            241P    336
0.95191954151238,1.,0.,0.94666666666667,1.,0.,0.,                    241P    337
1.5707963267949,0.,0.,1.;                                            241P    338
102,8,227,229,231,233,235,237,239,241;                               243P    339
110,0.05607608836889,0.11458695456386,0.15,-0.07792391163111,        245P    340
0.11458695456386,0.15;                                               245P    341
124,1.,0.,0.,-0.07792391163111,0.,1.,0.,0.10658695456386,0.,0.,      247P    342
1.,0.15;                                                             247P    343
100,0.,0.,0.,0.,0.008,-0.008,0.;                                     249P    344
110,-0.08592391163111,0.10658695456386,0.15,-0.08592391163111,       251P    345
-0.02741304543614,0.15;                                              251P    346
124,1.,0.,0.,-0.07792391163111,0.,1.,0.,-0.02741304543614,0.,0.,     253P    347
1.,0.15;                                                             253P    348
100,0.,0.,0.,-0.008,0.,-0.,-0.008;                                   255P    349
110,-0.07792391163111,-0.03541304543614,0.15,0.05607608836889,       257P    350
-0.03541304543614,0.15;                                              257P    351
124,1.,0.,0.,0.05607608836889,0.,1.,0.,-0.02741304543614,0.,0.,      259P    352
1.,0.15;                                                             259P    353
100,0.,0.,0.,-0.,-0.008,0.008,-0.;                                   261P    354
110,0.06407608836889,-0.02741304543614,0.15,0.06407608836889,        263P    355
0.10658695456386,0.15;                                               263P    356
124,1.,0.,0.,0.05607608836889,0.,1.,0.,0.10658695456386,0.,0.,       265P    357
1.,0.15;                                                             265P    358
100,0.,0.,0.,0.008,0.,0.,0.008;                                      267P    359
102,8,245,249,251,255,257,261,263,267;                               269P    360
142,1,225,243,269,2;                                                 271P    361
126,32,2,1,1,1,1,-6.28318530717959,-6.28318530717959,                273P    362
-6.28318530717959,-5.89048622548086,-5.89048622548086,               273P    363
-5.49778714378214,-5.49778714378214,-5.10508806208341,               273P    364
-5.10508806208341,-4.71238898038469,-4.71238898038469,               273P    365
-4.31968989868597,-4.31968989868597,-3.92699081698724,               273P    366
-3.92699081698724,-3.53429173528852,-3.53429173528852,               273P    367
-3.14159265358979,-3.14159265358979,-2.74889357189107,               273P    368
-2.74889357189107,-2.35619449019234,-2.35619449019234,               273P    369
-1.96349540849362,-1.96349540849362,-1.5707963267949,                273P    370
-1.5707963267949,-1.17809724509617,-1.17809724509617,                273P    371
-0.78539816339745,-0.78539816339745,-0.39269908169872,               273P    372
-0.39269908169872,0.,0.,0.,1.,1.,1.,1.,1.,1.,1.,1.,1.,1.,1.,1.,      273P    373
1.,1.,1.,1.,1.,1.,1.,1.,1.,1.,1.,1.,1.,1.,1.,1.,1.,1.,1.,1.,1.,      273P    374
0.90957539631927,0.8889087296526,0.,0.90957539631927,                273P    375
0.88479787406009,0.,0.90800223999117,0.88099993871706,0.,            273P    376
0.90642908366307,0.87720200337402,0.,0.90352226979712,               273P    377
0.87429518950808,0.,0.90061545593118,0.87138837564214,0.,            273P    378
0.89681752058815,0.86981521931404,0.,0.89301958524511,               273P    379
0.86824206298594,0.,0.8889087296526,0.86824206298594,0.,             273P    380
0.88479787406009,0.86824206298594,0.,0.88099993871706,               273P    381
0.86981521931404,0.,0.87720200337402,0.87138837564214,0.,            273P    382
0.87429518950808,0.87429518950808,0.,0.87138837564213,               273P    383
0.87720200337402,0.,0.86981521931403,0.88099993871706,0.,            273P    384
0.86824206298593,0.88479787406009,0.,0.86824206298593,               273P    385
0.8889087296526,0.,0.86824206298593,0.89301958524511,0.,             273P    386
0.86981521931403,0.89681752058815,0.,0.87138837564213,               273P    387
0.90061545593118,0.,0.87429518950808,0.90352226979712,0.,            273P    388
0.87720200337402,0.90642908366307,0.,0.88099993871706,               273P    389
0.90800223999117,0.,0.88479787406009,0.90957539631927,0.,            273P    390
0.8889087296526,0.90957539631927,0.,0.89301958524511,                273P    391
0.90957539631927,0.,0.89681752058815,0.90800223999117,0.,            273P    392
0.90061545593118,0.90642908366307,0.,0.90352226979712,               273P    393
0.90352226979712,0.,0.90642908366307,0.90061545593118,0.,            273P    394
0.90800223999117,0.89681752058815,0.,0.90957539631927,               273P    395
0.89301958524511,0.,0.90957539631927,0.8889087296526,0.,             273P    396
-6.28318530717959,0.,0.,0.,1.;                                       273P    397
102,1,273;                                                           275P    398
124,1.,0.,0.,0.04741239781678,0.,-1.,0.,0.09792326401175,0.,0.,      277P    399
-1.,0.15;                                                            277P    400
100,0.,0.,0.,0.0031,0.,0.0031,0.;                                    279P    401
102,1,279;                                                           281P    402
142,1,225,275,281,2;                                                 283P    403
126,32,2,1,1,1,1,-6.28318530717959,-6.28318530717959,                285P    404
-6.28318530717959,-5.89048622548086,-5.89048622548086,               285P    405
-5.49778714378214,-5.49778714378214,-5.10508806208341,               285P    406
-5.10508806208341,-4.71238898038469,-4.71238898038469,               285P    407
-4.31968989868597,-4.31968989868597,-3.92699081698724,               285P    408
-3.92699081698724,-3.53429173528852,-3.53429173528852,               285P    409
-3.14159265358979,-3.14159265358979,-2.74889357189107,               285P    410
-2.74889357189107,-2.35619449019234,-2.35619449019234,               285P    411
-1.96349540849362,-1.96349540849362,-1.5707963267949,                285P    412
-1.5707963267949,-1.17809724509617,-1.17809724509617,                285P    413
-0.78539816339745,-0.78539816339745,-0.39269908169872,               285P    414
-0.39269908169872,0.,0.,0.,1.,1.,1.,1.,1.,1.,1.,1.,1.,1.,1.,1.,      285P    415
1.,1.,1.,1.,1.,1.,1.,1.,1.,1.,1.,1.,1.,1.,1.,1.,1.,1.,1.,1.,1.,      285P    416
0.13175793701407,0.1110912703474,0.,0.13175793701407,                285P    417
0.10698041475489,0.,0.13018478068597,0.10318247941185,0.,            285P    418
0.12861162435787,0.09938454406882,0.,0.12570481049192,               285P    419
0.09647773020288,0.,0.12279799662598,0.09357091633693,0.,            285P    420
0.11900006128294,0.09199776000883,0.,0.11520212593991,               285P    421
0.09042460368073,0.,0.1110912703474,0.09042460368073,0.,             285P    422
0.10698041475489,0.09042460368073,0.,0.10318247941185,               285P    423
0.09199776000883,0.,0.09938454406882,0.09357091633693,0.,            285P    424
0.09647773020288,0.09647773020288,0.,0.09357091633693,               285P    425
0.09938454406882,0.,0.09199776000883,0.10318247941185,0.,            285P    426
0.09042460368073,0.10698041475489,0.,0.09042460368073,               285P    427
0.1110912703474,0.,0.09042460368073,0.11520212593991,0.,             285P    428
0.09199776000883,0.11900006128294,0.,0.09357091633693,               285P    429
0.12279799662598,0.,0.09647773020288,0.12570481049192,0.,            285P    430
0.09938454406882,0.12861162435787,0.,0.10318247941185,               285P    431
0.13018478068597,0.,0.10698041475489,0.13175793701407,0.,            285P    432
0.1110912703474,0.13175793701407,0.,0.11520212593991,                285P    433
0.13175793701407,0.,0.11900006128294,0.13018478068597,0.,            285P    434
0.12279799662598,0.12861162435787,0.,0.12570481049192,               285P    435
0.12570481049192,0.,0.12861162435787,0.12279799662598,0.,            285P    436
0.13018478068597,0.11900006128294,0.,0.13175793701407,               285P    437
0.11520212593991,0.,0.13175793701407,0.1110912703474,0.,             285P    438
-6.28318530717959,0.,0.,0.,1.;                                       285P    439
102,1,285;                                                           287P    440
124,1.,0.,0.,-0.069260221079,0.,-1.,0.,-0.01874935488403,0.,0.,      289P    441
-1.,0.15;                                                            289P    442
100,0.,0.,0.,0.0031,0.,0.0031,0.;                                    291P    443
102,1,291;                                                           293P    444
142,1,225,287,293,2;                                                 295P    445
126,32,2,1,1,1,1,-6.28318530717959,-6.28318530717959,                297P    446
-6.28318530717959,-5.89048622548086,-5.89048622548086,               297P    447
-5.49778714378214,-5.49778714378214,-5.10508806208341,               297P    448
-5.10508806208341,-4.71238898038469,-4.71238898038469,               297P    449
-4.31968989868597,-4.31968989868597,-3.92699081698724,               297P    450
-3.92699081698724,-3.53429173528852,-3.53429173528852,               297P    451
-3.14159265358979,-3.14159265358979,-2.74889357189107,               297P    452
-2.74889357189107,-2.35619449019234,-2.35619449019234,               297P    453
-1.96349540849362,-1.96349540849362,-1.5707963267949,                297P    454
-1.5707963267949,-1.17809724509617,-1.17809724509617,                297P    455
-0.78539816339745,-0.78539816339745,-0.39269908169872,               297P    456
-0.39269908169872,0.,0.,0.,1.,1.,1.,1.,1.,1.,1.,1.,1.,1.,1.,1.,      297P    457
1.,1.,1.,1.,1.,1.,1.,1.,1.,1.,1.,1.,1.,1.,1.,1.,1.,1.,1.,1.,1.,      297P    458
0.90957539631927,0.1110912703474,0.,0.90957539631927,                297P    459
0.10698041475489,0.,0.90800223999117,0.10318247941185,0.,            297P    460
0.90642908366307,0.09938454406882,0.,0.90352226979712,               297P    461
0.09647773020288,0.,0.90061545593118,0.09357091633693,0.,            297P    462
0.89681752058815,0.09199776000883,0.,0.89301958524511,               297P    463
0.09042460368073,0.,0.8889087296526,0.09042460368073,0.,             297P    464
0.88479787406009,0.09042460368073,0.,0.88099993871706,               297P    465
0.09199776000883,0.,0.87720200337402,0.09357091633693,0.,            297P    466
0.87429518950808,0.09647773020288,0.,0.87138837564213,               297P    467
0.09938454406882,0.,0.86981521931403,0.10318247941185,0.,            297P    468
0.86824206298593,0.10698041475489,0.,0.86824206298593,               297P    469
0.1110912703474,0.,0.86824206298593,0.11520212593991,0.,             297P    470
0.86981521931403,0.11900006128294,0.,0.87138837564213,               297P    471
0.12279799662598,0.,0.87429518950808,0.12570481049192,0.,            297P    472
0.87720200337402,0.12861162435787,0.,0.88099993871706,               297P    473
0.13018478068597,0.,0.88479787406009,0.13175793701407,0.,            297P    474
0.8889087296526,0.13175793701407,0.,0.89301958524511,                297P    475
0.13175793701407,0.,0.89681752058815,0.13018478068597,0.,            297P    476
0.90061545593118,0.12861162435787,0.,0.90352226979712,               297P    477
0.12570481049192,0.,0.90642908366307,0.12279799662598,0.,            297P    478
0.90800223999117,0.11900006128294,0.,0.90957539631927,               297P    479
0.11520212593991,0.,0.90957539631927,0.1110912703474,0.,             297P    480
-6.28318530717959,0.,0.,0.,1.;                                       297P    481
102,1,297;                                                           299P    482
124,1.,0.,0.,0.04741239781678,0.,-1.,0.,-0.01874935488403,0.,0.,     301P    483
-1.,0.15;                                                            301P    484
100,0.,0.,0.,0.0031,0.,0.0031,0.;                                    303P    485
102,1,303;                                                           305P    486
142,1,225,299,305,2;                                                 307P    487
126,32,2,1,1,1,1,-6.28318530717959,-6.28318530717959,                309P    488
-6.28318530717959,-5.89048622548086,-5.89048622548086,               309P    489
-5.49778714378214,-5.49778714378214,-5.10508806208341,               309P    490
-5.10508806208341,-4.71238898038469,-4.71238898038469,               309P    491
-4.31968989868597,-4.31968989868597,-3.92699081698724,               309P    492
-3.92699081698724,-3.53429173528852,-3.53429173528852,               309P    493
-3.14159265358979,-3.14159265358979,-2.74889357189107,               309P    494
-2.74889357189107,-2.35619449019234,-2.35619449019234,               309P    495
-1.96349540849362,-1.96349540849362,-1.5707963267949,                309P    496
-1.5707963267949,-1.17809724509617,-1.17809724509617,                309P    497
-0.78539816339745,-0.78539816339745,-0.39269908169872,               309P    498
-0.39269908169872,0.,0.,0.,1.,1.,1.,1.,1.,1.,1.,1.,1.,1.,1.,1.,      309P    499
1.,1.,1.,1.,1.,1.,1.,1.,1.,1.,1.,1.,1.,1.,1.,1.,1.,1.,1.,1.,1.,      309P    500
0.13175793701407,0.8889087296526,0.,0.13175793701407,                309P    501
0.88479787406009,0.,0.13018478068597,0.88099993871706,0.,            309P    502
0.12861162435787,0.87720200337402,0.,0.12570481049192,               309P    503
0.87429518950808,0.,0.12279799662598,0.87138837564214,0.,            309P    504
0.11900006128294,0.86981521931404,0.,0.11520212593991,               309P    505
0.86824206298594,0.,0.1110912703474,0.86824206298594,0.,             309P    506
0.10698041475489,0.86824206298594,0.,0.10318247941185,               309P    507
0.86981521931404,0.,0.09938454406882,0.87138837564214,0.,            309P    508
0.09647773020288,0.87429518950808,0.,0.09357091633693,               309P    509
0.87720200337402,0.,0.09199776000883,0.88099993871706,0.,            309P    510
0.09042460368073,0.88479787406009,0.,0.09042460368073,               309P    511
0.8889087296526,0.,0.09042460368073,0.89301958524511,0.,             309P    512
0.09199776000883,0.89681752058815,0.,0.09357091633693,               309P    513
0.90061545593118,0.,0.09647773020288,0.90352226979712,0.,            309P    514
0.09938454406882,0.90642908366307,0.,0.10318247941185,               309P    515
0.90800223999117,0.,0.10698041475489,0.90957539631927,0.,            309P    516
0.1110912703474,0.90957539631927,0.,0.11520212593991,                309P    517
0.90957539631927,0.,0.11900006128294,0.90800223999117,0.,            309P    518
0.12279799662598,0.90642908366307,0.,0.12570481049192,               309P    519
0.90352226979712,0.,0.12861162435787,0.90061545593118,0.,            309P    520
0.13018478068597,0.89681752058815,0.,0.13175793701407,               309P    521
0.89301958524511,0.,0.13175793701407,0.8889087296526,0.,             309P    522
-6.28318530717959,0.,0.,0.,1.;                                       309P    523
102,1,309;                                                           311P    524
124,1.,0.,0.,-0.069260221079,0.,-1.,0.,0.09792326401175,0.,0.,       313P    525
-1.,0.15;                                                            313P    526
100,0.,0.,0.,0.0031,0.,0.0031,0.;                                    315P    527
102,1,315;                                                           317P    528
142,1,225,311,317,2;                                                 319P    529
126,64,2,1,1,1,1,-6.28318530717959,-6.28318530717959,                321P    530
-6.28318530717959,-6.08683576633022,-6.08683576633022,               321P    531
-5.89048622548086,-5.89048622548086,-5.6941366846315,                321P    532
-5.6941366846315,-5.49778714378214,-5.49778714378214,                321P    533
-5.30143760293278,-5.30143760293278,-5.10508806208341,               321P    534
-5.10508806208341,-4.90873852123405,-4.90873852123405,               321P    535
-4.71238898038469,-4.71238898038469,-4.51603943953533,               321P    536
-4.51603943953533,-4.31968989868597,-4.31968989868597,               321P    537
-4.1233403578366,-4.1233403578366,-3.92699081698724,                 321P    538
-3.92699081698724,-3.73064127613788,-3.73064127613788,               321P    539
-3.53429173528852,-3.53429173528852,-3.33794219443916,               321P    540
-3.33794219443916,-3.14159265358979,-3.14159265358979,               321P    541
-2.94524311274043,-2.94524311274043,-2.74889357189107,               321P    542
-2.74889357189107,-2.55254403104171,-2.55254403104171,               321P    543
-2.35619449019234,-2.35619449019234,-2.15984494934298,               321P    544
-2.15984494934298,-1.96349540849362,-1.96349540849362,               321P    545
-1.76714586764426,-1.76714586764426,-1.5707963267949,                321P    546
-1.5707963267949,-1.37444678594553,-1.37444678594553,                321P    547
-1.17809724509617,-1.17809724509617,-0.98174770424681,               321P    548
-0.98174770424681,-0.78539816339745,-0.78539816339745,               321P    549
-0.58904862254809,-0.58904862254809,-0.39269908169872,               321P    550
-0.39269908169872,-0.19634954084936,-0.19634954084936,0.,0.,0.,      321P    551
1.,1.,1.,1.,1.,1.,1.,1.,1.,1.,1.,1.,1.,1.,1.,1.,1.,1.,1.,1.,1.,      321P    552
1.,1.,1.,1.,1.,1.,1.,1.,1.,1.,1.,1.,1.,1.,1.,1.,1.,1.,1.,1.,1.,      321P    553
1.,1.,1.,1.,1.,1.,1.,1.,1.,1.,1.,1.,1.,1.,1.,1.,1.,1.,1.,1.,1.,      321P    554
1.,1.,0.95,0.5,0.,0.95,0.45567886848928,0.,0.94135337618145,         321P    555
0.41220935509274,0.,0.93270675236291,0.36873984169621,0.,            321P    556
0.91574578963008,0.32779245543571,0.,0.89878482689725,               321P    557
0.28684506917521,0.,0.87416132553615,0.24999339514118,0.,            321P    558
0.84953782417504,0.21314172110715,0.,0.81819805153395,               321P    559
0.18180194846605,0.,0.78685827889285,0.15046217582496,0.,            321P    560
0.75000660485882,0.12583867446385,0.,0.71315493082479,               321P    561
0.10121517310275,0.,0.67220754456429,0.08425421036992,0.,            321P    562
0.63126015830379,0.06729324763709,0.,0.58779064490726,               321P    563
0.05864662381855,0.,0.54432113151072,0.05,0.,0.5,0.05,0.,            321P    564
0.45567886848928,0.05,0.,0.41220935509274,0.05864662381855,0.,       321P    565
0.36873984169621,0.06729324763709,0.,0.32779245543571,               321P    566
0.08425421036992,0.,0.28684506917521,0.10121517310275,0.,            321P    567
0.24999339514118,0.12583867446386,0.,0.21314172110715,               321P    568
0.15046217582496,0.,0.18180194846605,0.18180194846605,0.,            321P    569
0.15046217582496,0.21314172110715,0.,0.12583867446385,               321P    570
0.24999339514118,0.,0.10121517310275,0.28684506917521,0.,            321P    571
0.08425421036992,0.32779245543571,0.,0.06729324763709,               321P    572
0.36873984169621,0.,0.05864662381855,0.41220935509274,0.,0.05,       321P    573
0.45567886848928,0.,0.05,0.5,0.,0.05,0.54432113151073,0.,            321P    574
0.05864662381855,0.58779064490726,0.,0.06729324763709,               321P    575
0.63126015830379,0.,0.08425421036992,0.67220754456429,0.,            321P    576
0.10121517310275,0.71315493082479,0.,0.12583867446385,               321P    577
0.75000660485882,0.,0.15046217582496,0.78685827889285,0.,            321P    578
0.18180194846605,0.81819805153395,0.,0.21314172110715,               321P    579
0.84953782417504,0.,0.24999339514118,0.87416132553615,0.,            321P    580
0.28684506917521,0.89878482689725,0.,0.32779245543571,               321P    581
0.91574578963008,0.,0.36873984169621,0.93270675236291,0.,            321P    582
0.41220935509274,0.94135337618145,0.,0.45567886848928,0.95,0.,       321P    583
0.5,0.95,0.,0.54432113151072,0.95,0.,0.58779064490726,               321P    584
0.94135337618145,0.,0.63126015830379,0.93270675236291,0.,            321P    585
0.67220754456429,0.91574578963008,0.,0.71315493082479,               321P    586
0.89878482689725,0.,0.75000660485882,0.87416132553615,0.,            321P    587
0.78685827889285,0.84953782417504,0.,0.81819805153395,               321P    588
0.81819805153395,0.,0.84953782417504,0.78685827889285,0.,            321P    589
0.87416132553615,0.75000660485882,0.,0.89878482689725,               321P    590
0.71315493082479,0.,0.91574578963008,0.67220754456429,0.,            321P    591
0.93270675236291,0.63126015830379,0.,0.94135337618145,               321P    592
0.58779064490726,0.,0.95,0.54432113151072,0.,0.95,0.5,0.,            321P    593
-6.28318530717959,0.,0.,0.,1.;                                       321P    594
102,1,321;                                                           323P    595
124,1.,0.,0.,-0.01092391163111,0.,-1.,0.,0.03958695456386,0.,0.,     325P    596
-1.,0.15;                                                            325P    597
100,0.,0.,0.,0.0675,0.,0.0675,0.;                                    327P    598
102,1,327;                                                           329P    599
142,1,225,323,329,2;                                                 331P    600
144,225,1,5,271,283,295,307,319,331;                                 333P    601
314,61.5686297416687,81.17647171020508,92.9411768913269,10HMixed     335P    602
Color;                                                               335P    603
110,0.06407608836889,-0.03541304543614,0.,-0.08592391163111,         337P    604
-0.03541304543614,0.;                                                337P    605
122,337,0.06407608836889,0.11458695456386,0.;                        339P    606
126,1,1,1,0,1,0,-0.067,-0.067,0.067,0.067,1.,1.,1.,                  341P    607
0.05333333333333,0.,1.,0.94666666666667,0.,-0.067,0.067,0.,0.,       341P    608
1.;                                                                  341P    609
126,16,2,1,0,1,0,-3.14159265358979,-3.14159265358979,                343P    610
-3.14159265358979,-2.94524311274043,-2.94524311274043,               343P    611
-2.74889357189107,-2.74889357189107,-2.55254403104171,               343P    612
-2.55254403104171,-2.35619449019234,-2.35619449019234,               343P    613
-2.15984494934298,-2.15984494934298,-1.96349540849362,               343P    614
-1.96349540849362,-1.76714586764426,-1.76714586764426,               343P    615
-1.5707963267949,-1.5707963267949,-1.5707963267949,1.,1.,1.,1.,      343P    616
1.,1.,1.,1.,1.,1.,1.,1.,1.,1.,1.,1.,1.,1.,0.94666666666667,0.,       343P    617
1.,0.95191954151238,0.,0.99897521495484,0.95707148384086,0.,         343P    618
0.99795042990968,0.96222342616934,0.,0.99594024173394,               343P    619
0.96707644972614,0.,0.99393005355819,0.97192947328294,0.,            343P    620
0.99101171265614,0.97629707909438,0.,0.98809337175408,               343P    621
0.98066468490582,0.,0.98437902832995,0.98437902832995,0.,            343P    622
0.98066468490582,0.98809337175408,0.,0.97629707909438,               343P    623
0.99101171265614,0.,0.97192947328294,0.99393005355819,0.,            343P    624
0.96707644972614,0.99594024173394,0.,0.96222342616934,               343P    625
0.99795042990968,0.,0.95707148384086,0.99897521495484,0.,            343P    626
0.95191954151238,1.,0.,0.94666666666667,1.,0.,-3.14159265358979,     343P    627
-1.5707963267949,0.,0.,1.;                                           343P    628
126,1,1,1,0,1,0,-0.067,-0.067,0.067,0.067,1.,1.,                     345P    629
0.94666666666667,1.,0.,0.05333333333333,1.,0.,-0.067,0.067,0.,       345P    630
0.,1.;                                                               345P    631
126,16,2,1,0,1,0,-1.5707963267949,-1.5707963267949,                  347P    632
-1.5707963267949,-1.37444678594553,-1.37444678594553,                347P    633
-1.17809724509617,-1.17809724509617,-0.98174770424681,               347P    634
-0.98174770424681,-0.78539816339745,-0.78539816339745,               347P    635
-0.58904862254809,-0.58904862254809,-0.39269908169872,               347P    636
-0.39269908169872,-0.19634954084936,-0.19634954084936,0.,0.,0.,      347P    637
1.,1.,1.,1.,1.,1.,1.,1.,1.,1.,1.,1.,1.,1.,1.,1.,1.,                  347P    638
0.05333333333333,1.,0.,0.04808045848762,1.,0.,0.04292851615914,      347P    639
0.99897521495484,0.,0.03777657383066,0.99795042990968,0.,            347P    640
0.03292355027386,0.99594024173394,0.,0.02807052671706,               347P    641
0.99393005355819,0.,0.02370292090562,0.99101171265614,0.,            347P    642
0.01933531509418,0.98809337175408,0.,0.01562097167005,               347P    643
0.98437902832995,0.,0.01190662824592,0.98066468490582,0.,            347P    644
0.00898828734386,0.97629707909438,0.,0.00606994644181,               347P    645
0.97192947328294,0.,0.00405975826606,0.96707644972614,0.,            347P    646
0.00204957009032,0.96222342616934,0.,0.00102478504516,               347P    647
0.95707148384086,0.,0.,0.95191954151238,0.,0.,0.94666666666667,      347P    648
0.,-1.5707963267949,0.,0.,0.,1.;                                     347P    649
126,1,1,1,0,1,0,-0.067,-0.067,0.067,0.067,1.,1.,0.,                  349P    650
0.94666666666667,0.,0.,0.05333333333333,0.,-0.067,0.067,0.,0.,       349P    651
1.;                                                                  349P    652
126,16,2,1,0,1,0,-6.28318530717959,-6.28318530717959,                351P    653
-6.28318530717959,-6.08683576633022,-6.08683576633022,               351P    654
-5.89048622548086,-5.89048622548086,-5.6941366846315,                351P    655
-5.6941366846315,-5.49778714378214,-5.49778714378214,                351P    656
-5.30143760293278,-5.30143760293278,-5.10508806208341,               351P    657
-5.10508806208341,-4.90873852123405,-4.90873852123405,               351P    658
-4.71238898038469,-4.71238898038469,-4.71238898038469,1.,1.,1.,      351P    659
1.,1.,1.,1.,1.,1.,1.,1.,1.,1.,1.,1.,1.,1.,0.,0.05333333333333,       351P    660
0.,0.,0.04808045848762,0.,0.00102478504516,0.04292851615914,0.,      351P    661
0.00204957009032,0.03777657383066,0.,0.00405975826606,               351P    662
0.03292355027386,0.,0.00606994644181,0.02807052671706,0.,            351P    663
0.00898828734386,0.02370292090562,0.,0.01190662824592,               351P    664
0.01933531509418,0.,0.01562097167005,0.01562097167005,0.,            351P    665
0.01933531509418,0.01190662824592,0.,0.02370292090562,               351P    666
0.00898828734386,0.,0.02807052671706,0.00606994644181,0.,            351P    667
0.03292355027386,0.00405975826606,0.,0.03777657383066,               351P    668
0.00204957009032,0.,0.04292851615914,0.00102478504516,0.,            351P    669
0.04808045848762,0.,0.,0.05333333333333,0.,0.,-6.28318530717959,     351P    670
-4.71238898038469,0.,0.,1.;                                          351P    671
126,1,1,1,0,1,0,-0.067,-0.067,0.067,0.067,1.,1.,                     353P    672
0.05333333333333,0.,0.,0.94666666666667,0.,0.,-0.067,0.067,0.,       353P    673
0.,1.;                                                               353P    674
126,16,2,1,0,1,0,-4.71238898038469,-4.71238898038469,                355P    675
-4.71238898038469,-4.51603943953533,-4.51603943953533,               355P    676
-4.31968989868597,-4.31968989868597,-4.1233403578366,                355P    677
-4.1233403578366,-3.92699081698724,-3.92699081698724,                355P    678
-3.73064127613788,-3.73064127613788,-3.53429173528852,               355P    679
-3.53429173528852,-3.33794219443916,-3.33794219443916,               355P    680
-3.14159265358979,-3.14159265358979,-3.14159265358979,1.,1.,1.,      355P    681
1.,1.,1.,1.,1.,1.,1.,1.,1.,1.,1.,1.,1.,1.,0.94666666666667,0.,       355P    682
0.,0.95191954151238,0.,0.,0.95707148384086,0.00102478504516,0.,      355P    683
0.96222342616934,0.00204957009032,0.,0.96707644972614,               355P    684
0.00405975826606,0.,0.97192947328294,0.00606994644181,0.,            355P    685
0.97629707909438,0.00898828734386,0.,0.98066468490582,               355P    686
0.01190662824592,0.,0.98437902832995,0.01562097167005,0.,            355P    687
0.98809337175408,0.01933531509418,0.,0.99101171265614,               355P    688
0.02370292090562,0.,0.99393005355819,0.02807052671706,0.,            355P    689
0.99594024173394,0.03292355027386,0.,0.99795042990968,               355P    690
0.03777657383066,0.,0.99897521495484,0.04292851615914,0.,1.,         355P    691
0.04808045848762,0.,1.,0.05333333333333,0.,-4.71238898038469,        355P    692
-3.14159265358979,0.,0.,1.;                                          355P    693
102,8,341,343,345,347,349,351,353,355;                               357P    694
110,-0.08592391163111,-0.02741304543614,0.,-0.08592391163111,        359P    695
0.10658695456386,0.;                                                 359P    696
124,1.,0.,0.,-0.07792391163111,0.,-1.,0.,0.10658695456386,0.,0.,     361P    697
-1.,0.;                                                              361P    698
100,0.,0.,0.,-0.008,-0.,0.,-0.008;                                   363P    699
110,-0.07792391163111,0.11458695456386,0.,0.05607608836889,          365P    700
0.11458695456386,0.;                                                 365P    701
124,1.,0.,0.,0.05607608836889,0.,-1.,0.,0.10658695456386,0.,0.,      367P    702
-1.,0.;                                                              367P    703
100,0.,0.,0.,0.,-0.008,0.008,0.;                                     369P    704
110,0.06407608836889,0.10658695456386,0.,0.06407608836889,           371P    705
-0.02741304543614,0.;                                                371P    706
124,1.,0.,0.,0.05607608836889,0.,-1.,0.,-0.02741304543614,0.,0.,     373P    707
-1.,0.;                                                              373P    708
100,0.,0.,0.,0.008,0.,-0.,0.008;                                     375P    709
110,0.05607608836889,-0.03541304543614,0.,-0.07792391163111,         377P    710
-0.03541304543614,0.;                                                377P    711
124,1.,0.,0.,-0.07792391163111,0.,-1.,0.,-0.02741304543614,0.,       379P    712
0.,-1.,0.;                                                           379P    713
100,0.,0.,0.,-0.,0.008,-0.008,-0.;                                   381P    714
102,8,359,363,365,369,371,375,377,381;                               383P    715
142,1,339,357,383,2;                                                 385P    716
126,32,2,1,1,1,1,0.,0.,0.,0.39269908169872,0.39269908169872,         387P    717
0.78539816339745,0.78539816339745,1.17809724509617,                  387P    718
1.17809724509617,1.5707963267949,1.5707963267949,                    387P    719
1.96349540849362,1.96349540849362,2.35619449019234,                  387P    720
2.35619449019234,2.74889357189107,2.74889357189107,                  387P    721
3.14159265358979,3.14159265358979,3.53429173528852,                  387P    722
3.53429173528852,3.92699081698724,3.92699081698724,                  387P    723
4.31968989868597,4.31968989868597,4.71238898038469,                  387P    724
4.71238898038469,5.10508806208341,5.10508806208341,                  387P    725
5.49778714378214,5.49778714378214,5.89048622548086,                  387P    726
5.89048622548086,6.28318530717959,6.28318530717959,                  387P    727
6.28318530717959,1.,1.,1.,1.,1.,1.,1.,1.,1.,1.,1.,1.,1.,1.,1.,       387P    728
1.,1.,1.,1.,1.,1.,1.,1.,1.,1.,1.,1.,1.,1.,1.,1.,1.,1.,               387P    729
0.09042460368073,0.8889087296526,0.,0.09042460368073,                387P    730
0.89301958524511,0.,0.09199776000883,0.89681752058815,0.,            387P    731
0.09357091633693,0.90061545593118,0.,0.09647773020288,               387P    732
0.90352226979712,0.,0.09938454406882,0.90642908366307,0.,            387P    733
0.10318247941185,0.90800223999117,0.,0.10698041475489,               387P    734
0.90957539631927,0.,0.1110912703474,0.90957539631927,0.,             387P    735
0.11520212593991,0.90957539631927,0.,0.11900006128294,               387P    736
0.90800223999117,0.,0.12279799662598,0.90642908366307,0.,            387P    737
0.12570481049192,0.90352226979712,0.,0.12861162435787,               387P    738
0.90061545593118,0.,0.13018478068597,0.89681752058815,0.,            387P    739
0.13175793701407,0.89301958524511,0.,0.13175793701407,               387P    740
0.8889087296526,0.,0.13175793701407,0.88479787406009,0.,             387P    741
0.13018478068597,0.88099993871706,0.,0.12861162435787,               387P    742
0.87720200337402,0.,0.12570481049192,0.87429518950808,0.,            387P    743
0.12279799662598,0.87138837564214,0.,0.11900006128294,               387P    744
0.86981521931404,0.,0.11520212593991,0.86824206298594,0.,            387P    745
0.1110912703474,0.86824206298594,0.,0.10698041475489,                387P    746
0.86824206298594,0.,0.10318247941185,0.86981521931404,0.,            387P    747
0.09938454406882,0.87138837564214,0.,0.09647773020288,               387P    748
0.87429518950808,0.,0.09357091633693,0.87720200337402,0.,            387P    749
0.09199776000883,0.88099993871706,0.,0.09042460368073,               387P    750
0.88479787406009,0.,0.09042460368073,0.8889087296526,0.,0.,          387P    751
6.28318530717959,0.,0.,1.;                                           387P    752
102,1,387;                                                           389P    753
124,1.,0.,0.,0.04741239781678,0.,1.,0.,0.09792326401175,0.,0.,       391P    754
1.,0.;                                                               391P    755
100,0.,0.,0.,0.0031,0.,0.0031,-0.;                                   393P    756
102,1,393;                                                           395P    757
142,1,339,389,395,2;                                                 397P    758
126,32,2,1,1,1,1,0.,0.,0.,0.39269908169872,0.39269908169872,         399P    759
0.78539816339745,0.78539816339745,1.17809724509617,                  399P    760
1.17809724509617,1.5707963267949,1.5707963267949,                    399P    761
1.96349540849362,1.96349540849362,2.35619449019234,                  399P    762
2.35619449019234,2.74889357189107,2.74889357189107,                  399P    763
3.14159265358979,3.14159265358979,3.53429173528852,                  399P    764
3.53429173528852,3.92699081698724,3.92699081698724,                  399P    765
4.31968989868597,4.31968989868597,4.71238898038469,                  399P    766
4.71238898038469,5.10508806208341,5.10508806208341,                  399P    767
5.49778714378214,5.49778714378214,5.89048622548086,                  399P    768
5.89048622548086,6.28318530717959,6.28318530717959,                  399P    769
6.28318530717959,1.,1.,1.,1.,1.,1.,1.,1.,1.,1.,1.,1.,1.,1.,1.,       399P    770
1.,1.,1.,1.,1.,1.,1.,1.,1.,1.,1.,1.,1.,1.,1.,1.,1.,1.,               399P    771
0.86824206298593,0.1110912703474,0.,0.86824206298593,                399P    772
0.11520212593991,0.,0.86981521931403,0.11900006128294,0.,            399P    773
0.87138837564213,0.12279799662598,0.,0.87429518950808,               399P    774
0.12570481049192,0.,0.87720200337402,0.12861162435787,0.,            399P    775
0.88099993871706,0.13018478068597,0.,0.88479787406009,               399P    776
0.13175793701407,0.,0.8889087296526,0.13175793701407,0.,             399P    777
0.89301958524511,0.13175793701407,0.,0.89681752058815,               399P    778
0.13018478068597,0.,0.90061545593118,0.12861162435787,0.,            399P    779
0.90352226979712,0.12570481049192,0.,0.90642908366307,               399P    780
0.12279799662598,0.,0.90800223999117,0.11900006128294,0.,            399P    781
0.90957539631927,0.11520212593991,0.,0.90957539631927,               399P    782
0.1110912703474,0.,0.90957539631927,0.10698041475489,0.,             399P    783
0.90800223999117,0.10318247941185,0.,0.90642908366307,               399P    784
0.09938454406882,0.,0.90352226979712,0.09647773020288,0.,            399P    785
0.90061545593118,0.09357091633693,0.,0.89681752058815,               399P    786
0.09199776000883,0.,0.89301958524511,0.09042460368073,0.,            399P    787
0.8889087296526,0.09042460368073,0.,0.88479787406009,                399P    788
0.09042460368073,0.,0.88099993871706,0.09199776000883,0.,            399P    789
0.87720200337402,0.09357091633693,0.,0.87429518950808,               399P    790
0.09647773020288,0.,0.87138837564213,0.09938454406882,0.,            399P    791
0.86981521931403,0.10318247941185,0.,0.86824206298593,               399P    792
0.10698041475489,0.,0.86824206298593,0.1110912703474,0.,0.,          399P    793
6.28318530717959,0.,0.,1.;                                           399P    794
102,1,399;                                                           401P    795
124,1.,0.,0.,-0.069260221079,0.,1.,0.,-0.01874935488403,0.,0.,       403P    796
1.,0.;                                                               403P    797
100,0.,0.,0.,0.0031,0.,0.0031,-0.;                                   405P    798
102,1,405;                                                           407P    799
142,1,339,401,407,2;                                                 409P    800
126,32,2,1,1,1,1,0.,0.,0.,0.39269908169872,0.39269908169872,         411P    801
0.78539816339745,0.78539816339745,1.17809724509617,                  411P    802
1.17809724509617,1.5707963267949,1.5707963267949,                    411P    803
1.96349540849362,1.96349540849362,2.35619449019234,                  411P    804
2.35619449019234,2.74889357189107,2.74889357189107,                  411P    805
3.14159265358979,3.14159265358979,3.53429173528852,                  411P    806
3.53429173528852,3.92699081698724,3.92699081698724,                  411P    807
4.31968989868597,4.31968989868597,4.71238898038469,                  411P    808
4.71238898038469,5.10508806208341,5.10508806208341,                  411P    809
5.49778714378214,5.49778714378214,5.89048622548086,                  411P    810
5.89048622548086,6.28318530717959,6.28318530717959,                  411P    811
6.28318530717959,1.,1.,1.,1.,1.,1.,1.,1.,1.,1.,1.,1.,1.,1.,1.,       411P    812
1.,1.,1.,1.,1.,1.,1.,1.,1.,1.,1.,1.,1.,1.,1.,1.,1.,1.,               411P    813
0.09042460368073,0.1110912703474,0.,0.09042460368073,                411P    814
0.11520212593991,0.,0.09199776000883,0.11900006128294,0.,            411P    815
0.09357091633693,0.12279799662598,0.,0.09647773020288,               411P    816
0.12570481049192,0.,0.09938454406882,0.12861162435787,0.,            411P    817
0.10318247941185,0.13018478068597,0.,0.10698041475489,               411P    818
0.13175793701407,0.,0.1110912703474,0.13175793701407,0.,             411P    819
0.11520212593991,0.13175793701407,0.,0.11900006128294,               411P    820
0.13018478068597,0.,0.12279799662598,0.12861162435787,0.,            411P    821
0.12570481049192,0.12570481049192,0.,0.12861162435787,               411P    822
0.12279799662598,0.,0.13018478068597,0.11900006128294,0.,            411P    823
0.13175793701407,0.11520212593991,0.,0.13175793701407,               411P    824
0.1110912703474,0.,0.13175793701407,0.10698041475489,0.,             411P    825
0.13018478068597,0.10318247941185,0.,0.12861162435787,               411P    826
0.09938454406882,0.,0.12570481049192,0.09647773020288,0.,            411P    827
0.12279799662598,0.09357091633693,0.,0.11900006128294,               411P    828
0.09199776000883,0.,0.11520212593991,0.09042460368073,0.,            411P    829
0.1110912703474,0.09042460368073,0.,0.10698041475489,                411P    830
0.09042460368073,0.,0.10318247941185,0.09199776000883,0.,            411P    831
0.09938454406882,0.09357091633693,0.,0.09647773020288,               411P    832
0.09647773020288,0.,0.09357091633693,0.09938454406882,0.,            411P    833
0.09199776000883,0.10318247941185,0.,0.09042460368073,               411P    834
0.10698041475489,0.,0.09042460368073,0.1110912703474,0.,0.,          411P    835
6.28318530717959,0.,0.,1.;                                           411P    836
102,1,411;                                                           413P    837
124,1.,0.,0.,0.04741239781678,0.,1.,0.,-0.01874935488403,0.,0.,      415P    838
1.,0.;                                                               415P    839
100,0.,0.,0.,0.0031,0.,0.0031,-0.;                                   417P    840
102,1,417;                                                           419P    841
142,1,339,413,419,2;                                                 421P    842
126,32,2,1,1,1,1,0.,0.,0.,0.39269908169872,0.39269908169872,         423P    843
0.78539816339745,0.78539816339745,1.17809724509617,                  423P    844
1.17809724509617,1.5707963267949,1.5707963267949,                    423P    845
1.96349540849362,1.96349540849362,2.35619449019234,                  423P    846
2.35619449019234,2.74889357189107,2.74889357189107,                  423P    847
3.14159265358979,3.14159265358979,3.53429173528852,                  423P    848
3.53429173528852,3.92699081698724,3.92699081698724,                  423P    849
4.31968989868597,4.31968989868597,4.71238898038469,                  423P    850
4.71238898038469,5.10508806208341,5.10508806208341,                  423P    851
5.49778714378214,5.49778714378214,5.89048622548086,                  423P    852
5.89048622548086,6.28318530717959,6.28318530717959,                  423P    853
6.28318530717959,1.,1.,1.,1.,1.,1.,1.,1.,1.,1.,1.,1.,1.,1.,1.,       423P    854
1.,1.,1.,1.,1.,1.,1.,1.,1.,1.,1.,1.,1.,1.,1.,1.,1.,1.,               423P    855
0.86824206298593,0.8889087296526,0.,0.86824206298593,                423P    856
0.89301958524511,0.,0.86981521931403,0.89681752058815,0.,            423P    857
0.87138837564213,0.90061545593118,0.,0.87429518950808,               423P    858
0.90352226979712,0.,0.87720200337402,0.90642908366307,0.,            423P    859
0.88099993871706,0.90800223999117,0.,0.88479787406009,               423P    860
0.90957539631927,0.,0.8889087296526,0.90957539631927,0.,             423P    861
0.89301958524511,0.90957539631927,0.,0.89681752058815,               423P    862
0.90800223999117,0.,0.90061545593118,0.90642908366307,0.,            423P    863
0.90352226979712,0.90352226979712,0.,0.90642908366307,               423P    864
0.90061545593118,0.,0.90800223999117,0.89681752058815,0.,            423P    865
0.90957539631927,0.89301958524511,0.,0.90957539631927,               423P    866
0.8889087296526,0.,0.90957539631927,0.88479787406009,0.,             423P    867
0.90800223999117,0.88099993871706,0.,0.90642908366307,               423P    868
0.87720200337402,0.,0.90352226979712,0.87429518950808,0.,            423P    869
0.90061545593118,0.87138837564214,0.,0.89681752058815,               423P    870
0.86981521931404,0.,0.89301958524511,0.86824206298594,0.,            423P    871
0.8889087296526,0.86824206298594,0.,0.88479787406009,                423P    872
0.86824206298594,0.,0.88099993871706,0.86981521931404,0.,            423P    873
0.87720200337402,0.87138837564214,0.,0.87429518950808,               423P    874
0.87429518950808,0.,0.87138837564213,0.87720200337402,0.,            423P    875
0.86981521931403,0.88099993871706,0.,0.86824206298593,               423P    876
0.88479787406009,0.,0.86824206298593,0.8889087296526,0.,0.,          423P    877
6.28318530717959,0.,0.,1.;                                           423P    878
102,1,423;                                                           425P    879
124,1.,0.,0.,-0.069260221079,0.,1.,0.,0.09792326401175,0.,0.,1.,     427P    880
0.;                                                                  427P    881
100,0.,0.,0.,0.0031,0.,0.0031,-0.;                                   429P    882
102,1,429;                                                           431P    883
142,1,339,425,431,2;                                                 433P    884
126,64,2,1,1,1,1,0.,0.,0.,0.19634954084936,0.19634954084936,         435P    885
0.39269908169872,0.39269908169872,0.58904862254809,                  435P    886
0.58904862254809,0.78539816339745,0.78539816339745,                  435P    887
0.98174770424681,0.98174770424681,1.17809724509617,                  435P    888
1.17809724509617,1.37444678594553,1.37444678594553,                  435P    889
1.5707963267949,1.5707963267949,1.76714586764426,                    435P    890
1.76714586764426,1.96349540849362,1.96349540849362,                  435P    891
2.15984494934298,2.15984494934298,2.35619449019234,                  435P    892
2.35619449019234,2.55254403104171,2.55254403104171,                  435P    893
2.74889357189107,2.74889357189107,2.94524311274043,                  435P    894
2.94524311274043,3.14159265358979,3.14159265358979,                  435P    895
3.33794219443916,3.33794219443916,3.53429173528852,                  435P    896
3.53429173528852,3.73064127613788,3.73064127613788,                  435P    897
3.92699081698724,3.92699081698724,4.1233403578366,                   435P    898
4.1233403578366,4.31968989868597,4.31968989868597,                   435P    899
4.51603943953533,4.51603943953533,4.71238898038469,                  435P    900
4.71238898038469,4.90873852123405,4.90873852123405,                  435P    901
5.10508806208341,5.10508806208341,5.30143760293278,                  435P    902
5.30143760293278,5.49778714378214,5.49778714378214,                  435P    903
5.6941366846315,5.6941366846315,5.89048622548086,                    435P    904
5.89048622548086,6.08683576633022,6.08683576633022,                  435P    905
6.28318530717959,6.28318530717959,6.28318530717959,1.,1.,1.,1.,      435P    906
1.,1.,1.,1.,1.,1.,1.,1.,1.,1.,1.,1.,1.,1.,1.,1.,1.,1.,1.,1.,1.,      435P    907
1.,1.,1.,1.,1.,1.,1.,1.,1.,1.,1.,1.,1.,1.,1.,1.,1.,1.,1.,1.,1.,      435P    908
1.,1.,1.,1.,1.,1.,1.,1.,1.,1.,1.,1.,1.,1.,1.,1.,1.,1.,1.,0.05,       435P    909
0.5,0.,0.05,0.54432113151072,0.,0.05864662381855,                    435P    910
0.58779064490726,0.,0.06729324763709,0.63126015830379,0.,            435P    911
0.08425421036992,0.67220754456429,0.,0.10121517310275,               435P    912
0.71315493082479,0.,0.12583867446385,0.75000660485882,0.,            435P    913
0.15046217582496,0.78685827889285,0.,0.18180194846605,               435P    914
0.81819805153395,0.,0.21314172110715,0.84953782417504,0.,            435P    915
0.24999339514118,0.87416132553615,0.,0.28684506917521,               435P    916
0.89878482689725,0.,0.32779245543571,0.91574578963008,0.,            435P    917
0.36873984169621,0.93270675236291,0.,0.41220935509274,               435P    918
0.94135337618145,0.,0.45567886848928,0.95,0.,0.5,0.95,0.,            435P    919
0.54432113151072,0.95,0.,0.58779064490726,0.94135337618145,0.,       435P    920
0.63126015830379,0.93270675236291,0.,0.67220754456429,               435P    921
0.91574578963008,0.,0.71315493082479,0.89878482689725,0.,            435P    922
0.75000660485882,0.87416132553615,0.,0.78685827889285,               435P    923
0.84953782417504,0.,0.81819805153395,0.81819805153395,0.,            435P    924
0.84953782417504,0.78685827889285,0.,0.87416132553615,               435P    925
0.75000660485882,0.,0.89878482689725,0.71315493082479,0.,            435P    926
0.91574578963008,0.67220754456429,0.,0.93270675236291,               435P    927
0.63126015830379,0.,0.94135337618145,0.58779064490726,0.,0.95,       435P    928
0.54432113151073,0.,0.95,0.5,0.,0.95,0.45567886848928,0.,            435P    929
0.94135337618145,0.41220935509274,0.,0.93270675236291,               435P    930
0.36873984169621,0.,0.91574578963008,0.32779245543571,0.,            435P    931
0.89878482689725,0.28684506917521,0.,0.87416132553615,               435P    932
0.24999339514118,0.,0.84953782417504,0.21314172110715,0.,            435P    933
0.81819805153395,0.18180194846605,0.,0.78685827889285,               435P    934
0.15046217582496,0.,0.75000660485882,0.12583867446386,0.,            435P    935
0.71315493082479,0.10121517310275,0.,0.67220754456429,               435P    936
0.08425421036992,0.,0.63126015830379,0.06729324763709,0.,            435P    937
0.58779064490726,0.05864662381855,0.,0.54432113151072,0.05,0.,       435P    938
0.5,0.05,0.,0.45567886848928,0.05,0.,0.41220935509274,               435P    939
0.05864662381855,0.,0.36873984169621,0.06729324763709,0.,            435P    940
0.32779245543571,0.08425421036992,0.,0.28684506917521,               435P    941
0.10121517310275,0.,0.24999339514118,0.12583867446385,0.,            435P    942
0.21314172110715,0.15046217582496,0.,0.18180194846605,               435P    943
0.18180194846605,0.,0.15046217582496,0.21314172110715,0.,            435P    944
0.12583867446385,0.24999339514118,0.,0.10121517310275,               435P    945
0.28684506917521,0.,0.08425421036992,0.32779245543571,0.,            435P    946
0.06729324763709,0.36873984169621,0.,0.05864662381855,               435P    947
0.41220935509274,0.,0.05,0.45567886848928,0.,0.05,0.5,0.,0.,         435P    948
6.28318530717959,0.,0.,1.;                                           435P    949
102,1,435;                                                           437P    950
124,1.,0.,0.,-0.01092391163111,0.,1.,0.,0.03958695456386,0.,0.,      439P    951
1.,0.;                                                               439P    952
100,0.,0.,0.,0.0675,0.,0.0675,-0.;                                   441P    953
102,1,441;                                                           443P    954
142,1,339,437,443,2;                                                 445P    955
144,339,1,5,385,397,409,421,433,445;                                 447P    956
314,61.5686297416687,81.17647171020508,92.9411768913269,10HMixed     449P    957
Color;                                                               449P    958
110,-0.07792391163111,-0.02741304543614,0.15,-0.07792391163111,      451P    959
-0.02741304543614,-0.85;                                             451P    960
110,-0.08592391163111,-0.02741304543614,0.,-0.08592391163111,        453P    961
-0.02741304543614,0.15;                                              453P    962
120,451,453,0.,6.28318530717959;                                     455P    963
126,1,1,1,0,1,0,-4.71238898038469,-4.71238898038469,                 457P    964
-3.14159265358979,-3.14159265358979,1.,1.,1.,4.71238898038469,       457P    965
0.,1.,6.28318530717959,0.,-4.71238898038469,-3.14159265358979,       457P    966
0.,0.,1.;                                                            457P    967
126,1,1,1,0,1,0,0.,0.,0.15,0.15,1.,1.,1.,6.28318530717959,0.,0.,     459P    968
6.28318530717959,0.,0.,0.15,0.,0.,1.;                                459P    969
126,1,1,1,0,1,0,3.14159265358979,3.14159265358979,                   461P    970
4.71238898038469,4.71238898038469,1.,1.,0.,6.28318530717959,0.,      461P    971
0.,4.71238898038469,0.,3.14159265358979,4.71238898038469,0.,0.,      461P    972
1.;                                                                  461P    973
126,1,1,1,0,1,0,-0.15,-0.15,0.,0.,1.,1.,0.,4.71238898038469,0.,      463P    974
1.,4.71238898038469,0.,-0.15,0.,0.,0.,1.;                            463P    975
102,4,457,459,461,463;                                               465P    976
124,1.,0.,0.,-0.07792391163111,0.,-1.,0.,-0.02741304543614,0.,       467P    977
0.,-1.,0.15;                                                         467P    978
100,0.,0.,0.,-0.,0.008,-0.008,-0.;                                   469P    979
110,-0.08592391163111,-0.02741304543614,0.15,-0.08592391163111,      471P    980
-0.02741304543614,0.;                                                471P    981
124,1.,0.,0.,-0.07792391163111,0.,1.,0.,-0.02741304543614,0.,0.,     473P    982
1.,0.;                                                               473P    983
100,0.,0.,0.,-0.008,0.,-0.,-0.008;                                   475P    984
110,-0.07792391163111,-0.03541304543614,0.,-0.07792391163111,        477P    985
-0.03541304543614,0.15;                                              477P    986
102,4,469,471,475,477;                                               479P    987
142,1,455,465,479,2;                                                 481P    988
144,455,1,0,481;                                                     483P    989
314,61.5686297416687,81.17647171020508,92.9411768913269,10HMixed     485P    990
Color;                                                               485P    991
110,0.05607608836889,-0.02741304543614,0.15,0.05607608836889,        487P    992
-0.02741304543614,1.15;                                              487P    993
110,0.06407608836889,-0.02741304543614,0.15,0.06407608836889,        489P    994
-0.02741304543614,0.;                                                489P    995
120,487,489,0.,6.28318530717959;                                     491P    996
126,1,1,1,0,1,0,-6.28318530717959,-6.28318530717959,                 493P    997
-4.71238898038469,-4.71238898038469,1.,1.,0.,6.28318530717959,       493P    998
0.,0.,4.71238898038469,0.,-6.28318530717959,-4.71238898038469,       493P    999
0.,0.,1.;                                                            493P   1000
126,1,1,1,0,1,0,0.,0.,0.15,0.15,1.,1.,0.,4.71238898038469,0.,1.,     495P   1001
4.71238898038469,0.,0.,0.15,0.,0.,1.;                                495P   1002
126,1,1,1,0,1,0,4.71238898038469,4.71238898038469,                   497P   1003
6.28318530717959,6.28318530717959,1.,1.,1.,4.71238898038469,0.,      497P   1004
1.,6.28318530717959,0.,4.71238898038469,6.28318530717959,0.,0.,      497P   1005
1.;                                                                  497P   1006
126,1,1,1,0,1,0,0.,0.,0.15,0.15,1.,1.,1.,6.28318530717959,0.,0.,     499P   1007
6.28318530717959,0.,0.,0.15,0.,0.,1.;                                499P   1008
102,4,493,495,497,499;                                               501P   1009
124,1.,0.,0.,0.05607608836889,0.,-1.,0.,-0.02741304543614,0.,0.,     503P   1010
-1.,0.15;                                                            503P   1011
100,0.,0.,0.,0.008,0.,-0.,0.008;                                     505P   1012
110,0.05607608836889,-0.03541304543614,0.15,0.05607608836889,        507P   1013
-0.03541304543614,0.;                                                507P   1014
124,1.,0.,0.,0.05607608836889,0.,1.,0.,-0.02741304543614,0.,0.,      509P   1015
1.,0.;                                                               509P   1016
100,0.,0.,0.,-0.,-0.008,0.008,-0.;                                   511P   1017
110,0.06407608836889,-0.02741304543614,0.,0.06407608836889,          513P   1018
-0.02741304543614,0.15;                                              513P   1019
102,4,505,507,511,513;                                               515P   1020
142,1,491,501,515,2;                                                 517P   1021
144,491,1,0,517;                                                     519P   1022
314,61.5686297416687,81.17647171020508,92.9411768913269,10HMixed     521P   1023
Color;                                                               521P   1024
110,0.05607608836889,0.10658695456386,0.15,0.05607608836889,         523P   1025
0.10658695456386,-0.85;                                              523P   1026
110,0.04807608836889,0.10658695456386,0.,0.04807608836889,           525P   1027
0.10658695456386,0.15;                                               525P   1028
120,523,525,0.,6.28318530717959;                                     527P   1029
126,1,1,1,0,1,0,-1.5707963267949,-1.5707963267949,0.,0.,1.,1.,       529P   1030
1.,1.5707963267949,0.,1.,3.14159265358979,0.,-1.5707963267949,       529P   1031
0.,0.,0.,1.;                                                         529P   1032
126,1,1,1,0,1,0,0.,0.,0.15,0.15,1.,1.,1.,3.14159265358979,0.,0.,     531P   1033
3.14159265358979,0.,0.,0.15,0.,0.,1.;                                531P   1034
126,1,1,1,0,1,0,0.,0.,1.5707963267949,1.5707963267949,1.,1.,0.,      533P   1035
3.14159265358979,0.,0.,1.5707963267949,0.,0.,1.5707963267949,0.,     533P   1036
0.,1.;                                                               533P   1037
126,1,1,1,0,1,0,-0.15,-0.15,0.,0.,1.,1.,0.,1.5707963267949,0.,       535P   1038
1.,1.5707963267949,0.,-0.15,0.,0.,0.,1.;                             535P   1039
102,4,529,531,533,535;                                               537P   1040
124,1.,0.,0.,0.05607608836889,0.,-1.,0.,0.10658695456386,0.,0.,      539P   1041
-1.,0.15;                                                            539P   1042
100,0.,0.,0.,0.,-0.008,0.008,0.;                                     541P   1043
110,0.06407608836889,0.10658695456386,0.15,0.06407608836889,         543P   1044
0.10658695456386,0.;                                                 543P   1045
124,1.,0.,0.,0.05607608836889,0.,1.,0.,0.10658695456386,0.,0.,       545P   1046
1.,0.;                                                               545P   1047
100,0.,0.,0.,0.008,0.,0.,0.008;                                      547P   1048
110,0.05607608836889,0.11458695456386,0.,0.05607608836889,           549P   1049
0.11458695456386,0.15;                                               549P   1050
102,4,541,543,547,549;                                               551P   1051
142,1,527,537,551,2;                                                 553P   1052
144,527,1,0,553;                                                     555P   1053
314,61.5686297416687,81.17647171020508,92.9411768913269,10HMixed     557P   1054
Color;                                                               557P   1055
110,-0.07792391163111,0.10658695456386,0.15,-0.07792391163111,       559P   1056
0.10658695456386,1.15;                                               559P   1057
110,-0.06992391163111,0.10658695456386,0.15,-0.06992391163111,       561P   1058
0.10658695456386,0.;                                                 561P   1059
120,559,561,0.,6.28318530717959;                                     563P   1060
126,1,1,1,0,1,0,-3.14159265358979,-3.14159265358979,                 565P   1061
-1.5707963267949,-1.5707963267949,1.,1.,0.,3.14159265358979,0.,      565P   1062
0.,1.5707963267949,0.,-3.14159265358979,-1.5707963267949,0.,0.,      565P   1063
1.;                                                                  565P   1064
126,1,1,1,0,1,0,0.,0.,0.15,0.15,1.,1.,0.,1.5707963267949,0.,1.,      567P   1065
1.5707963267949,0.,0.,0.15,0.,0.,1.;                                 567P   1066
126,1,1,1,0,1,0,1.5707963267949,1.5707963267949,                     569P   1067
3.14159265358979,3.14159265358979,1.,1.,1.,1.5707963267949,0.,       569P   1068
1.,3.14159265358979,0.,1.5707963267949,3.14159265358979,0.,0.,       569P   1069
1.;                                                                  569P   1070
126,1,1,1,0,1,0,0.,0.,0.15,0.15,1.,1.,1.,3.14159265358979,0.,0.,     571P   1071
3.14159265358979,0.,0.,0.15,0.,0.,1.;                                571P   1072
102,4,565,567,569,571;                                               573P   1073
124,1.,0.,0.,-0.07792391163111,0.,-1.,0.,0.10658695456386,0.,0.,     575P   1074
-1.,0.15;                                                            575P   1075
100,0.,0.,0.,-0.008,-0.,0.,-0.008;                                   577P   1076
110,-0.07792391163111,0.11458695456386,0.15,-0.07792391163111,       579P   1077
0.11458695456386,0.;                                                 579P   1078
124,1.,0.,0.,-0.07792391163111,0.,1.,0.,0.10658695456386,0.,0.,      581P   1079
1.,0.;                                                               581P   1080
100,0.,0.,0.,0.,0.008,-0.008,0.;                                     583P   1081
110,-0.08592391163111,0.10658695456386,0.,-0.08592391163111,         585P   1082
0.10658695456386,0.15;                                               585P   1083
102,4,577,579,583,585;                                               587P   1084
142,1,563,573,587,2;                                                 589P   1085
144,563,1,0,589;                                                     591P   1086
314,61.5686297416687,81.17647171020508,92.9411768913269,10HMixed     593P   1087
Color;                                                               593P   1088
110,-0.01092391163111,-0.01041304543614,0.075,-0.01092391163111,     595P   1089
-1.01041304543614,0.075;                                             595P   1090
110,-0.01092391163111,-0.02941304543614,0.015,-0.01092391163111,     597P   1091
-0.03541304543614,0.015;                                             597P   1092
120,595,597,0.,6.28318530717959;                                     599P   1093
126,1,1,1,0,1,0,-6.28318530717959,-6.28318530717959,0.,0.,1.,1.,     601P   1094
0.,6.28318530717959,0.,0.,0.,0.,-6.28318530717959,0.,0.,0.,1.;       601P   1095
126,1,1,1,0,1,0,0.,0.,1.,1.,1.,1.,0.,0.,0.,0.,6.28318530717959,      603P   1096
0.,0.,1.,0.,0.,1.;                                                   603P   1097
126,1,1,1,0,1,0,0.019,0.019,0.025,0.025,1.,1.,0.,                    605P   1098
6.28318530717959,0.,1.,6.28318530717959,0.,0.019,0.025,0.,0.,1.;     605P   1099
126,1,1,1,0,1,0,0.,0.,1.,1.,1.,1.,1.,6.28318530717959,0.,1.,0.,      607P   1100
0.,0.,1.,0.,0.,1.;                                                   607P   1101
126,1,1,1,0,1,0,0.,0.,6.28318530717959,6.28318530717959,1.,1.,       609P   1102
1.,0.,0.,1.,6.28318530717959,0.,0.,6.28318530717959,0.,0.,1.;        609P   1103
126,1,1,1,0,1,0,0.,0.,1.,1.,1.,1.,1.,6.28318530717959,0.,1.,0.,      611P   1104
0.,0.,1.,0.,0.,1.;                                                   611P   1105
126,1,1,1,0,1,0,-0.025,-0.025,-0.019,-0.019,1.,1.,1.,0.,0.,0.,       613P   1106
0.,0.,-0.025,-0.019,0.,0.,1.;                                        613P   1107
126,1,1,1,0,1,0,0.,0.,1.,1.,1.,1.,0.,0.,0.,0.,6.28318530717959,      615P   1108
0.,0.,1.,0.,0.,1.;                                                   615P   1109
102,8,601,603,605,607,609,611,613,615;                               617P   1110
124,0.,-1.,0.,-0.01092391163111,0.,0.,1.,-0.02941304543614,-1.,      619P   1111
0.,0.,0.075;                                                         619P   1112
100,0.,0.,0.,0.06,0.,0.06,0.;                                        621P   1113
110,-0.01092391163111,-0.02941304543614,0.015,-0.01092391163111,     623P   1114
-0.03541304543614,0.015;                                             623P   1115
124,0.,1.,0.,-0.01092391163111,0.,0.,-1.,-0.03541304543614,-1.,      625P   1116
0.,0.,0.075;                                                         625P   1117
100,0.,0.,0.,0.06,0.,0.06,-0.;                                       627P   1118
110,-0.01092391163111,-0.03541304543614,0.015,-0.01092391163111,     629P   1119
-0.02941304543614,0.015;                                             629P   1120
102,4,621,623,627,629;                                               631P   1121
142,1,599,617,631,2;                                                 633P   1122
144,599,1,0,633;                                                     635P   1123
314,61.5686297416687,81.17647171020508,92.9411768913269,10HMixed     637P   1124
Color;                                                               637P   1125
110,-0.07792391163111,0.10858695456386,0.144,-0.07792391163111,      639P   1126
0.10858695456386,0.006;                                              639P   1127
122,639,0.05607608836889,0.10858695456386,0.144;                     641P   1128
126,1,1,1,0,1,0,-0.067,-0.067,0.067,0.067,1.,1.,1.,0.,0.,1.,1.,      643P   1129
0.,-0.067,0.067,0.,0.,1.;                                            643P   1130
126,1,1,1,0,1,0,-0.144,-0.144,-0.006,-0.006,1.,1.,1.,1.,0.,0.,       645P   1131
1.,0.,-0.144,-0.006,0.,0.,1.;                                        645P   1132
126,1,1,1,0,1,0,-0.067,-0.067,0.067,0.067,1.,1.,0.,1.,0.,0.,0.,      647P   1133
0.,-0.067,0.067,0.,0.,1.;                                            647P   1134
126,1,1,1,0,1,0,0.006,0.006,0.144,0.144,1.,1.,0.,0.,0.,1.,0.,0.,     649P   1135
0.006,0.144,0.,0.,1.;                                                649P   1136
102,4,643,645,647,649;                                               651P   1137
110,-0.07792391163111,0.10858695456386,0.006,0.05607608836889,       653P   1138
0.10858695456386,0.006;                                              653P   1139
110,0.05607608836889,0.10858695456386,0.006,0.05607608836889,        655P   1140
0.10858695456386,0.144;                                              655P   1141
110,0.05607608836889,0.10858695456386,0.144,-0.07792391163111,       657P   1142
0.10858695456386,0.144;                                              657P   1143
110,-0.07792391163111,0.10858695456386,0.144,-0.07792391163111,      659P   1144
0.10858695456386,0.006;                                              659P   1145
102,4,653,655,657,659;                                               661P   1146
142,1,641,651,661,2;                                                 663P   1147
144,641,1,0,663;                                                     665P   1148
314,61.5686297416687,81.17647171020508,92.9411768913269,10HMixed     667P   1149
Color;                                                               667P   1150
110,-0.07992391163111,-0.02741304543614,0.006,-0.07992391163111,     669P   1151
0.10658695456386,0.006;                                              669P   1152
122,669,-0.07992391163111,-0.02741304543614,0.144;                   671P   1153
126,1,1,1,0,1,0,-0.067,-0.067,0.067,0.067,1.,1.,1.,1.,0.,-0.,1.,     673P   1154
0.,-0.067,0.067,0.,0.,1.;                                            673P   1155
126,1,1,1,0,1,0,0.006,0.006,0.144,0.144,1.,1.,-0.,1.,0.,-0.,0.,      675P   1156
0.,0.006,0.144,0.,0.,1.;                                             675P   1157
126,1,1,1,0,1,0,-0.067,-0.067,0.067,0.067,1.,1.,-0.,0.,0.,1.,0.,     677P   1158
0.,-0.067,0.067,0.,0.,1.;                                            677P   1159
126,1,1,1,0,1,0,-0.144,-0.144,-0.006,-0.006,1.,1.,1.,0.,0.,1.,       679P   1160
1.,0.,-0.144,-0.006,0.,0.,1.;                                        679P   1161
102,4,673,675,677,679;                                               681P   1162
110,-0.07992391163111,0.10658695456386,0.144,-0.07992391163111,      683P   1163
-0.02741304543614,0.144;                                             683P   1164
110,-0.07992391163111,-0.02741304543614,0.144,-0.07992391163111,     685P   1165
-0.02741304543614,0.006;                                             685P   1166
110,-0.07992391163111,-0.02741304543614,0.006,-0.07992391163111,     687P   1167
0.10658695456386,0.006;                                              687P   1168
110,-0.07992391163111,0.10658695456386,0.006,-0.07992391163111,      689P   1169
0.10658695456386,0.144;                                              689P   1170
102,4,683,685,687,689;                                               691P   1171
142,1,671,681,691,2;                                                 693P   1172
144,671,1,0,693;                                                     695P   1173
314,61.5686297416687,81.17647171020508,92.9411768913269,10HMixed     697P   1174
Color;                                                               697P   1175
110,-0.07792391163111,-0.02941304543614,0.006,-0.07792391163111,     699P   1176
-0.02941304543614,0.144;                                             699P   1177
122,699,0.05607608836889,-0.02941304543614,0.006;                    701P   1178
126,1,1,1,0,1,0,-0.067,-0.067,0.067,0.067,1.,1.,0.,1.,0.,0.,0.,      703P   1179
0.,-0.067,0.067,0.,0.,1.;                                            703P   1180
126,1,1,1,0,1,0,-0.144,-0.144,-0.006,-0.006,1.,1.,0.,0.,0.,1.,       705P   1181
0.,0.,-0.144,-0.006,0.,0.,1.;                                        705P   1182
126,1,1,1,0,1,0,-0.067,-0.067,0.067,0.067,1.,1.,1.,0.,0.,1.,1.,      707P   1183
0.,-0.067,0.067,0.,0.,1.;                                            707P   1184
126,1,1,1,0,1,0,0.006,0.006,0.144,0.144,1.,1.,1.,1.,0.,0.,1.,0.,     709P   1185
0.006,0.144,0.,0.,1.;                                                709P   1186
102,4,703,705,707,709;                                               711P   1187
110,0.05607608836889,-0.02941304543614,0.006,-0.07792391163111,      713P   1188
-0.02941304543614,0.006;                                             713P   1189
110,-0.07792391163111,-0.02941304543614,0.006,-0.07792391163111,     715P   1190
-0.02941304543614,0.144;                                             715P   1191
110,-0.07792391163111,-0.02941304543614,0.144,0.05607608836889,      717P   1192
-0.02941304543614,0.144;                                             717P   1193
110,0.05607608836889,-0.02941304543614,0.144,0.05607608836889,       719P   1194
-0.02941304543614,0.006;                                             719P   1195
102,4,713,715,717,719;                                               721P   1196
142,1,701,711,721,2;                                                 723P   1197
126,64,2,1,1,1,1,0.,0.,0.,0.19634954084936,0.19634954084936,         725P   1198
0.39269908169872,0.39269908169872,0.58904862254809,                  725P   1199
0.58904862254809,0.78539816339745,0.78539816339745,                  725P   1200
0.98174770424681,0.98174770424681,1.17809724509617,                  725P   1201
1.17809724509617,1.37444678594553,1.37444678594553,                  725P   1202
1.5707963267949,1.5707963267949,1.76714586764426,                    725P   1203
1.76714586764426,1.96349540849362,1.96349540849362,                  725P   1204
2.15984494934298,2.15984494934298,2.35619449019234,                  725P   1205
2.35619449019234,2.55254403104171,2.55254403104171,                  725P   1206
2.74889357189107,2.74889357189107,2.94524311274043,                  725P   1207
2.94524311274043,3.14159265358979,3.14159265358979,                  725P   1208
3.33794219443916,3.33794219443916,3.53429173528852,                  725P   1209
3.53429173528852,3.73064127613788,3.73064127613788,                  725P   1210
3.92699081698724,3.92699081698724,4.1233403578366,                   725P   1211
4.1233403578366,4.31968989868597,4.31968989868597,                   725P   1212
4.51603943953533,4.51603943953533,4.71238898038469,                  725P   1213
4.71238898038469,4.90873852123405,4.90873852123405,                  725P   1214
5.10508806208341,5.10508806208341,5.30143760293278,                  725P   1215
5.30143760293278,5.49778714378214,5.49778714378214,                  725P   1216
5.6941366846315,5.6941366846315,5.89048622548086,                    725P   1217
5.89048622548086,6.08683576633022,6.08683576633022,                  725P   1218
6.28318530717959,6.28318530717959,6.28318530717959,1.,1.,1.,1.,      725P   1219
1.,1.,1.,1.,1.,1.,1.,1.,1.,1.,1.,1.,1.,1.,1.,1.,1.,1.,1.,1.,1.,      725P   1220
1.,1.,1.,1.,1.,1.,1.,1.,1.,1.,1.,1.,1.,1.,1.,1.,1.,1.,1.,1.,1.,      725P   1221
1.,1.,1.,1.,1.,1.,1.,1.,1.,1.,1.,1.,1.,1.,1.,1.,1.,1.,1.,            725P   1222
0.06521739130435,0.5,0.,0.06521739130435,0.54410062836888,0.,        725P   1223
0.07357161721599,0.58735387552961,0.,0.08192584312763,               725P   1224
0.63060712269034,0.,0.09831324673422,0.67135079061123,0.,            725P   1225
0.11470065034082,0.71209445853213,0.,0.13849147291194,               725P   1226
0.7487627909043,0.,0.16228229548305,0.78543112327647,0.,             725P   1227
0.19256226904933,0.81661497665069,0.,0.2228422426156,                725P   1228
0.84779883002492,0.,0.25844772477409,0.87229982640412,0.,            725P   1229
0.29405320693257,0.89680082278333,0.,0.3336158989717,                725P   1230
0.91367740261699,0.,0.37317859101083,0.93055398245065,0.,            725P   1231
0.41517812086255,0.93915758824025,0.,0.45717765071428,               725P   1232
0.94776119402985,0.,0.5,0.94776119402985,0.,0.54282234928572,        725P   1233
0.94776119402985,0.,0.58482187913745,0.93915758824025,0.,            725P   1234
0.62682140898917,0.93055398245065,0.,0.6663841010283,                725P   1235
0.91367740261699,0.,0.70594679306743,0.89680082278333,0.,            725P   1236
0.74155227522591,0.87229982640412,0.,0.7771577573844,                725P   1237
0.84779883002492,0.,0.80743773095067,0.81661497665069,0.,            725P   1238
0.83771770451695,0.78543112327647,0.,0.86150852708806,               725P   1239
0.7487627909043,0.,0.88529934965918,0.71209445853213,0.,             725P   1240
0.90168675326578,0.67135079061123,0.,0.91807415687237,               725P   1241
0.63060712269034,0.,0.92642838278401,0.58735387552961,0.,            725P   1242
0.93478260869565,0.54410062836888,0.,0.93478260869565,0.5,0.,        725P   1243
0.93478260869565,0.45589937163112,0.,0.92642838278401,               725P   1244
0.41264612447039,0.,0.91807415687237,0.36939287730966,0.,            725P   1245
0.90168675326578,0.32864920938877,0.,0.88529934965918,               725P   1246
0.28790554146787,0.,0.86150852708806,0.2512372090957,0.,             725P   1247
0.83771770451695,0.21456887672353,0.,0.80743773095067,               725P   1248
0.18338502334931,0.,0.7771577573844,0.15220116997508,0.,             725P   1249
0.74155227522591,0.12770017359588,0.,0.70594679306743,               725P   1250
0.10319917721667,0.,0.6663841010283,0.08632259738301,0.,             725P   1251
0.62682140898917,0.06944601754935,0.,0.58482187913745,               725P   1252
0.06084241175975,0.,0.54282234928572,0.05223880597015,0.,0.5,        725P   1253
0.05223880597015,0.,0.45717765071428,0.05223880597015,0.,            725P   1254
0.41517812086255,0.06084241175975,0.,0.37317859101083,               725P   1255
0.06944601754935,0.,0.3336158989717,0.08632259738301,0.,             725P   1256
0.29405320693257,0.10319917721667,0.,0.25844772477409,               725P   1257
0.12770017359588,0.,0.2228422426156,0.15220116997508,0.,             725P   1258
0.19256226904933,0.18338502334931,0.,0.16228229548305,               725P   1259
0.21456887672353,0.,0.13849147291194,0.2512372090957,0.,             725P   1260
0.11470065034082,0.28790554146787,0.,0.09831324673422,               725P   1261
0.32864920938877,0.,0.08192584312763,0.36939287730966,0.,            725P   1262
0.07357161721599,0.41264612447039,0.,0.06521739130435,               725P   1263
0.45589937163112,0.,0.06521739130435,0.5,0.,0.,6.28318530717959,     725P   1264
0.,0.,1.;                                                            725P   1265
102,1,725;                                                           727P   1266
124,0.,1.,0.,-0.01092391163111,0.,0.,-1.,-0.02941304543614,-1.,      729P   1267
0.,0.,0.075;                                                         729P   1268
100,0.,0.,0.,0.06,0.,0.06,-0.;                                       731P   1269
102,1,731;                                                           733P   1270
142,1,701,727,733,2;                                                 735P   1271
144,701,1,1,723,735;                                                 737P   1272
314,61.5686297416687,81.17647171020508,92.9411768913269,10HMixed     739P   1273
Color;                                                               739P   1274
110,0.05807608836889,-0.02741304543614,0.006,0.05807608836889,       741P   1275
-0.02741304543614,0.144;                                             741P   1276
122,741,0.05807608836889,0.10658695456386,0.006;                     743P   1277
126,1,1,1,0,1,0,-0.067,-0.067,0.067,0.067,1.,1.,0.,1.,0.,0.,-0.,     745P   1278
0.,-0.067,0.067,0.,0.,1.;                                            745P   1279
126,1,1,1,0,1,0,-0.144,-0.144,-0.006,-0.006,1.,1.,0.,-0.,0.,1.,      747P   1280
-0.,0.,-0.144,-0.006,0.,0.,1.;                                       747P   1281
126,1,1,1,0,1,0,-0.067,-0.067,0.067,0.067,1.,1.,1.,-0.,0.,1.,1.,     749P   1282
0.,-0.067,0.067,0.,0.,1.;                                            749P   1283
126,1,1,1,0,1,0,0.006,0.006,0.144,0.144,1.,1.,1.,1.,0.,0.,1.,0.,     751P   1284
0.006,0.144,0.,0.,1.;                                                751P   1285
102,4,745,747,749,751;                                               753P   1286
110,0.05807608836889,0.10658695456386,0.006,0.05807608836889,        755P   1287
-0.02741304543614,0.006;                                             755P   1288
110,0.05807608836889,-0.02741304543614,0.006,0.05807608836889,       757P   1289
-0.02741304543614,0.144;                                             757P   1290
110,0.05807608836889,-0.02741304543614,0.144,0.05807608836889,       759P   1291
0.10658695456386,0.144;                                              759P   1292
110,0.05807608836889,0.10658695456386,0.144,0.05807608836889,        761P   1293
0.10658695456386,0.006;                                              761P   1294
102,4,755,757,759,761;                                               763P   1295
142,1,743,753,763,2;                                                 765P   1296
144,743,1,0,765;                                                     767P   1297
314,61.5686297416687,81.17647171020508,92.9411768913269,10HMixed     769P   1298
Color;                                                               769P   1299
110,0.05807608836889,-0.02941304543614,0.144,-0.07992391163111,      771P   1300
-0.02941304543614,0.144;                                             771P   1301
122,771,0.05807608836889,0.10858695456386,0.144;                     773P   1302
126,1,1,1,0,1,0,-0.067,-0.067,0.067,0.067,1.,1.,                     775P   1303
0.98550724637681,1.,0.,0.01449275362319,1.,0.,-0.067,0.067,0.,       775P   1304
0.,1.;                                                               775P   1305
126,8,2,1,0,1,0,-1.5707963267949,-1.5707963267949,                   777P   1306
-1.5707963267949,-1.17809724509617,-1.17809724509617,                777P   1307
-0.78539816339745,-0.78539816339745,-0.39269908169872,               777P   1308
-0.39269908169872,0.,0.,0.,1.,1.,1.,1.,1.,1.,1.,1.,1.,               777P   1309
0.01449275362319,1.,0.,0.01160996569015,1.,0.,0.00894661692225,      777P   1310
0.998896804819,0.,0.00628326815434,0.99779360963801,0.,              777P   1311
0.00424482925817,0.99575517074183,0.,0.00220639036199,               777P   1312
0.99371673184566,0.,0.001103195181,0.99105338307776,0.,0.,           777P   1313
0.98839003430985,0.,0.,0.98550724637681,0.,-1.5707963267949,0.,      777P   1314
0.,0.,1.;                                                            777P   1315
126,1,1,1,0,1,0,-0.067,-0.067,0.067,0.067,1.,1.,0.,                  779P   1316
0.98550724637681,0.,0.,0.01449275362319,0.,-0.067,0.067,0.,0.,       779P   1317
1.;                                                                  779P   1318
126,8,2,1,0,1,0,-6.28318530717959,-6.28318530717959,                 781P   1319
-6.28318530717959,-5.89048622548086,-5.89048622548086,               781P   1320
-5.49778714378214,-5.49778714378214,-5.10508806208341,               781P   1321
-5.10508806208341,-4.71238898038469,-4.71238898038469,               781P   1322
-4.71238898038469,1.,1.,1.,1.,1.,1.,1.,1.,1.,0.,                     781P   1323
0.01449275362319,0.,0.,0.01160996569015,0.,0.001103195181,           781P   1324
0.00894661692225,0.,0.00220639036199,0.00628326815434,0.,            781P   1325
0.00424482925817,0.00424482925817,0.,0.00628326815434,               781P   1326
0.00220639036199,0.,0.00894661692225,0.001103195181,0.,              781P   1327
0.01160996569015,0.,0.,0.01449275362319,0.,0.,-6.28318530717959,     781P   1328
-4.71238898038469,0.,0.,1.;                                          781P   1329
126,1,1,1,0,1,0,-0.067,-0.067,0.067,0.067,1.,1.,                     783P   1330
0.01449275362319,0.,0.,0.98550724637681,0.,0.,-0.067,0.067,0.,       783P   1331
0.,1.;                                                               783P   1332
126,8,2,1,0,1,0,-4.71238898038469,-4.71238898038469,                 785P   1333
-4.71238898038469,-4.31968989868597,-4.31968989868597,               785P   1334
-3.92699081698724,-3.92699081698724,-3.53429173528852,               785P   1335
-3.53429173528852,-3.14159265358979,-3.14159265358979,               785P   1336
-3.14159265358979,1.,1.,1.,1.,1.,1.,1.,1.,1.,0.98550724637681,       785P   1337
0.,0.,0.98839003430985,0.,0.,0.99105338307775,0.001103195181,0.,     785P   1338
0.99371673184566,0.00220639036199,0.,0.99575517074183,               785P   1339
0.00424482925817,0.,0.99779360963801,0.00628326815434,0.,            785P   1340
0.998896804819,0.00894661692225,0.,1.,0.01160996569015,0.,1.,        785P   1341
0.01449275362319,0.,-4.71238898038469,-3.14159265358979,0.,0.,       785P   1342
1.;                                                                  785P   1343
126,1,1,1,0,1,0,-0.067,-0.067,0.067,0.067,1.,1.,1.,                  787P   1344
0.01449275362319,0.,1.,0.98550724637681,0.,-0.067,0.067,0.,0.,       787P   1345
1.;                                                                  787P   1346
126,8,2,1,0,1,0,-3.14159265358979,-3.14159265358979,                 789P   1347
-3.14159265358979,-2.74889357189107,-2.74889357189107,               789P   1348
-2.35619449019234,-2.35619449019234,-1.96349540849362,               789P   1349
-1.96349540849362,-1.5707963267949,-1.5707963267949,                 789P   1350
-1.5707963267949,1.,1.,1.,1.,1.,1.,1.,1.,1.,1.,0.98550724637681,     789P   1351
0.,1.,0.98839003430985,0.,0.998896804819,0.99105338307776,0.,        789P   1352
0.99779360963801,0.99371673184566,0.,0.99575517074183,               789P   1353
0.99575517074183,0.,0.99371673184566,0.99779360963801,0.,            789P   1354
0.99105338307775,0.998896804819,0.,0.98839003430985,1.,0.,           789P   1355
0.98550724637681,1.,0.,-3.14159265358979,-1.5707963267949,0.,0.,     789P   1356
1.;                                                                  789P   1357
102,8,775,777,779,781,783,785,787,789;                               791P   1358
110,-0.07792391163111,0.10858695456386,0.144,0.05607608836889,       793P   1359
0.10858695456386,0.144;                                              793P   1360
124,1.,0.,0.,0.05607608836889,0.,-1.,0.,0.10658695456386,0.,0.,      795P   1361
-1.,0.144;                                                           795P   1362
100,0.,0.,0.,0.,-0.002,0.002,0.;                                     797P   1363
110,0.05807608836889,0.10658695456386,0.144,0.05807608836889,        799P   1364
-0.02741304543614,0.144;                                             799P   1365
124,1.,0.,0.,0.05607608836889,0.,-1.,0.,-0.02741304543614,0.,0.,     801P   1366
-1.,0.144;                                                           801P   1367
100,0.,0.,0.,0.002,0.,-0.,0.002;                                     803P   1368
110,0.05607608836889,-0.02941304543614,0.144,-0.07792391163111,      805P   1369
-0.02941304543614,0.144;                                             805P   1370
124,1.,0.,0.,-0.07792391163111,0.,-1.,0.,-0.02741304543614,0.,       807P   1371
0.,-1.,0.144;                                                        807P   1372
100,0.,0.,0.,-0.,0.002,-0.002,-0.;                                   809P   1373
110,-0.07992391163111,-0.02741304543614,0.144,-0.07992391163111,     811P   1374
0.10658695456386,0.144;                                              811P   1375
124,1.,0.,0.,-0.07792391163111,0.,-1.,0.,0.10658695456386,0.,0.,     813P   1376
-1.,0.144;                                                           813P   1377
100,0.,0.,0.,-0.002,-0.,0.,-0.002;                                   815P   1378
102,8,793,797,799,803,805,809,811,815;                               817P   1379
142,1,773,791,817,2;                                                 819P   1380
126,32,2,1,1,1,1,0.,0.,0.,0.39269908169872,0.39269908169872,         821P   1381
0.78539816339745,0.78539816339745,1.17809724509617,                  821P   1382
1.17809724509617,1.5707963267949,1.5707963267949,                    821P   1383
1.96349540849362,1.96349540849362,2.35619449019234,                  821P   1384
2.35619449019234,2.74889357189107,2.74889357189107,                  821P   1385
3.14159265358979,3.14159265358979,3.53429173528852,                  821P   1386
3.53429173528852,3.92699081698724,3.92699081698724,                  821P   1387
4.31968989868597,4.31968989868597,4.71238898038469,                  821P   1388
4.71238898038469,5.10508806208341,5.10508806208341,                  821P   1389
5.49778714378214,5.49778714378214,5.89048622548086,                  821P   1390
5.89048622548086,6.28318530717959,6.28318530717959,                  821P   1391
6.28318530717959,1.,1.,1.,1.,1.,1.,1.,1.,1.,1.,1.,1.,1.,1.,1.,       821P   1392
1.,1.,1.,1.,1.,1.,1.,1.,1.,1.,1.,1.,1.,1.,1.,1.,1.,1.,               821P   1393
0.05480935182688,0.92272688005718,0.,0.05480935182688,               821P   1394
0.92719520135339,0.,0.05651930435743,0.93132339194364,0.,            821P   1395
0.05822925688797,0.93545158253389,0.,0.06138883717704,               821P   1396
0.93861116282296,0.,0.06454841746611,0.94177074311203,0.,            821P   1397
0.06867660805636,0.94348069564257,0.,0.07280479864662,               821P   1398
0.94519064817312,0.,0.07727311994283,0.94519064817312,0.,            821P   1399
0.08174144123904,0.94519064817312,0.,0.08586963182929,               821P   1400
0.94348069564257,0.,0.08999782241954,0.94177074311203,0.,            821P   1401
0.09315740270861,0.93861116282296,0.,0.09631698299768,               821P   1402
0.93545158253389,0.,0.09802693552822,0.93132339194364,0.,            821P   1403
0.09973688805877,0.92719520135339,0.,0.09973688805877,               821P   1404
0.92272688005718,0.,0.09973688805877,0.91825855876097,0.,            821P   1405
0.09802693552822,0.91413036817071,0.,0.09631698299768,               821P   1406
0.91000217758046,0.,0.09315740270861,0.90684259729139,0.,            821P   1407
0.08999782241954,0.90368301700232,0.,0.08586963182929,               821P   1408
0.90197306447178,0.,0.08174144123904,0.90026311194123,0.,            821P   1409
0.07727311994283,0.90026311194123,0.,0.07280479864662,               821P   1410
0.90026311194123,0.,0.06867660805636,0.90197306447178,0.,            821P   1411
0.06454841746611,0.90368301700232,0.,0.06138883717704,               821P   1412
0.90684259729139,0.,0.05822925688797,0.91000217758046,0.,            821P   1413
0.05651930435743,0.91413036817071,0.,0.05480935182688,               821P   1414
0.91825855876097,0.,0.05480935182688,0.92272688005718,0.,0.,         821P   1415
6.28318530717959,0.,0.,1.;                                           821P   1416
102,1,821;                                                           823P   1417
124,1.,0.,0.,0.04741239781678,0.,1.,0.,0.09792326401175,0.,0.,       825P   1418
1.,0.144;                                                            825P   1419
100,0.,0.,0.,0.0031,0.,0.0031,-0.;                                   827P   1420
102,1,827;                                                           829P   1421
142,1,773,823,829,2;                                                 831P   1422
126,32,2,1,1,1,1,0.,0.,0.,0.39269908169872,0.39269908169872,         833P   1423
0.78539816339745,0.78539816339745,1.17809724509617,                  833P   1424
1.17809724509617,1.5707963267949,1.5707963267949,                    833P   1425
1.96349540849362,1.96349540849362,2.35619449019234,                  833P   1426
2.35619449019234,2.74889357189107,2.74889357189107,                  833P   1427
3.14159265358979,3.14159265358979,3.53429173528852,                  833P   1428
3.53429173528852,3.92699081698724,3.92699081698724,                  833P   1429
4.31968989868597,4.31968989868597,4.71238898038469,                  833P   1430
4.71238898038469,5.10508806208341,5.10508806208341,                  833P   1431
5.49778714378214,5.49778714378214,5.89048622548086,                  833P   1432
5.89048622548086,6.28318530717959,6.28318530717959,                  833P   1433
6.28318530717959,1.,1.,1.,1.,1.,1.,1.,1.,1.,1.,1.,1.,1.,1.,1.,       833P   1434
1.,1.,1.,1.,1.,1.,1.,1.,1.,1.,1.,1.,1.,1.,1.,1.,1.,1.,               833P   1435
0.90026311194123,0.07727311994283,0.,0.90026311194123,               833P   1436
0.08174144123903,0.,0.90197306447178,0.08586963182929,0.,            833P   1437
0.90368301700232,0.08999782241954,0.,0.90684259729139,               833P   1438
0.09315740270861,0.,0.91000217758046,0.09631698299768,0.,            833P   1439
0.91413036817071,0.09802693552822,0.,0.91825855876097,               833P   1440
0.09973688805877,0.,0.92272688005718,0.09973688805877,0.,            833P   1441
0.92719520135339,0.09973688805877,0.,0.93132339194364,               833P   1442
0.09802693552822,0.,0.93545158253389,0.09631698299768,0.,            833P   1443
0.93861116282296,0.09315740270861,0.,0.94177074311203,               833P   1444
0.08999782241954,0.,0.94348069564257,0.08586963182929,0.,            833P   1445
0.94519064817312,0.08174144123903,0.,0.94519064817312,               833P   1446
0.07727311994283,0.,0.94519064817312,0.07280479864662,0.,            833P   1447
0.94348069564257,0.06867660805636,0.,0.94177074311203,               833P   1448
0.06454841746611,0.,0.93861116282296,0.06138883717704,0.,            833P   1449
0.93545158253389,0.05822925688797,0.,0.93132339194364,               833P   1450
0.05651930435743,0.,0.92719520135339,0.05480935182688,0.,            833P   1451
0.92272688005718,0.05480935182688,0.,0.91825855876097,               833P   1452
0.05480935182688,0.,0.91413036817071,0.05651930435743,0.,            833P   1453
0.91000217758046,0.05822925688797,0.,0.90684259729139,               833P   1454
0.06138883717704,0.,0.90368301700232,0.06454841746611,0.,            833P   1455
0.90197306447178,0.06867660805636,0.,0.90026311194123,               833P   1456
0.07280479864662,0.,0.90026311194123,0.07727311994283,0.,0.,         833P   1457
6.28318530717959,0.,0.,1.;                                           833P   1458
102,1,833;                                                           835P   1459
124,1.,0.,0.,-0.069260221079,0.,1.,0.,-0.01874935488403,0.,0.,       837P   1460
1.,0.144;                                                            837P   1461
100,0.,0.,0.,0.0031,0.,0.0031,-0.;                                   839P   1462
102,1,839;                                                           841P   1463
142,1,773,835,841,2;                                                 843P   1464
126,32,2,1,1,1,1,0.,0.,0.,0.39269908169872,0.39269908169872,         845P   1465
0.78539816339745,0.78539816339745,1.17809724509617,                  845P   1466
1.17809724509617,1.5707963267949,1.5707963267949,                    845P   1467
1.96349540849362,1.96349540849362,2.35619449019234,                  845P   1468
2.35619449019234,2.74889357189107,2.74889357189107,                  845P   1469
3.14159265358979,3.14159265358979,3.53429173528852,                  845P   1470
3.53429173528852,3.92699081698724,3.92699081698724,                  845P   1471
4.31968989868597,4.31968989868597,4.71238898038469,                  845P   1472
4.71238898038469,5.10508806208341,5.10508806208341,                  845P   1473
5.49778714378214,5.49778714378214,5.89048622548086,                  845P   1474
5.89048622548086,6.28318530717959,6.28318530717959,                  845P   1475
6.28318530717959,1.,1.,1.,1.,1.,1.,1.,1.,1.,1.,1.,1.,1.,1.,1.,       845P   1476
1.,1.,1.,1.,1.,1.,1.,1.,1.,1.,1.,1.,1.,1.,1.,1.,1.,1.,               845P   1477
0.05480935182688,0.07727311994283,0.,0.05480935182688,               845P   1478
0.08174144123903,0.,0.05651930435743,0.08586963182929,0.,            845P   1479
0.05822925688797,0.08999782241954,0.,0.06138883717704,               845P   1480
0.09315740270861,0.,0.06454841746611,0.09631698299768,0.,            845P   1481
0.06867660805636,0.09802693552822,0.,0.07280479864662,               845P   1482
0.09973688805877,0.,0.07727311994283,0.09973688805877,0.,            845P   1483
0.08174144123904,0.09973688805877,0.,0.08586963182929,               845P   1484
0.09802693552822,0.,0.08999782241954,0.09631698299768,0.,            845P   1485
0.09315740270861,0.09315740270861,0.,0.09631698299768,               845P   1486
0.08999782241954,0.,0.09802693552822,0.08586963182929,0.,            845P   1487
0.09973688805877,0.08174144123903,0.,0.09973688805877,               845P   1488
0.07727311994283,0.,0.09973688805877,0.07280479864662,0.,            845P   1489
0.09802693552822,0.06867660805636,0.,0.09631698299768,               845P   1490
0.06454841746611,0.,0.09315740270861,0.06138883717704,0.,            845P   1491
0.08999782241954,0.05822925688797,0.,0.08586963182929,               845P   1492
0.05651930435743,0.,0.08174144123904,0.05480935182688,0.,            845P   1493
0.07727311994283,0.05480935182688,0.,0.07280479864662,               845P   1494
0.05480935182688,0.,0.06867660805636,0.05651930435743,0.,            845P   1495
0.06454841746611,0.05822925688797,0.,0.06138883717704,               845P   1496
0.06138883717704,0.,0.05822925688797,0.06454841746611,0.,            845P   1497
0.05651930435743,0.06867660805636,0.,0.05480935182688,               845P   1498
0.07280479864662,0.,0.05480935182688,0.07727311994283,0.,0.,         845P   1499
6.28318530717959,0.,0.,1.;                                           845P   1500
102,1,845;                                                           847P   1501
124,1.,0.,0.,0.04741239781678,0.,1.,0.,-0.01874935488403,0.,0.,      849P   1502
1.,0.144;                                                            849P   1503
100,0.,0.,0.,0.0031,0.,0.0031,-0.;                                   851P   1504
102,1,851;                                                           853P   1505
142,1,773,847,853,2;                                                 855P   1506
126,32,2,1,1,1,1,0.,0.,0.,0.39269908169872,0.39269908169872,         857P   1507
0.78539816339745,0.78539816339745,1.17809724509617,                  857P   1508
1.17809724509617,1.5707963267949,1.5707963267949,                    857P   1509
1.96349540849362,1.96349540849362,2.35619449019234,                  857P   1510
2.35619449019234,2.74889357189107,2.74889357189107,                  857P   1511
3.14159265358979,3.14159265358979,3.53429173528852,                  857P   1512
3.53429173528852,3.92699081698724,3.92699081698724,                  857P   1513
4.31968989868597,4.31968989868597,4.71238898038469,                  857P   1514
4.71238898038469,5.10508806208341,5.10508806208341,                  857P   1515
5.49778714378214,5.49778714378214,5.89048622548086,                  857P   1516
5.89048622548086,6.28318530717959,6.28318530717959,                  857P   1517
6.28318530717959,1.,1.,1.,1.,1.,1.,1.,1.,1.,1.,1.,1.,1.,1.,1.,       857P   1518
1.,1.,1.,1.,1.,1.,1.,1.,1.,1.,1.,1.,1.,1.,1.,1.,1.,1.,               857P   1519
0.90026311194123,0.92272688005718,0.,0.90026311194123,               857P   1520
0.92719520135339,0.,0.90197306447178,0.93132339194364,0.,            857P   1521
0.90368301700232,0.93545158253389,0.,0.90684259729139,               857P   1522
0.93861116282296,0.,0.91000217758046,0.94177074311203,0.,            857P   1523
0.91413036817071,0.94348069564257,0.,0.91825855876097,               857P   1524
0.94519064817312,0.,0.92272688005718,0.94519064817312,0.,            857P   1525
0.92719520135338,0.94519064817312,0.,0.93132339194364,               857P   1526
0.94348069564257,0.,0.93545158253389,0.94177074311203,0.,            857P   1527
0.93861116282296,0.93861116282296,0.,0.94177074311203,               857P   1528
0.93545158253389,0.,0.94348069564257,0.93132339194364,0.,            857P   1529
0.94519064817312,0.92719520135339,0.,0.94519064817312,               857P   1530
0.92272688005718,0.,0.94519064817312,0.91825855876097,0.,            857P   1531
0.94348069564257,0.91413036817071,0.,0.94177074311203,               857P   1532
0.91000217758046,0.,0.93861116282296,0.90684259729139,0.,            857P   1533
0.93545158253389,0.90368301700232,0.,0.93132339194364,               857P   1534
0.90197306447178,0.,0.92719520135338,0.90026311194123,0.,            857P   1535
0.92272688005718,0.90026311194123,0.,0.91825855876097,               857P   1536
0.90026311194123,0.,0.91413036817071,0.90197306447178,0.,            857P   1537
0.91000217758046,0.90368301700232,0.,0.90684259729139,               857P   1538
0.90684259729139,0.,0.90368301700232,0.91000217758046,0.,            857P   1539
0.90197306447178,0.91413036817071,0.,0.90026311194123,               857P   1540
0.91825855876097,0.,0.90026311194123,0.92272688005718,0.,0.,         857P   1541
6.28318530717959,0.,0.,1.;                                           857P   1542
102,1,857;                                                           859P   1543
124,1.,0.,0.,-0.069260221079,0.,1.,0.,0.09792326401175,0.,0.,1.,     861P   1544
0.144;                                                               861P   1545
100,0.,0.,0.,0.0031,0.,0.0031,-0.;                                   863P   1546
102,1,863;                                                           865P   1547
142,1,773,859,865,2;                                                 867P   1548
126,64,2,1,1,1,1,0.,0.,0.,0.19634954084936,0.19634954084936,         869P   1549
0.39269908169872,0.39269908169872,0.58904862254809,                  869P   1550
0.58904862254809,0.78539816339745,0.78539816339745,                  869P   1551
0.98174770424681,0.98174770424681,1.17809724509617,                  869P   1552
1.17809724509617,1.37444678594553,1.37444678594553,                  869P   1553
1.5707963267949,1.5707963267949,1.76714586764426,                    869P   1554
1.76714586764426,1.96349540849362,1.96349540849362,                  869P   1555
2.15984494934298,2.15984494934298,2.35619449019234,                  869P   1556
2.35619449019234,2.55254403104171,2.55254403104171,                  869P   1557
2.74889357189107,2.74889357189107,2.94524311274043,                  869P   1558
2.94524311274043,3.14159265358979,3.14159265358979,                  869P   1559
3.33794219443916,3.33794219443916,3.53429173528852,                  869P   1560
3.53429173528852,3.73064127613788,3.73064127613788,                  869P   1561
3.92699081698724,3.92699081698724,4.1233403578366,                   869P   1562
4.1233403578366,4.31968989868597,4.31968989868597,                   869P   1563
4.51603943953533,4.51603943953533,4.71238898038469,                  869P   1564
4.71238898038469,4.90873852123405,4.90873852123405,                  869P   1565
5.10508806208341,5.10508806208341,5.30143760293278,                  869P   1566
5.30143760293278,5.49778714378214,5.49778714378214,                  869P   1567
5.6941366846315,5.6941366846315,5.89048622548086,                    869P   1568
5.89048622548086,6.08683576633022,6.08683576633022,                  869P   1569
6.28318530717959,6.28318530717959,6.28318530717959,1.,1.,1.,1.,      869P   1570
1.,1.,1.,1.,1.,1.,1.,1.,1.,1.,1.,1.,1.,1.,1.,1.,1.,1.,1.,1.,1.,      869P   1571
1.,1.,1.,1.,1.,1.,1.,1.,1.,1.,1.,1.,1.,1.,1.,1.,1.,1.,1.,1.,1.,      869P   1572
1.,1.,1.,1.,1.,1.,1.,1.,1.,1.,1.,1.,1.,1.,1.,1.,1.,1.,1.,            869P   1573
0.01086956521739,0.5,0.,0.01086956521739,0.54817514294644,0.,        869P   1574
0.02026806936799,0.59542461402963,0.,0.02966657351858,               869P   1575
0.64267408511282,0.,0.048102402576,0.68718211365684,0.,              869P   1576
0.06653823163342,0.73169014220086,0.,0.09330290702593,               869P   1577
0.77174630962915,0.,0.12006758241843,0.81180247705745,0.,            869P   1578
0.15413255268049,0.84586744731951,0.,0.18819752294255,               869P   1579
0.87993241758157,0.,0.22825369037085,0.90669709297407,0.,            869P   1580
0.26830985779914,0.93346176836658,0.,0.31281788634316,               869P   1581
0.951897597424,0.,0.35732591488718,0.97033342648142,0.,              869P   1582
0.40457538597037,0.97973193063202,0.,0.45182485705356,               869P   1583
0.98913043478261,0.,0.5,0.98913043478261,0.,0.54817514294644,        869P   1584
0.98913043478261,0.,0.59542461402963,0.97973193063202,0.,            869P   1585
0.64267408511282,0.97033342648142,0.,0.68718211365684,               869P   1586
0.951897597424,0.,0.73169014220086,0.93346176836658,0.,              869P   1587
0.77174630962915,0.90669709297407,0.,0.81180247705745,               869P   1588
0.87993241758157,0.,0.84586744731951,0.84586744731951,0.,            869P   1589
0.87993241758157,0.81180247705745,0.,0.90669709297407,               869P   1590
0.77174630962915,0.,0.93346176836658,0.73169014220086,0.,            869P   1591
0.951897597424,0.68718211365684,0.,0.97033342648142,                 869P   1592
0.64267408511282,0.,0.97973193063202,0.59542461402963,0.,            869P   1593
0.98913043478261,0.54817514294644,0.,0.98913043478261,0.5,0.,        869P   1594
0.98913043478261,0.45182485705356,0.,0.97973193063202,               869P   1595
0.40457538597037,0.,0.97033342648142,0.35732591488718,0.,            869P   1596
0.951897597424,0.31281788634316,0.,0.93346176836658,                 869P   1597
0.26830985779914,0.,0.90669709297407,0.22825369037085,0.,            869P   1598
0.87993241758157,0.18819752294255,0.,0.84586744731951,               869P   1599
0.15413255268049,0.,0.81180247705745,0.12006758241844,0.,            869P   1600
0.77174630962915,0.09330290702593,0.,0.73169014220086,               869P   1601
0.06653823163342,0.,0.68718211365684,0.048102402576,0.,              869P   1602
0.64267408511282,0.02966657351858,0.,0.59542461402963,               869P   1603
0.02026806936799,0.,0.54817514294644,0.01086956521739,0.,0.5,        869P   1604
0.01086956521739,0.,0.45182485705356,0.01086956521739,0.,            869P   1605
0.40457538597037,0.02026806936799,0.,0.35732591488718,               869P   1606
0.02966657351858,0.,0.31281788634316,0.048102402576,0.,              869P   1607
0.26830985779914,0.06653823163342,0.,0.22825369037085,               869P   1608
0.09330290702593,0.,0.18819752294255,0.12006758241844,0.,            869P   1609
0.15413255268049,0.15413255268049,0.,0.12006758241843,               869P   1610
0.18819752294255,0.,0.09330290702593,0.22825369037085,0.,            869P   1611
0.06653823163342,0.26830985779914,0.,0.048102402576,                 869P   1612
0.31281788634316,0.,0.02966657351858,0.35732591488718,0.,            869P   1613
0.02026806936799,0.40457538597037,0.,0.01086956521739,               869P   1614
0.45182485705356,0.,0.01086956521739,0.5,0.,0.,6.28318530717959,     869P   1615
0.,0.,1.;                                                            869P   1616
102,1,869;                                                           871P   1617
124,1.,0.,0.,-0.01092391163111,0.,1.,0.,0.03958695456386,0.,0.,      873P   1618
1.,0.144;                                                            873P   1619
100,0.,0.,0.,0.0675,0.,0.0675,-0.;                                   875P   1620
102,1,875;                                                           877P   1621
142,1,773,871,877,2;                                                 879P   1622
144,773,1,5,819,831,843,855,867,879;                                 881P   1623
314,61.5686297416687,81.17647171020508,92.9411768913269,10HMixed     883P   1624
Color;                                                               883P   1625
110,-0.07992391163111,-0.02941304543614,0.006,0.05807608836889,      885P   1626
-0.02941304543614,0.006;                                             885P   1627
122,885,-0.07992391163111,0.10858695456386,0.006;                    887P   1628
126,1,1,1,0,1,0,-0.067,-0.067,0.067,0.067,1.,1.,0.,                  889P   1629
0.98550724637681,0.,0.,0.01449275362319,0.,-0.067,0.067,0.,0.,       889P   1630
1.;                                                                  889P   1631
126,8,2,1,0,1,0,3.14159265358979,3.14159265358979,                   891P   1632
3.14159265358979,3.53429173528852,3.53429173528852,                  891P   1633
3.92699081698724,3.92699081698724,4.31968989868597,                  891P   1634
4.31968989868597,4.71238898038469,4.71238898038469,                  891P   1635
4.71238898038469,1.,1.,1.,1.,1.,1.,1.,1.,1.,0.,0.01449275362319,     891P   1636
0.,0.,0.01160996569015,0.,0.001103195181,0.00894661692225,0.,        891P   1637
0.00220639036199,0.00628326815434,0.,0.00424482925817,               891P   1638
0.00424482925817,0.,0.00628326815434,0.00220639036199,0.,            891P   1639
0.00894661692225,0.001103195181,0.,0.01160996569015,0.,0.,           891P   1640
0.01449275362319,0.,0.,3.14159265358979,4.71238898038469,0.,0.,      891P   1641
1.;                                                                  891P   1642
126,1,1,1,0,1,0,-0.067,-0.067,0.067,0.067,1.,1.,                     893P   1643
0.01449275362319,0.,0.,0.98550724637681,0.,0.,-0.067,0.067,0.,       893P   1644
0.,1.;                                                               893P   1645
126,8,2,1,0,1,0,4.71238898038469,4.71238898038469,                   895P   1646
4.71238898038469,5.10508806208341,5.10508806208341,                  895P   1647
5.49778714378214,5.49778714378214,5.89048622548086,                  895P   1648
5.89048622548086,6.28318530717959,6.28318530717959,                  895P   1649
6.28318530717959,1.,1.,1.,1.,1.,1.,1.,1.,1.,0.98550724637681,0.,     895P   1650
0.,0.98839003430985,0.,0.,0.99105338307775,0.001103195181,0.,        895P   1651
0.99371673184566,0.00220639036199,0.,0.99575517074183,               895P   1652
0.00424482925817,0.,0.99779360963801,0.00628326815434,0.,            895P   1653
0.998896804819,0.00894661692225,0.,1.,0.01160996569015,0.,1.,        895P   1654
0.01449275362319,0.,4.71238898038469,6.28318530717959,0.,0.,1.;      895P   1655
126,1,1,1,0,1,0,-0.067,-0.067,0.067,0.067,1.,1.,1.,                  897P   1656
0.01449275362319,0.,1.,0.98550724637681,0.,-0.067,0.067,0.,0.,       897P   1657
1.;                                                                  897P   1658
126,8,2,1,0,1,0,0.,0.,0.,0.39269908169872,0.39269908169872,          899P   1659
0.78539816339745,0.78539816339745,1.17809724509617,                  899P   1660
1.17809724509617,1.5707963267949,1.5707963267949,                    899P   1661
1.5707963267949,1.,1.,1.,1.,1.,1.,1.,1.,1.,1.,0.98550724637681,      899P   1662
0.,1.,0.98839003430985,0.,0.998896804819,0.99105338307776,0.,        899P   1663
0.99779360963801,0.99371673184566,0.,0.99575517074183,               899P   1664
0.99575517074183,0.,0.99371673184566,0.99779360963801,0.,            899P   1665
0.99105338307775,0.998896804819,0.,0.98839003430985,1.,0.,           899P   1666
0.98550724637681,1.,0.,0.,1.5707963267949,0.,0.,1.;                  899P   1667
126,1,1,1,0,1,0,-0.067,-0.067,0.067,0.067,1.,1.,                     901P   1668
0.98550724637681,1.,0.,0.01449275362319,1.,0.,-0.067,0.067,0.,       901P   1669
0.,1.;                                                               901P   1670
126,8,2,1,0,1,0,1.5707963267949,1.5707963267949,1.5707963267949,     903P   1671
1.96349540849362,1.96349540849362,2.35619449019234,                  903P   1672
2.35619449019234,2.74889357189107,2.74889357189107,                  903P   1673
3.14159265358979,3.14159265358979,3.14159265358979,1.,1.,1.,1.,      903P   1674
1.,1.,1.,1.,1.,0.01449275362319,1.,0.,0.01160996569015,1.,0.,        903P   1675
0.00894661692225,0.998896804819,0.,0.00628326815434,                 903P   1676
0.99779360963801,0.,0.00424482925817,0.99575517074183,0.,            903P   1677
0.00220639036199,0.99371673184566,0.,0.001103195181,                 903P   1678
0.99105338307776,0.,0.,0.98839003430985,0.,0.,0.98550724637681,      903P   1679
0.,1.5707963267949,3.14159265358979,0.,0.,1.;                        903P   1680
102,8,889,891,893,895,897,899,901,903;                               905P   1681
110,-0.07992391163111,0.10658695456386,0.006,-0.07992391163111,      907P   1682
-0.02741304543614,0.006;                                             907P   1683
124,1.,0.,0.,-0.07792391163111,0.,1.,0.,-0.02741304543614,0.,0.,     909P   1684
1.,0.006;                                                            909P   1685
100,0.,0.,0.,-0.002,0.,-0.,-0.002;                                   911P   1686
110,-0.07792391163111,-0.02941304543614,0.006,0.05607608836889,      913P   1687
-0.02941304543614,0.006;                                             913P   1688
124,1.,0.,0.,0.05607608836889,0.,1.,0.,-0.02741304543614,0.,0.,      915P   1689
1.,0.006;                                                            915P   1690
100,0.,0.,0.,-0.,-0.002,0.002,-0.;                                   917P   1691
110,0.05807608836889,-0.02741304543614,0.006,0.05807608836889,       919P   1692
0.10658695456386,0.006;                                              919P   1693
124,1.,0.,0.,0.05607608836889,0.,1.,0.,0.10658695456386,0.,0.,       921P   1694
1.,0.006;                                                            921P   1695
100,0.,0.,0.,0.002,0.,0.,0.002;                                      923P   1696
110,0.05607608836889,0.10858695456386,0.006,-0.07792391163111,       925P   1697
0.10858695456386,0.006;                                              925P   1698
124,1.,0.,0.,-0.07792391163111,0.,1.,0.,0.10658695456386,0.,0.,      927P   1699
1.,0.006;                                                            927P   1700
100,0.,0.,0.,0.,0.002,-0.002,0.;                                     929P   1701
102,8,907,911,913,917,919,923,925,929;                               931P   1702
142,1,887,905,931,2;                                                 933P   1703
126,32,2,1,1,1,1,-6.28318530717959,-6.28318530717959,                935P   1704
-6.28318530717959,-5.89048622548086,-5.89048622548086,               935P   1705
-5.49778714378214,-5.49778714378214,-5.10508806208341,               935P   1706
-5.10508806208341,-4.71238898038469,-4.71238898038469,               935P   1707
-4.31968989868597,-4.31968989868597,-3.92699081698724,               935P   1708
-3.92699081698724,-3.53429173528852,-3.53429173528852,               935P   1709
-3.14159265358979,-3.14159265358979,-2.74889357189107,               935P   1710
-2.74889357189107,-2.35619449019234,-2.35619449019234,               935P   1711
-1.96349540849362,-1.96349540849362,-1.5707963267949,                935P   1712
-1.5707963267949,-1.17809724509617,-1.17809724509617,                935P   1713
-0.78539816339745,-0.78539816339745,-0.39269908169872,               935P   1714
-0.39269908169872,0.,0.,0.,1.,1.,1.,1.,1.,1.,1.,1.,1.,1.,1.,1.,      935P   1715
1.,1.,1.,1.,1.,1.,1.,1.,1.,1.,1.,1.,1.,1.,1.,1.,1.,1.,1.,1.,1.,      935P   1716
0.94519064817312,0.92272688005718,0.,0.94519064817312,               935P   1717
0.91825855876097,0.,0.94348069564257,0.91413036817071,0.,            935P   1718
0.94177074311203,0.91000217758046,0.,0.93861116282296,               935P   1719
0.90684259729139,0.,0.93545158253389,0.90368301700232,0.,            935P   1720
0.93132339194364,0.90197306447178,0.,0.92719520135338,               935P   1721
0.90026311194123,0.,0.92272688005717,0.90026311194123,0.,            935P   1722
0.91825855876096,0.90026311194123,0.,0.91413036817071,               935P   1723
0.90197306447178,0.,0.91000217758046,0.90368301700232,0.,            935P   1724
0.90684259729139,0.90684259729139,0.,0.90368301700232,               935P   1725
0.91000217758046,0.,0.90197306447178,0.91413036817071,0.,            935P   1726
0.90026311194123,0.91825855876097,0.,0.90026311194123,               935P   1727
0.92272688005718,0.,0.90026311194123,0.92719520135339,0.,            935P   1728
0.90197306447178,0.93132339194364,0.,0.90368301700232,               935P   1729
0.93545158253389,0.,0.90684259729139,0.93861116282296,0.,            935P   1730
0.91000217758046,0.94177074311203,0.,0.91413036817071,               935P   1731
0.94348069564257,0.,0.91825855876096,0.94519064817312,0.,            935P   1732
0.92272688005717,0.94519064817312,0.,0.92719520135338,               935P   1733
0.94519064817312,0.,0.93132339194364,0.94348069564257,0.,            935P   1734
0.93545158253389,0.94177074311203,0.,0.93861116282296,               935P   1735
0.93861116282296,0.,0.94177074311203,0.93545158253389,0.,            935P   1736
0.94348069564257,0.93132339194364,0.,0.94519064817312,               935P   1737
0.92719520135339,0.,0.94519064817312,0.92272688005718,0.,            935P   1738
-6.28318530717959,0.,0.,0.,1.;                                       935P   1739
102,1,935;                                                           937P   1740
124,1.,0.,0.,0.04741239781678,0.,-1.,0.,0.09792326401175,0.,0.,      939P   1741
-1.,0.006;                                                           939P   1742
100,0.,0.,0.,0.0031,0.,0.0031,0.;                                    941P   1743
102,1,941;                                                           943P   1744
142,1,887,937,943,2;                                                 945P   1745
126,32,2,1,1,1,1,-6.28318530717959,-6.28318530717959,                947P   1746
-6.28318530717959,-5.89048622548086,-5.89048622548086,               947P   1747
-5.49778714378214,-5.49778714378214,-5.10508806208341,               947P   1748
-5.10508806208341,-4.71238898038469,-4.71238898038469,               947P   1749
-4.31968989868597,-4.31968989868597,-3.92699081698724,               947P   1750
-3.92699081698724,-3.53429173528852,-3.53429173528852,               947P   1751
-3.14159265358979,-3.14159265358979,-2.74889357189107,               947P   1752
-2.74889357189107,-2.35619449019234,-2.35619449019234,               947P   1753
-1.96349540849362,-1.96349540849362,-1.5707963267949,                947P   1754
-1.5707963267949,-1.17809724509617,-1.17809724509617,                947P   1755
-0.78539816339745,-0.78539816339745,-0.39269908169872,               947P   1756
-0.39269908169872,0.,0.,0.,1.,1.,1.,1.,1.,1.,1.,1.,1.,1.,1.,1.,      947P   1757
1.,1.,1.,1.,1.,1.,1.,1.,1.,1.,1.,1.,1.,1.,1.,1.,1.,1.,1.,1.,1.,      947P   1758
0.09973688805877,0.07727311994283,0.,0.09973688805877,               947P   1759
0.07280479864662,0.,0.09802693552822,0.06867660805636,0.,            947P   1760
0.09631698299768,0.06454841746611,0.,0.09315740270861,               947P   1761
0.06138883717704,0.,0.08999782241954,0.05822925688797,0.,            947P   1762
0.08586963182929,0.05651930435743,0.,0.08174144123903,               947P   1763
0.05480935182688,0.,0.07727311994282,0.05480935182688,0.,            947P   1764
0.07280479864661,0.05480935182688,0.,0.06867660805636,               947P   1765
0.05651930435743,0.,0.06454841746611,0.05822925688797,0.,            947P   1766
0.06138883717704,0.06138883717704,0.,0.05822925688797,               947P   1767
0.06454841746611,0.,0.05651930435743,0.06867660805636,0.,            947P   1768
0.05480935182688,0.07280479864662,0.,0.05480935182688,               947P   1769
0.07727311994283,0.,0.05480935182688,0.08174144123903,0.,            947P   1770
0.05651930435743,0.08586963182929,0.,0.05822925688797,               947P   1771
0.08999782241954,0.,0.06138883717704,0.09315740270861,0.,            947P   1772
0.06454841746611,0.09631698299768,0.,0.06867660805636,               947P   1773
0.09802693552822,0.,0.07280479864661,0.09973688805877,0.,            947P   1774
0.07727311994282,0.09973688805877,0.,0.08174144123903,               947P   1775
0.09973688805877,0.,0.08586963182929,0.09802693552822,0.,            947P   1776
0.08999782241954,0.09631698299768,0.,0.09315740270861,               947P   1777
0.09315740270861,0.,0.09631698299768,0.08999782241954,0.,            947P   1778
0.09802693552822,0.08586963182929,0.,0.09973688805877,               947P   1779
0.08174144123903,0.,0.09973688805877,0.07727311994283,0.,            947P   1780
-6.28318530717959,0.,0.,0.,1.;                                       947P   1781
102,1,947;                                                           949P   1782
124,1.,0.,0.,-0.069260221079,0.,-1.,0.,-0.01874935488403,0.,0.,      951P   1783
-1.,0.006;                                                           951P   1784
100,0.,0.,0.,0.0031,0.,0.0031,0.;                                    953P   1785
102,1,953;                                                           955P   1786
142,1,887,949,955,2;                                                 957P   1787
126,32,2,1,1,1,1,-6.28318530717959,-6.28318530717959,                959P   1788
-6.28318530717959,-5.89048622548086,-5.89048622548086,               959P   1789
-5.49778714378214,-5.49778714378214,-5.10508806208341,               959P   1790
-5.10508806208341,-4.71238898038469,-4.71238898038469,               959P   1791
-4.31968989868597,-4.31968989868597,-3.92699081698724,               959P   1792
-3.92699081698724,-3.53429173528852,-3.53429173528852,               959P   1793
-3.14159265358979,-3.14159265358979,-2.74889357189107,               959P   1794
-2.74889357189107,-2.35619449019234,-2.35619449019234,               959P   1795
-1.96349540849362,-1.96349540849362,-1.5707963267949,                959P   1796
-1.5707963267949,-1.17809724509617,-1.17809724509617,                959P   1797
-0.78539816339745,-0.78539816339745,-0.39269908169872,               959P   1798
-0.39269908169872,0.,0.,0.,1.,1.,1.,1.,1.,1.,1.,1.,1.,1.,1.,1.,      959P   1799
1.,1.,1.,1.,1.,1.,1.,1.,1.,1.,1.,1.,1.,1.,1.,1.,1.,1.,1.,1.,1.,      959P   1800
0.94519064817312,0.07727311994283,0.,0.94519064817312,               959P   1801
0.07280479864662,0.,0.94348069564257,0.06867660805636,0.,            959P   1802
0.94177074311203,0.06454841746611,0.,0.93861116282296,               959P   1803
0.06138883717704,0.,0.93545158253389,0.05822925688797,0.,            959P   1804
0.93132339194364,0.05651930435743,0.,0.92719520135338,               959P   1805
0.05480935182688,0.,0.92272688005717,0.05480935182688,0.,            959P   1806
0.91825855876096,0.05480935182688,0.,0.91413036817071,               959P   1807
0.05651930435743,0.,0.91000217758046,0.05822925688797,0.,            959P   1808
0.90684259729139,0.06138883717704,0.,0.90368301700232,               959P   1809
0.06454841746611,0.,0.90197306447178,0.06867660805636,0.,            959P   1810
0.90026311194123,0.07280479864662,0.,0.90026311194123,               959P   1811
0.07727311994283,0.,0.90026311194123,0.08174144123903,0.,            959P   1812
0.90197306447178,0.08586963182929,0.,0.90368301700232,               959P   1813
0.08999782241954,0.,0.90684259729139,0.09315740270861,0.,            959P   1814
0.91000217758046,0.09631698299768,0.,0.91413036817071,               959P   1815
0.09802693552822,0.,0.91825855876096,0.09973688805877,0.,            959P   1816
0.92272688005717,0.09973688805877,0.,0.92719520135338,               959P   1817
0.09973688805877,0.,0.93132339194364,0.09802693552822,0.,            959P   1818
0.93545158253389,0.09631698299768,0.,0.93861116282296,               959P   1819
0.09315740270861,0.,0.94177074311203,0.08999782241954,0.,            959P   1820
0.94348069564257,0.08586963182929,0.,0.94519064817312,               959P   1821
0.08174144123903,0.,0.94519064817312,0.07727311994283,0.,            959P   1822
-6.28318530717959,0.,0.,0.,1.;                                       959P   1823
102,1,959;                                                           961P   1824
124,1.,0.,0.,0.04741239781678,0.,-1.,0.,-0.01874935488403,0.,0.,     963P   1825
-1.,0.006;                                                           963P   1826
100,0.,0.,0.,0.0031,0.,0.0031,0.;                                    965P   1827
102,1,965;                                                           967P   1828
142,1,887,961,967,2;                                                 969P   1829
126,32,2,1,1,1,1,-6.28318530717959,-6.28318530717959,                971P   1830
-6.28318530717959,-5.89048622548086,-5.89048622548086,               971P   1831
-5.49778714378214,-5.49778714378214,-5.10508806208341,               971P   1832
-5.10508806208341,-4.71238898038469,-4.71238898038469,               971P   1833
-4.31968989868597,-4.31968989868597,-3.92699081698724,               971P   1834
-3.92699081698724,-3.53429173528852,-3.53429173528852,               971P   1835
-3.14159265358979,-3.14159265358979,-2.74889357189107,               971P   1836
-2.74889357189107,-2.35619449019234,-2.35619449019234,               971P   1837
-1.96349540849362,-1.96349540849362,-1.5707963267949,                971P   1838
-1.5707963267949,-1.17809724509617,-1.17809724509617,                971P   1839
-0.78539816339745,-0.78539816339745,-0.39269908169872,               971P   1840
-0.39269908169872,0.,0.,0.,1.,1.,1.,1.,1.,1.,1.,1.,1.,1.,1.,1.,      971P   1841
1.,1.,1.,1.,1.,1.,1.,1.,1.,1.,1.,1.,1.,1.,1.,1.,1.,1.,1.,1.,1.,      971P   1842
0.09973688805877,0.92272688005718,0.,0.09973688805877,               971P   1843
0.91825855876097,0.,0.09802693552822,0.91413036817071,0.,            971P   1844
0.09631698299768,0.91000217758046,0.,0.09315740270861,               971P   1845
0.90684259729139,0.,0.08999782241954,0.90368301700232,0.,            971P   1846
0.08586963182929,0.90197306447178,0.,0.08174144123903,               971P   1847
0.90026311194123,0.,0.07727311994282,0.90026311194123,0.,            971P   1848
0.07280479864662,0.90026311194123,0.,0.06867660805636,               971P   1849
0.90197306447178,0.,0.06454841746611,0.90368301700232,0.,            971P   1850
0.06138883717704,0.90684259729139,0.,0.05822925688797,               971P   1851
0.91000217758046,0.,0.05651930435743,0.91413036817071,0.,            971P   1852
0.05480935182688,0.91825855876097,0.,0.05480935182688,               971P   1853
0.92272688005718,0.,0.05480935182688,0.92719520135339,0.,            971P   1854
0.05651930435743,0.93132339194364,0.,0.05822925688797,               971P   1855
0.93545158253389,0.,0.06138883717704,0.93861116282296,0.,            971P   1856
0.06454841746611,0.94177074311203,0.,0.06867660805636,               971P   1857
0.94348069564257,0.,0.07280479864662,0.94519064817312,0.,            971P   1858
0.07727311994282,0.94519064817312,0.,0.08174144123903,               971P   1859
0.94519064817312,0.,0.08586963182929,0.94348069564257,0.,            971P   1860
0.08999782241954,0.94177074311203,0.,0.09315740270861,               971P   1861
0.93861116282296,0.,0.09631698299768,0.93545158253389,0.,            971P   1862
0.09802693552822,0.93132339194364,0.,0.09973688805877,               971P   1863
0.92719520135339,0.,0.09973688805877,0.92272688005718,0.,            971P   1864
-6.28318530717959,0.,0.,0.,1.;                                       971P   1865
102,1,971;                                                           973P   1866
124,1.,0.,0.,-0.069260221079,0.,-1.,0.,0.09792326401175,0.,0.,       975P   1867
-1.,0.006;                                                           975P   1868
100,0.,0.,0.,0.0031,0.,0.0031,0.;                                    977P   1869
102,1,977;                                                           979P   1870
142,1,887,973,979,2;                                                 981P   1871
126,64,2,1,1,1,1,-6.28318530717959,-6.28318530717959,                983P   1872
-6.28318530717959,-6.08683576633022,-6.08683576633022,               983P   1873
-5.89048622548086,-5.89048622548086,-5.6941366846315,                983P   1874
-5.6941366846315,-5.49778714378214,-5.49778714378214,                983P   1875
-5.30143760293278,-5.30143760293278,-5.10508806208341,               983P   1876
-5.10508806208341,-4.90873852123405,-4.90873852123405,               983P   1877
-4.71238898038469,-4.71238898038469,-4.51603943953533,               983P   1878
-4.51603943953533,-4.31968989868597,-4.31968989868597,               983P   1879
-4.1233403578366,-4.1233403578366,-3.92699081698724,                 983P   1880
-3.92699081698724,-3.73064127613788,-3.73064127613788,               983P   1881
-3.53429173528852,-3.53429173528852,-3.33794219443916,               983P   1882
-3.33794219443916,-3.14159265358979,-3.14159265358979,               983P   1883
-2.94524311274043,-2.94524311274043,-2.74889357189107,               983P   1884
-2.74889357189107,-2.55254403104171,-2.55254403104171,               983P   1885
-2.35619449019234,-2.35619449019234,-2.15984494934298,               983P   1886
-2.15984494934298,-1.96349540849362,-1.96349540849362,               983P   1887
-1.76714586764426,-1.76714586764426,-1.5707963267949,                983P   1888
-1.5707963267949,-1.37444678594553,-1.37444678594553,                983P   1889
-1.17809724509617,-1.17809724509617,-0.98174770424681,               983P   1890
-0.98174770424681,-0.78539816339745,-0.78539816339745,               983P   1891
-0.58904862254809,-0.58904862254809,-0.39269908169872,               983P   1892
-0.39269908169872,-0.19634954084936,-0.19634954084936,0.,0.,0.,      983P   1893
1.,1.,1.,1.,1.,1.,1.,1.,1.,1.,1.,1.,1.,1.,1.,1.,1.,1.,1.,1.,1.,      983P   1894
1.,1.,1.,1.,1.,1.,1.,1.,1.,1.,1.,1.,1.,1.,1.,1.,1.,1.,1.,1.,1.,      983P   1895
1.,1.,1.,1.,1.,1.,1.,1.,1.,1.,1.,1.,1.,1.,1.,1.,1.,1.,1.,1.,1.,      983P   1896
1.,1.,0.98913043478261,0.5,0.,0.98913043478261,0.45182485705356,     983P   1897
0.,0.97973193063201,0.40457538597037,0.,0.97033342648142,            983P   1898
0.35732591488718,0.,0.951897597424,0.31281788634316,0.,              983P   1899
0.93346176836658,0.26830985779914,0.,0.90669709297407,               983P   1900
0.22825369037085,0.,0.87993241758157,0.18819752294255,0.,            983P   1901
0.84586744731951,0.15413255268049,0.,0.81180247705745,               983P   1902
0.12006758241844,0.,0.77174630962915,0.09330290702593,0.,            983P   1903
0.73169014220086,0.06653823163342,0.,0.68718211365684,               983P   1904
0.048102402576,0.,0.64267408511282,0.02966657351858,0.,              983P   1905
0.59542461402963,0.02026806936799,0.,0.54817514294644,               983P   1906
0.01086956521739,0.,0.5,0.01086956521739,0.,0.45182485705356,        983P   1907
0.01086956521739,0.,0.40457538597037,0.02026806936799,0.,            983P   1908
0.35732591488718,0.02966657351858,0.,0.31281788634316,               983P   1909
0.048102402576,0.,0.26830985779914,0.06653823163342,0.,              983P   1910
0.22825369037085,0.09330290702593,0.,0.18819752294255,               983P   1911
0.12006758241844,0.,0.15413255268049,0.15413255268049,0.,            983P   1912
0.12006758241843,0.18819752294255,0.,0.09330290702593,               983P   1913
0.22825369037085,0.,0.06653823163342,0.26830985779914,0.,            983P   1914
0.048102402576,0.31281788634316,0.,0.02966657351858,                 983P   1915
0.35732591488718,0.,0.02026806936798,0.40457538597037,0.,            983P   1916
0.01086956521739,0.45182485705356,0.,0.01086956521739,0.5,0.,        983P   1917
0.01086956521739,0.54817514294644,0.,0.02026806936798,               983P   1918
0.59542461402963,0.,0.02966657351858,0.64267408511282,0.,            983P   1919
0.048102402576,0.68718211365684,0.,0.06653823163342,                 983P   1920
0.73169014220086,0.,0.09330290702593,0.77174630962915,0.,            983P   1921
0.12006758241843,0.81180247705745,0.,0.15413255268049,               983P   1922
0.84586744731951,0.,0.18819752294255,0.87993241758157,0.,            983P   1923
0.22825369037085,0.90669709297407,0.,0.26830985779914,               983P   1924
0.93346176836658,0.,0.31281788634316,0.951897597424,0.,              983P   1925
0.35732591488718,0.97033342648142,0.,0.40457538597037,               983P   1926
0.97973193063202,0.,0.45182485705356,0.98913043478261,0.,0.5,        983P   1927
0.98913043478261,0.,0.54817514294644,0.98913043478261,0.,            983P   1928
0.59542461402963,0.97973193063202,0.,0.64267408511282,               983P   1929
0.97033342648142,0.,0.68718211365684,0.951897597424,0.,              983P   1930
0.73169014220086,0.93346176836658,0.,0.77174630962915,               983P   1931
0.90669709297407,0.,0.81180247705745,0.87993241758157,0.,            983P   1932
0.84586744731951,0.84586744731951,0.,0.87993241758157,               983P   1933
0.81180247705745,0.,0.90669709297407,0.77174630962915,0.,            983P   1934
0.93346176836658,0.73169014220086,0.,0.951897597424,                 983P   1935
0.68718211365684,0.,0.97033342648142,0.64267408511282,0.,            983P   1936
0.97973193063201,0.59542461402963,0.,0.98913043478261,               983P   1937
0.54817514294644,0.,0.98913043478261,0.5,0.,-6.28318530717959,       983P   1938
0.,0.,0.,1.;                                                         983P   1939
102,1,983;                                                           985P   1940
124,1.,0.,0.,-0.01092391163111,0.,-1.,0.,0.03958695456386,0.,0.,     987P   1941
-1.,0.006;                                                           987P   1942
100,0.,0.,0.,0.0675,0.,0.0675,0.;                                    989P   1943
102,1,989;                                                           991P   1944
142,1,887,985,991,2;                                                 993P   1945
144,887,1,5,933,945,957,969,981,993;                                 995P   1946
314,61.5686297416687,81.17647171020508,92.9411768913269,10HMixed     997P   1947
Color;                                                               997P   1948
110,-0.07792391163111,-0.02741304543614,0.15,-0.07792391163111,      999P   1949
-0.02741304543614,-0.85;                                             999P   1950
110,-0.07992391163111,-0.02741304543614,0.144,-0.07992391163111,    1001P   1951
-0.02741304543614,0.006;                                            1001P   1952
120,999,1001,0.,6.28318530717959;                                   1003P   1953
126,1,1,1,0,1,0,3.14159265358979,3.14159265358979,                  1005P   1954
4.71238898038469,4.71238898038469,1.,1.,0.,6.28318530717959,0.,     1005P   1955
0.,4.71238898038469,0.,3.14159265358979,4.71238898038469,0.,0.,     1005P   1956
1.;                                                                 1005P   1957
126,1,1,1,0,1,0,0.006,0.006,0.144,0.144,1.,1.,0.,                   1007P   1958
4.71238898038469,0.,1.,4.71238898038469,0.,0.006,0.144,0.,0.,1.;    1007P   1959
126,1,1,1,0,1,0,-4.71238898038469,-4.71238898038469,                1009P   1960
-3.14159265358979,-3.14159265358979,1.,1.,1.,4.71238898038469,      1009P   1961
0.,1.,6.28318530717959,0.,-4.71238898038469,-3.14159265358979,      1009P   1962
0.,0.,1.;                                                           1009P   1963
126,1,1,1,0,1,0,-0.144,-0.144,-0.006,-0.006,1.,1.,1.,               1011P   1964
6.28318530717959,0.,0.,6.28318530717959,0.,-0.144,-0.006,0.,0.,     1011P   1965
1.;                                                                 1011P   1966
102,4,1005,1007,1009,1011;                                          1013P   1967
124,1.,0.,0.,-0.07792391163111,0.,1.,0.,-0.02741304543614,0.,0.,    1015P   1968
1.,0.144;                                                           1015P   1969
100,0.,0.,0.,-0.002,0.,-0.,-0.002;                                  1017P   1970
110,-0.07792391163111,-0.02941304543614,0.144,-0.07792391163111,    1019P   1971
-0.02941304543614,0.006;                                            1019P   1972
124,1.,0.,0.,-0.07792391163111,0.,-1.,0.,-0.02741304543614,0.,      1021P   1973
0.,-1.,0.006;                                                       1021P   1974
100,0.,0.,0.,-0.,0.002,-0.002,-0.;                                  1023P   1975
110,-0.07992391163111,-0.02741304543614,0.006,-0.07992391163111,    1025P   1976
-0.02741304543614,0.144;                                            1025P   1977
102,4,1017,1019,1023,1025;                                          1027P   1978
142,1,1003,1013,1027,2;                                             1029P   1979
144,1003,1,0,1029;                                                  1031P   1980
314,61.5686297416687,81.17647171020508,92.9411768913269,10HMixed    1033P   1981
Color;                                                              1033P   1982
110,0.05607608836889,-0.02741304543614,0.15,0.05607608836889,       1035P   1983
-0.02741304543614,1.15;                                             1035P   1984
110,0.05807608836889,-0.02741304543614,0.006,0.05807608836889,      1037P   1985
-0.02741304543614,0.144;                                            1037P   1986
120,1035,1037,0.,6.28318530717959;                                  1039P   1987
126,1,1,1,0,1,0,4.71238898038469,4.71238898038469,                  1041P   1988
6.28318530717959,6.28318530717959,1.,1.,1.,4.71238898038469,0.,     1041P   1989
1.,6.28318530717959,0.,4.71238898038469,6.28318530717959,0.,0.,     1041P   1990
1.;                                                                 1041P   1991
126,1,1,1,0,1,0,0.006,0.006,0.144,0.144,1.,1.,1.,                   1043P   1992
6.28318530717959,0.,0.,6.28318530717959,0.,0.006,0.144,0.,0.,1.;    1043P   1993
126,1,1,1,0,1,0,-6.28318530717959,-6.28318530717959,                1045P   1994
-4.71238898038469,-4.71238898038469,1.,1.,0.,6.28318530717959,      1045P   1995
0.,0.,4.71238898038469,0.,-6.28318530717959,-4.71238898038469,      1045P   1996
0.,0.,1.;                                                           1045P   1997
126,1,1,1,0,1,0,-0.144,-0.144,-0.006,-0.006,1.,1.,0.,               1047P   1998
4.71238898038469,0.,1.,4.71238898038469,0.,-0.144,-0.006,0.,0.,     1047P   1999
1.;                                                                 1047P   2000
102,4,1041,1043,1045,1047;                                          1049P   2001
124,1.,0.,0.,0.05607608836889,0.,1.,0.,-0.02741304543614,0.,0.,     1051P   2002
1.,0.144;                                                           1051P   2003
100,0.,0.,0.,-0.,-0.002,0.002,-0.;                                  1053P   2004
110,0.05807608836889,-0.02741304543614,0.144,0.05807608836889,      1055P   2005
-0.02741304543614,0.006;                                            1055P   2006
124,1.,0.,0.,0.05607608836889,0.,-1.,0.,-0.02741304543614,0.,0.,    1057P   2007
-1.,0.006;                                                          1057P   2008
100,0.,0.,0.,0.002,0.,-0.,0.002;                                    1059P   2009
110,0.05607608836889,-0.02941304543614,0.006,0.05607608836889,      1061P   2010
-0.02941304543614,0.144;                                            1061P   2011
102,4,1053,1055,1059,1061;                                          1063P   2012
142,1,1039,1049,1063,2;                                             1065P   2013
144,1039,1,0,1065;                                                  1067P   2014
314,61.5686297416687,81.17647171020508,92.9411768913269,10HMixed    1069P   2015
Color;                                                              1069P   2016
110,0.05607608836889,0.10658695456386,0.15,0.05607608836889,        1071P   2017
0.10658695456386,-0.85;                                             1071P   2018
110,0.05407608836889,0.10658695456386,0.144,0.05407608836889,       1073P   2019
0.10658695456386,0.006;                                             1073P   2020
120,1071,1073,0.,6.28318530717959;                                  1075P   2021
126,1,1,1,0,1,0,0.,0.,1.5707963267949,1.5707963267949,1.,1.,0.,     1077P   2022
3.14159265358979,0.,0.,1.5707963267949,0.,0.,1.5707963267949,0.,    1077P   2023
0.,1.;                                                              1077P   2024
126,1,1,1,0,1,0,0.006,0.006,0.144,0.144,1.,1.,0.,                   1079P   2025
1.5707963267949,0.,1.,1.5707963267949,0.,0.006,0.144,0.,0.,1.;      1079P   2026
126,1,1,1,0,1,0,-1.5707963267949,-1.5707963267949,0.,0.,1.,1.,      1081P   2027
1.,1.5707963267949,0.,1.,3.14159265358979,0.,-1.5707963267949,      1081P   2028
0.,0.,0.,1.;                                                        1081P   2029
126,1,1,1,0,1,0,-0.144,-0.144,-0.006,-0.006,1.,1.,1.,               1083P   2030
3.14159265358979,0.,0.,3.14159265358979,0.,-0.144,-0.006,0.,0.,     1083P   2031
1.;                                                                 1083P   2032
102,4,1077,1079,1081,1083;                                          1085P   2033
124,1.,0.,0.,0.05607608836889,0.,1.,0.,0.10658695456386,0.,0.,      1087P   2034
1.,0.144;                                                           1087P   2035
100,0.,0.,0.,0.002,0.,0.,0.002;                                     1089P   2036
110,0.05607608836889,0.10858695456386,0.144,0.05607608836889,       1091P   2037
0.10858695456386,0.006;                                             1091P   2038
124,1.,0.,0.,0.05607608836889,0.,-1.,0.,0.10658695456386,0.,0.,     1093P   2039
-1.,0.006;                                                          1093P   2040
100,0.,0.,0.,0.,-0.002,0.002,0.;                                    1095P   2041
110,0.05807608836889,0.10658695456386,0.006,0.05807608836889,       1097P   2042
0.10658695456386,0.144;                                             1097P   2043
102,4,1089,1091,1095,1097;                                          1099P   2044
142,1,1075,1085,1099,2;                                             1101P   2045
144,1075,1,0,1101;                                                  1103P   2046
314,61.5686297416687,81.17647171020508,92.9411768913269,10HMixed    1105P   2047
Color;                                                              1105P   2048
110,-0.07792391163111,0.10658695456386,0.15,-0.07792391163111,      1107P   2049
0.10658695456386,1.15;                                              1107P   2050
110,-0.07592391163111,0.10658695456386,0.006,-0.07592391163111,     1109P   2051
0.10658695456386,0.144;                                             1109P   2052
120,1107,1109,0.,6.28318530717959;                                  1111P   2053
126,1,1,1,0,1,0,1.5707963267949,1.5707963267949,                    1113P   2054
3.14159265358979,3.14159265358979,1.,1.,1.,1.5707963267949,0.,      1113P   2055
1.,3.14159265358979,0.,1.5707963267949,3.14159265358979,0.,0.,      1113P   2056
1.;                                                                 1113P   2057
126,1,1,1,0,1,0,0.006,0.006,0.144,0.144,1.,1.,1.,                   1115P   2058
3.14159265358979,0.,0.,3.14159265358979,0.,0.006,0.144,0.,0.,1.;    1115P   2059
126,1,1,1,0,1,0,-3.14159265358979,-3.14159265358979,                1117P   2060
-1.5707963267949,-1.5707963267949,1.,1.,0.,3.14159265358979,0.,     1117P   2061
0.,1.5707963267949,0.,-3.14159265358979,-1.5707963267949,0.,0.,     1117P   2062
1.;                                                                 1117P   2063
126,1,1,1,0,1,0,-0.144,-0.144,-0.006,-0.006,1.,1.,0.,               1119P   2064
1.5707963267949,0.,1.,1.5707963267949,0.,-0.144,-0.006,0.,0.,1.;    1119P   2065
102,4,1113,1115,1117,1119;                                          1121P   2066
124,1.,0.,0.,-0.07792391163111,0.,1.,0.,0.10658695456386,0.,0.,     1123P   2067
1.,0.144;                                                           1123P   2068
100,0.,0.,0.,0.,0.002,-0.002,0.;                                    1125P   2069
110,-0.07992391163111,0.10658695456386,0.144,-0.07992391163111,     1127P   2070
0.10658695456386,0.006;                                             1127P   2071
124,1.,0.,0.,-0.07792391163111,0.,-1.,0.,0.10658695456386,0.,0.,    1129P   2072
-1.,0.006;                                                          1129P   2073
100,0.,0.,0.,-0.002,-0.,0.,-0.002;                                  1131P   2074
110,-0.07792391163111,0.10858695456386,0.006,-0.07792391163111,     1133P   2075
0.10858695456386,0.144;                                             1133P   2076
102,4,1125,1127,1131,1133;                                          1135P   2077
142,1,1111,1121,1135,2;                                             1137P   2078
144,1111,1,0,1137;                                                  1139P   2079
314,61.5686297416687,81.17647171020508,92.9411768913269,10HMixed    1141P   2080
Color;                                                              1141P   2081
110,-0.069260221079,0.09792326401175,-0.025,-0.069260221079,        1143P   2082
0.09792326401175,0.975;                                             1143P   2083
110,-0.066160221079,0.09792326401175,0.,-0.066160221079,            1145P   2084
0.09792326401175,0.006;                                             1145P   2085
120,1143,1145,0.,6.28318530717959;                                  1147P   2086
126,1,1,1,0,1,0,-6.28318530717959,-6.28318530717959,0.,0.,1.,1.,    1149P   2087
0.,6.28318530717959,0.,0.,0.,0.,-6.28318530717959,0.,0.,0.,1.;      1149P   2088
126,1,1,1,0,1,0,0.,0.,1.,1.,1.,1.,0.,0.,0.,0.,6.28318530717959,     1151P   2089
0.,0.,1.,0.,0.,1.;                                                  1151P   2090
126,1,1,1,0,1,0,0.025,0.025,0.031,0.031,1.,1.,0.,                   1153P   2091
6.28318530717959,0.,1.,6.28318530717959,0.,0.025,0.031,0.,0.,1.;    1153P   2092
126,1,1,1,0,1,0,0.,0.,1.,1.,1.,1.,1.,6.28318530717959,0.,1.,0.,     1155P   2093
0.,0.,1.,0.,0.,1.;                                                  1155P   2094
126,1,1,1,0,1,0,0.,0.,6.28318530717959,6.28318530717959,1.,1.,      1157P   2095
1.,0.,0.,1.,6.28318530717959,0.,0.,6.28318530717959,0.,0.,1.;       1157P   2096
126,1,1,1,0,1,0,0.,0.,1.,1.,1.,1.,1.,6.28318530717959,0.,1.,0.,     1159P   2097
0.,0.,1.,0.,0.,1.;                                                  1159P   2098
126,1,1,1,0,1,0,-0.031,-0.031,-0.025,-0.025,1.,1.,1.,0.,0.,0.,      1161P   2099
0.,0.,-0.031,-0.025,0.,0.,1.;                                       1161P   2100
126,1,1,1,0,1,0,0.,0.,1.,1.,1.,1.,0.,0.,0.,0.,6.28318530717959,     1163P   2101
0.,0.,1.,0.,0.,1.;                                                  1163P   2102
102,8,1149,1151,1153,1155,1157,1159,1161,1163;                      1165P   2103
124,1.,0.,0.,-0.069260221079,0.,-1.,0.,0.09792326401175,0.,0.,      1167P   2104
-1.,0.;                                                             1167P   2105
100,0.,0.,0.,0.0031,0.,0.0031,0.;                                   1169P   2106
110,-0.066160221079,0.09792326401175,0.,-0.066160221079,            1171P   2107
0.09792326401175,0.006;                                             1171P   2108
124,1.,0.,0.,-0.069260221079,0.,1.,0.,0.09792326401175,0.,0.,1.,    1173P   2109
0.006;                                                              1173P   2110
100,0.,0.,0.,0.0031,0.,0.0031,-0.;                                  1175P   2111
110,-0.066160221079,0.09792326401175,0.006,-0.066160221079,         1177P   2112
0.09792326401175,0.;                                                1177P   2113
102,4,1169,1171,1175,1177;                                          1179P   2114
142,1,1147,1165,1179,2;                                             1181P   2115
144,1147,1,0,1181;                                                  1183P   2116
314,61.5686297416687,81.17647171020508,92.9411768913269,10HMixed    1185P   2117
Color;                                                              1185P   2118
110,0.04741239781678,-0.01874935488403,-0.025,0.04741239781678,     1187P   2119
-0.01874935488403,0.975;                                            1187P   2120
110,0.05051239781678,-0.01874935488403,0.,0.05051239781678,         1189P   2121
-0.01874935488403,0.006;                                            1189P   2122
120,1187,1189,0.,6.28318530717959;                                  1191P   2123
126,1,1,1,0,1,0,-6.28318530717959,-6.28318530717959,0.,0.,1.,1.,    1193P   2124
0.,6.28318530717959,0.,0.,0.,0.,-6.28318530717959,0.,0.,0.,1.;      1193P   2125
126,1,1,1,0,1,0,0.,0.,1.,1.,1.,1.,0.,0.,0.,0.,6.28318530717959,     1195P   2126
0.,0.,1.,0.,0.,1.;                                                  1195P   2127
126,1,1,1,0,1,0,0.025,0.025,0.031,0.031,1.,1.,0.,                   1197P   2128
6.28318530717959,0.,1.,6.28318530717959,0.,0.025,0.031,0.,0.,1.;    1197P   2129
126,1,1,1,0,1,0,0.,0.,1.,1.,1.,1.,1.,6.28318530717959,0.,1.,0.,     1199P   2130
0.,0.,1.,0.,0.,1.;                                                  1199P   2131
126,1,1,1,0,1,0,0.,0.,6.28318530717959,6.28318530717959,1.,1.,      1201P   2132
1.,0.,0.,1.,6.28318530717959,0.,0.,6.28318530717959,0.,0.,1.;       1201P   2133
126,1,1,1,0,1,0,0.,0.,1.,1.,1.,1.,1.,6.28318530717959,0.,1.,0.,     1203P   2134
0.,0.,1.,0.,0.,1.;                                                  1203P   2135
126,1,1,1,0,1,0,-0.031,-0.031,-0.025,-0.025,1.,1.,1.,0.,0.,0.,      1205P   2136
0.,0.,-0.031,-0.025,0.,0.,1.;                                       1205P   2137
126,1,1,1,0,1,0,0.,0.,1.,1.,1.,1.,0.,0.,0.,0.,6.28318530717959,     1207P   2138
0.,0.,1.,0.,0.,1.;                                                  1207P   2139
102,8,1193,1195,1197,1199,1201,1203,1205,1207;                      1209P   2140
124,1.,0.,0.,0.04741239781678,0.,-1.,0.,-0.01874935488403,0.,0.,    1211P   2141
-1.,0.;                                                             1211P   2142
100,0.,0.,0.,0.0031,0.,0.0031,0.;                                   1213P   2143
110,0.05051239781678,-0.01874935488403,0.,0.05051239781678,         1215P   2144
-0.01874935488403,0.006;                                            1215P   2145
124,1.,0.,0.,0.04741239781678,0.,1.,0.,-0.01874935488403,0.,0.,     1217P   2146
1.,0.006;                                                           1217P   2147
100,0.,0.,0.,0.0031,0.,0.0031,-0.;                                  1219P   2148
110,0.05051239781678,-0.01874935488403,0.006,0.05051239781678,      1221P   2149
-0.01874935488403,0.;                                               1221P   2150
102,4,1213,1215,1219,1221;                                          1223P   2151
142,1,1191,1209,1223,2;                                             1225P   2152
144,1191,1,0,1225;                                                  1227P   2153
314,61.5686297416687,81.17647171020508,92.9411768913269,10HMixed    1229P   2154
Color;                                                              1229P   2155
110,-0.069260221079,-0.01874935488403,-0.025,-0.069260221079,       1231P   2156
-0.01874935488403,0.975;                                            1231P   2157
110,-0.066160221079,-0.01874935488403,0.,-0.066160221079,           1233P   2158
-0.01874935488403,0.006;                                            1233P   2159
120,1231,1233,0.,6.28318530717959;                                  1235P   2160
126,1,1,1,0,1,0,-6.28318530717959,-6.28318530717959,0.,0.,1.,1.,    1237P   2161
0.,6.28318530717959,0.,0.,0.,0.,-6.28318530717959,0.,0.,0.,1.;      1237P   2162
126,1,1,1,0,1,0,0.,0.,1.,1.,1.,1.,0.,0.,0.,0.,6.28318530717959,     1239P   2163
0.,0.,1.,0.,0.,1.;                                                  1239P   2164
126,1,1,1,0,1,0,0.025,0.025,0.031,0.031,1.,1.,0.,                   1241P   2165
6.28318530717959,0.,1.,6.28318530717959,0.,0.025,0.031,0.,0.,1.;    1241P   2166
126,1,1,1,0,1,0,0.,0.,1.,1.,1.,1.,1.,6.28318530717959,0.,1.,0.,     1243P   2167
0.,0.,1.,0.,0.,1.;                                                  1243P   2168
126,1,1,1,0,1,0,0.,0.,6.28318530717959,6.28318530717959,1.,1.,      1245P   2169
1.,0.,0.,1.,6.28318530717959,0.,0.,6.28318530717959,0.,0.,1.;       1245P   2170
126,1,1,1,0,1,0,0.,0.,1.,1.,1.,1.,1.,6.28318530717959,0.,1.,0.,     1247P   2171
0.,0.,1.,0.,0.,1.;                                                  1247P   2172
126,1,1,1,0,1,0,-0.031,-0.031,-0.025,-0.025,1.,1.,1.,0.,0.,0.,      1249P   2173
0.,0.,-0.031,-0.025,0.,0.,1.;                                       1249P   2174
126,1,1,1,0,1,0,0.,0.,1.,1.,1.,1.,0.,0.,0.,0.,6.28318530717959,     1251P   2175
0.,0.,1.,0.,0.,1.;                                                  1251P   2176
102,8,1237,1239,1241,1243,1245,1247,1249,1251;                      1253P   2177
124,1.,0.,0.,-0.069260221079,0.,-1.,0.,-0.01874935488403,0.,0.,     1255P   2178
-1.,0.;                                                             1255P   2179
100,0.,0.,0.,0.0031,0.,0.0031,0.;                                   1257P   2180
110,-0.066160221079,-0.01874935488403,0.,-0.066160221079,           1259P   2181
-0.01874935488403,0.006;                                            1259P   2182
124,1.,0.,0.,-0.069260221079,0.,1.,0.,-0.01874935488403,0.,0.,      1261P   2183
1.,0.006;                                                           1261P   2184
100,0.,0.,0.,0.0031,0.,0.0031,-0.;                                  1263P   2185
110,-0.066160221079,-0.01874935488403,0.006,-0.066160221079,        1265P   2186
-0.01874935488403,0.;                                               1265P   2187
102,4,1257,1259,1263,1265;                                          1267P   2188
142,1,1235,1253,1267,2;                                             1269P   2189
144,1235,1,0,1269;                                                  1271P   2190
314,61.5686297416687,81.17647171020508,92.9411768913269,10HMixed    1273P   2191
Color;                                                              1273P   2192
110,0.04741239781678,0.09792326401175,-0.025,0.04741239781678,      1275P   2193
0.09792326401175,0.975;                                             1275P   2194
110,0.05051239781678,0.09792326401175,0.,0.05051239781678,          1277P   2195
0.09792326401175,0.006;                                             1277P   2196
120,1275,1277,0.,6.28318530717959;                                  1279P   2197
126,1,1,1,0,1,0,-6.28318530717959,-6.28318530717959,0.,0.,1.,1.,    1281P   2198
0.,6.28318530717959,0.,0.,0.,0.,-6.28318530717959,0.,0.,0.,1.;      1281P   2199
126,1,1,1,0,1,0,0.,0.,1.,1.,1.,1.,0.,0.,0.,0.,6.28318530717959,     1283P   2200
0.,0.,1.,0.,0.,1.;                                                  1283P   2201
126,1,1,1,0,1,0,0.025,0.025,0.031,0.031,1.,1.,0.,                   1285P   2202
6.28318530717959,0.,1.,6.28318530717959,0.,0.025,0.031,0.,0.,1.;    1285P   2203
126,1,1,1,0,1,0,0.,0.,1.,1.,1.,1.,1.,6.28318530717959,0.,1.,0.,     1287P   2204
0.,0.,1.,0.,0.,1.;                                                  1287P   2205
126,1,1,1,0,1,0,0.,0.,6.28318530717959,6.28318530717959,1.,1.,      1289P   2206
1.,0.,0.,1.,6.28318530717959,0.,0.,6.28318530717959,0.,0.,1.;       1289P   2207
126,1,1,1,0,1,0,0.,0.,1.,1.,1.,1.,1.,6.28318530717959,0.,1.,0.,     1291P   2208
0.,0.,1.,0.,0.,1.;                                                  1291P   2209
126,1,1,1,0,1,0,-0.031,-0.031,-0.025,-0.025,1.,1.,1.,0.,0.,0.,      1293P   2210
0.,0.,-0.031,-0.025,0.,0.,1.;                                       1293P   2211
126,1,1,1,0,1,0,0.,0.,1.,1.,1.,1.,0.,0.,0.,0.,6.28318530717959,     1295P   2212
0.,0.,1.,0.,0.,1.;                                                  1295P   2213
102,8,1281,1283,1285,1287,1289,1291,1293,1295;                      1297P   2214
124,1.,0.,0.,0.04741239781678,0.,-1.,0.,0.09792326401175,0.,0.,     1299P   2215
-1.,0.;                                                             1299P   2216
100,0.,0.,0.,0.0031,0.,0.0031,0.;                                   1301P   2217
110,0.05051239781678,0.09792326401175,0.,0.05051239781678,          1303P   2218
0.09792326401175,0.006;                                             1303P   2219
124,1.,0.,0.,0.04741239781678,0.,1.,0.,0.09792326401175,0.,0.,      1305P   2220
1.,0.006;                                                           1305P   2221
100,0.,0.,0.,0.0031,0.,0.0031,-0.;                                  1307P   2222
110,0.05051239781678,0.09792326401175,0.006,0.05051239781678,       1309P   2223
0.09792326401175,0.;                                                1309P   2224
102,4,1301,1303,1307,1309;                                          1311P   2225
142,1,1279,1297,1311,2;                                             1313P   2226
144,1279,1,0,1313;                                                  1315P   2227
314,61.5686297416687,81.17647171020508,92.9411768913269,10HMixed    1317P   2228
Color;                                                              1317P   2229
110,-0.069260221079,0.09792326401175,-0.025,-0.069260221079,        1319P   2230
0.09792326401175,0.975;                                             1319P   2231
110,-0.066160221079,0.09792326401175,0.144,-0.066160221079,         1321P   2232
0.09792326401175,0.15;                                              1321P   2233
120,1319,1321,0.,6.28318530717959;                                  1323P   2234
126,1,1,1,0,1,0,-6.28318530717959,-6.28318530717959,0.,0.,1.,1.,    1325P   2235
0.,6.28318530717959,0.,0.,0.,0.,-6.28318530717959,0.,0.,0.,1.;      1325P   2236
126,1,1,1,0,1,0,0.,0.,1.,1.,1.,1.,0.,0.,0.,0.,6.28318530717959,     1327P   2237
0.,0.,1.,0.,0.,1.;                                                  1327P   2238
126,1,1,1,0,1,0,0.169,0.169,0.175,0.175,1.,1.,0.,                   1329P   2239
6.28318530717959,0.,1.,6.28318530717959,0.,0.169,0.175,0.,0.,1.;    1329P   2240
126,1,1,1,0,1,0,0.,0.,1.,1.,1.,1.,1.,6.28318530717959,0.,1.,0.,     1331P   2241
0.,0.,1.,0.,0.,1.;                                                  1331P   2242
126,1,1,1,0,1,0,0.,0.,6.28318530717959,6.28318530717959,1.,1.,      1333P   2243
1.,0.,0.,1.,6.28318530717959,0.,0.,6.28318530717959,0.,0.,1.;       1333P   2244
126,1,1,1,0,1,0,0.,0.,1.,1.,1.,1.,1.,6.28318530717959,0.,1.,0.,     1335P   2245
0.,0.,1.,0.,0.,1.;                                                  1335P   2246
126,1,1,1,0,1,0,-0.175,-0.175,-0.169,-0.169,1.,1.,1.,0.,0.,0.,      1337P   2247
0.,0.,-0.175,-0.169,0.,0.,1.;                                       1337P   2248
126,1,1,1,0,1,0,0.,0.,1.,1.,1.,1.,0.,0.,0.,0.,6.28318530717959,     1339P   2249
0.,0.,1.,0.,0.,1.;                                                  1339P   2250
102,8,1325,1327,1329,1331,1333,1335,1337,1339;                      1341P   2251
124,1.,0.,0.,-0.069260221079,0.,-1.,0.,0.09792326401175,0.,0.,      1343P   2252
-1.,0.144;                                                          1343P   2253
100,0.,0.,0.,0.0031,0.,0.0031,0.;                                   1345P   2254
110,-0.066160221079,0.09792326401175,0.144,-0.066160221079,         1347P   2255
0.09792326401175,0.15;                                              1347P   2256
124,1.,0.,0.,-0.069260221079,0.,1.,0.,0.09792326401175,0.,0.,1.,    1349P   2257
0.15;                                                               1349P   2258
100,0.,0.,0.,0.0031,0.,0.0031,-0.;                                  1351P   2259
110,-0.066160221079,0.09792326401175,0.15,-0.066160221079,          1353P   2260
0.09792326401175,0.144;                                             1353P   2261
102,4,1345,1347,1351,1353;                                          1355P   2262
142,1,1323,1341,1355,2;                                             1357P   2263
144,1323,1,0,1357;                                                  1359P   2264
314,61.5686297416687,81.17647171020508,92.9411768913269,10HMixed    1361P   2265
Color;                                                              1361P   2266
110,0.04741239781678,-0.01874935488403,-0.025,0.04741239781678,     1363P   2267
-0.01874935488403,0.975;                                            1363P   2268
110,0.05051239781678,-0.01874935488403,0.144,0.05051239781678,      1365P   2269
-0.01874935488403,0.15;                                             1365P   2270
120,1363,1365,0.,6.28318530717959;                                  1367P   2271
126,1,1,1,0,1,0,-6.28318530717959,-6.28318530717959,0.,0.,1.,1.,    1369P   2272
0.,6.28318530717959,0.,0.,0.,0.,-6.28318530717959,0.,0.,0.,1.;      1369P   2273
126,1,1,1,0,1,0,0.,0.,1.,1.,1.,1.,0.,0.,0.,0.,6.28318530717959,     1371P   2274
0.,0.,1.,0.,0.,1.;                                                  1371P   2275
126,1,1,1,0,1,0,0.169,0.169,0.175,0.175,1.,1.,0.,                   1373P   2276
6.28318530717959,0.,1.,6.28318530717959,0.,0.169,0.175,0.,0.,1.;    1373P   2277
126,1,1,1,0,1,0,0.,0.,1.,1.,1.,1.,1.,6.28318530717959,0.,1.,0.,     1375P   2278
0.,0.,1.,0.,0.,1.;                                                  1375P   2279
126,1,1,1,0,1,0,0.,0.,6.28318530717959,6.28318530717959,1.,1.,      1377P   2280
1.,0.,0.,1.,6.28318530717959,0.,0.,6.28318530717959,0.,0.,1.;       1377P   2281
126,1,1,1,0,1,0,0.,0.,1.,1.,1.,1.,1.,6.28318530717959,0.,1.,0.,     1379P   2282
0.,0.,1.,0.,0.,1.;                                                  1379P   2283
126,1,1,1,0,1,0,-0.175,-0.175,-0.169,-0.169,1.,1.,1.,0.,0.,0.,      1381P   2284
0.,0.,-0.175,-0.169,0.,0.,1.;                                       1381P   2285
126,1,1,1,0,1,0,0.,0.,1.,1.,1.,1.,0.,0.,0.,0.,6.28318530717959,     1383P   2286
0.,0.,1.,0.,0.,1.;                                                  1383P   2287
102,8,1369,1371,1373,1375,1377,1379,1381,1383;                      1385P   2288
124,1.,0.,0.,0.04741239781678,0.,-1.,0.,-0.01874935488403,0.,0.,    1387P   2289
-1.,0.144;                                                          1387P   2290
100,0.,0.,0.,0.0031,0.,0.0031,0.;                                   1389P   2291
110,0.05051239781678,-0.01874935488403,0.144,0.05051239781678,      1391P   2292
-0.01874935488403,0.15;                                             1391P   2293
124,1.,0.,0.,0.04741239781678,0.,1.,0.,-0.01874935488403,0.,0.,     1393P   2294
1.,0.15;                                                            1393P   2295
100,0.,0.,0.,0.0031,0.,0.0031,-0.;                                  1395P   2296
110,0.05051239781678,-0.01874935488403,0.15,0.05051239781678,       1397P   2297
-0.01874935488403,0.144;                                            1397P   2298
102,4,1389,1391,1395,1397;                                          1399P   2299
142,1,1367,1385,1399,2;                                             1401P   2300
144,1367,1,0,1401;                                                  1403P   2301
314,61.5686297416687,81.17647171020508,92.9411768913269,10HMixed    1405P   2302
Color;                                                              1405P   2303
110,-0.069260221079,-0.01874935488403,-0.025,-0.069260221079,       1407P   2304
-0.01874935488403,0.975;                                            1407P   2305
110,-0.066160221079,-0.01874935488403,0.144,-0.066160221079,        1409P   2306
-0.01874935488403,0.15;                                             1409P   2307
120,1407,1409,0.,6.28318530717959;                                  1411P   2308
126,1,1,1,0,1,0,-6.28318530717959,-6.28318530717959,0.,0.,1.,1.,    1413P   2309
0.,6.28318530717959,0.,0.,0.,0.,-6.28318530717959,0.,0.,0.,1.;      1413P   2310
126,1,1,1,0,1,0,0.,0.,1.,1.,1.,1.,0.,0.,0.,0.,6.28318530717959,     1415P   2311
0.,0.,1.,0.,0.,1.;                                                  1415P   2312
126,1,1,1,0,1,0,0.169,0.169,0.175,0.175,1.,1.,0.,                   1417P   2313
6.28318530717959,0.,1.,6.28318530717959,0.,0.169,0.175,0.,0.,1.;    1417P   2314
126,1,1,1,0,1,0,0.,0.,1.,1.,1.,1.,1.,6.28318530717959,0.,1.,0.,     1419P   2315
0.,0.,1.,0.,0.,1.;                                                  1419P   2316
126,1,1,1,0,1,0,0.,0.,6.28318530717959,6.28318530717959,1.,1.,      1421P   2317
1.,0.,0.,1.,6.28318530717959,0.,0.,6.28318530717959,0.,0.,1.;       1421P   2318
126,1,1,1,0,1,0,0.,0.,1.,1.,1.,1.,1.,6.28318530717959,0.,1.,0.,     1423P   2319
0.,0.,1.,0.,0.,1.;                                                  1423P   2320
126,1,1,1,0,1,0,-0.175,-0.175,-0.169,-0.169,1.,1.,1.,0.,0.,0.,      1425P   2321
0.,0.,-0.175,-0.169,0.,0.,1.;                                       1425P   2322
126,1,1,1,0,1,0,0.,0.,1.,1.,1.,1.,0.,0.,0.,0.,6.28318530717959,     1427P   2323
0.,0.,1.,0.,0.,1.;                                                  1427P   2324
102,8,1413,1415,1417,1419,1421,1423,1425,1427;                      1429P   2325
124,1.,0.,0.,-0.069260221079,0.,-1.,0.,-0.01874935488403,0.,0.,     1431P   2326
-1.,0.144;                                                          1431P   2327
100,0.,0.,0.,0.0031,0.,0.0031,0.;                                   1433P   2328
110,-0.066160221079,-0.01874935488403,0.144,-0.066160221079,        1435P   2329
-0.01874935488403,0.15;                                             1435P   2330
124,1.,0.,0.,-0.069260221079,0.,1.,0.,-0.01874935488403,0.,0.,      1437P   2331
1.,0.15;                                                            1437P   2332
100,0.,0.,0.,0.0031,0.,0.0031,-0.;                                  1439P   2333
110,-0.066160221079,-0.01874935488403,0.15,-0.066160221079,         1441P   2334
-0.01874935488403,0.144;                                            1441P   2335
102,4,1433,1435,1439,1441;                                          1443P   2336
142,1,1411,1429,1443,2;                                             1445P   2337
144,1411,1,0,1445;                                                  1447P   2338
314,61.5686297416687,81.17647171020508,92.9411768913269,10HMixed    1449P   2339
Color;                                                              1449P   2340
110,0.04741239781678,0.09792326401175,-0.025,0.04741239781678,      1451P   2341
0.09792326401175,0.975;                                             1451P   2342
110,0.05051239781678,0.09792326401175,0.144,0.05051239781678,       1453P   2343
0.09792326401175,0.15;                                              1453P   2344
120,1451,1453,0.,6.28318530717959;                                  1455P   2345
126,1,1,1,0,1,0,-6.28318530717959,-6.28318530717959,0.,0.,1.,1.,    1457P   2346
0.,6.28318530717959,0.,0.,0.,0.,-6.28318530717959,0.,0.,0.,1.;      1457P   2347
126,1,1,1,0,1,0,0.,0.,1.,1.,1.,1.,0.,0.,0.,0.,6.28318530717959,     1459P   2348
0.,0.,1.,0.,0.,1.;                                                  1459P   2349
126,1,1,1,0,1,0,0.169,0.169,0.175,0.175,1.,1.,0.,                   1461P   2350
6.28318530717959,0.,1.,6.28318530717959,0.,0.169,0.175,0.,0.,1.;    1461P   2351
126,1,1,1,0,1,0,0.,0.,1.,1.,1.,1.,1.,6.28318530717959,0.,1.,0.,     1463P   2352
0.,0.,1.,0.,0.,1.;                                                  1463P   2353
126,1,1,1,0,1,0,0.,0.,6.28318530717959,6.28318530717959,1.,1.,      1465P   2354
1.,0.,0.,1.,6.28318530717959,0.,0.,6.28318530717959,0.,0.,1.;       1465P   2355
126,1,1,1,0,1,0,0.,0.,1.,1.,1.,1.,1.,6.28318530717959,0.,1.,0.,     1467P   2356
0.,0.,1.,0.,0.,1.;                                                  1467P   2357
126,1,1,1,0,1,0,-0.175,-0.175,-0.169,-0.169,1.,1.,1.,0.,0.,0.,      1469P   2358
0.,0.,-0.175,-0.169,0.,0.,1.;                                       1469P   2359
126,1,1,1,0,1,0,0.,0.,1.,1.,1.,1.,0.,0.,0.,0.,6.28318530717959,     1471P   2360
0.,0.,1.,0.,0.,1.;                                                  1471P   2361
102,8,1457,1459,1461,1463,1465,1467,1469,1471;                      1473P   2362
124,1.,0.,0.,0.04741239781678,0.,-1.,0.,0.09792326401175,0.,0.,     1475P   2363
-1.,0.144;                                                          1475P   2364
100,0.,0.,0.,0.0031,0.,0.0031,0.;                                   1477P   2365
110,0.05051239781678,0.09792326401175,0.144,0.05051239781678,       1479P   2366
0.09792326401175,0.15;                                              1479P   2367
124,1.,0.,0.,0.04741239781678,0.,1.,0.,0.09792326401175,0.,0.,      1481P   2368
1.,0.15;                                                            1481P   2369
100,0.,0.,0.,0.0031,0.,0.0031,-0.;                                  1483P   2370
110,0.05051239781678,0.09792326401175,0.15,0.05051239781678,        1485P   2371
0.09792326401175,0.144;                                             1485P   2372
102,4,1477,1479,1483,1485;                                          1487P   2373
142,1,1455,1473,1487,2;                                             1489P   2374
144,1455,1,0,1489;                                                  1491P   2375
S      2G      4D   1492P   2375                                        T      1
