ISO-10303-21;
HEADER;
FILE_DESCRIPTION (( 'STEP AP203' ),
    '1' );
FILE_NAME ('Mountable - Aluminium Mount Plate.STEP',
    '2025-05-03T15:05:11',
    ( '' ),
    ( '' ),
    'SwSTEP 2.0',
    'SolidWorks 2022',
    '' );
FILE_SCHEMA (( 'CONFIG_CONTROL_DESIGN' ));
ENDSEC;

DATA;
#1 = VERTEX_POINT ( 'NONE', #1184 ) ;
#2 = DIRECTION ( 'NONE',  ( -1.000000000000000000, 0.000000000000000000, 0.000000000000000000 ) ) ;
#3 = EDGE_LOOP ( 'NONE', ( #476, #1422, #1148, #516, #62 ) ) ;
#4 = FACE_BOUND ( 'NONE', #70, .T. ) ;
#5 = CARTESIAN_POINT ( 'NONE',  ( 0.05249999999999999806, 0.07499999999999999722, 0.09089999999999999469 ) ) ;
#6 = ORIENTED_EDGE ( 'NONE', *, *, #636, .F. ) ;
#7 = ADVANCED_FACE ( 'NONE', ( #1918 ), #1624, .T. ) ;
#8 = DATE_AND_TIME ( #1820, #1260 ) ;
#9 = ORIENTED_EDGE ( 'NONE', *, *, #332, .F. ) ;
#10 = CARTESIAN_POINT ( 'NONE',  ( -1.387778780781449990E-17, 0.07699999999999999900, 0.05589999999999999830 ) ) ;
#11 = ORIENTED_EDGE ( 'NONE', *, *, #1128, .T. ) ;
#12 = FACE_OUTER_BOUND ( 'NONE', #672, .T. ) ;
#13 = FACE_OUTER_BOUND ( 'NONE', #1848, .T. ) ;
#14 = AXIS2_PLACEMENT_3D ( 'NONE', #606, #1212, #895 ) ;
#15 = ORIENTED_EDGE ( 'NONE', *, *, #33, .T. ) ;
#16 = AXIS2_PLACEMENT_3D ( 'NONE', #1832, #313, #322 ) ;
#17 = AXIS2_PLACEMENT_3D ( 'NONE', #1937, #1794, #1826 ) ;
#18 = EDGE_CURVE ( 'NONE', #1545, #1088, #1484, .T. ) ;
#19 = EDGE_CURVE ( 'NONE', #1214, #811, #1155, .T. ) ;
#20 = ORIENTED_EDGE ( 'NONE', *, *, #305, .T. ) ;
#21 = AXIS2_PLACEMENT_3D ( 'NONE', #218, #1845, #343 ) ;
#22 = AXIS2_PLACEMENT_3D ( 'NONE', #1467, #829, #1173 ) ;
#23 = EDGE_CURVE ( 'NONE', #160, #969, #1527, .T. ) ;
#24 = FACE_OUTER_BOUND ( 'NONE', #1871, .T. ) ;
#25 = ORIENTED_EDGE ( 'NONE', *, *, #805, .T. ) ;
#26 = CARTESIAN_POINT ( 'NONE',  ( 0.01499999999999999944, 0.1095000000000000001, 0.07140000000000000513 ) ) ;
#27 = FACE_BOUND ( 'NONE', #1146, .T. ) ;
#28 = ORIENTED_EDGE ( 'NONE', *, *, #1392, .T. ) ;
#29 = CARTESIAN_POINT ( 'NONE',  ( 0.05650000000000000161, 0.07599999999999999811, 0.05190000000000000169 ) ) ;
#30 = VERTEX_POINT ( 'NONE', #575 ) ;
#31 = CARTESIAN_POINT ( 'NONE',  ( -0.04499999999999999833, 0.06500000000000000222, 0.06339999999999999802 ) ) ;
#32 = ORIENTED_EDGE ( 'NONE', *, *, #677, .T. ) ;
#33 = EDGE_CURVE ( 'NONE', #229, #808, #1452, .T. ) ;
#34 = LINE ( 'NONE', #1849, #365 ) ;
#35 = ORIENTED_EDGE ( 'NONE', *, *, #69, .T. ) ;
#36 = DIRECTION ( 'NONE',  ( 0.000000000000000000, 0.000000000000000000, -1.000000000000000000 ) ) ;
#37 = EDGE_CURVE ( 'NONE', #58, #483, #262, .T. ) ;
#38 = FACE_BOUND ( 'NONE', #574, .T. ) ;
#39 = CARTESIAN_POINT ( 'NONE',  ( -0.04499999999999999833, 0.06500000000000000222, 0.06339999999999999802 ) ) ;
#40 = VERTEX_POINT ( 'NONE', #1166 ) ;
#41 = PERSON_AND_ORGANIZATION ( #1936, #462 ) ;
#42 = ORIENTED_EDGE ( 'NONE', *, *, #1048, .T. ) ;
#43 = LINE ( 'NONE', #1113, #84 ) ;
#44 = ORIENTED_EDGE ( 'NONE', *, *, #33, .F. ) ;
#45 = EDGE_CURVE ( 'NONE', #1191, #862, #824, .T. ) ;
#46 = PLANE ( 'NONE',  #1098 ) ;
#47 = CYLINDRICAL_SURFACE ( 'NONE', #1744, 0.004099999999999999478 ) ;
#48 = EDGE_CURVE ( 'NONE', #288, #1550, #1515, .T. ) ;
#49 = CARTESIAN_POINT ( 'NONE',  ( -0.05500000000000000028, 0.07699999999999999900, 0.05589999999999999830 ) ) ;
#50 = ORIENTED_EDGE ( 'NONE', *, *, #1791, .F. ) ;
#51 = ORIENTED_EDGE ( 'NONE', *, *, #1661, .F. ) ;
#52 = VECTOR ( 'NONE', #1423, 1.000000000000000000 ) ;
#53 = CC_DESIGN_APPROVAL ( #1312, ( #1579 ) ) ;
#54 = DIRECTION ( 'NONE',  ( -1.000000000000000000, 0.000000000000000000, 0.000000000000000000 ) ) ;
#55 = ORIENTED_EDGE ( 'NONE', *, *, #1781, .T. ) ;
#56 = CARTESIAN_POINT ( 'NONE',  ( 0.002000000000000039940, 0.1095000000000000001, 0.05589800000000000324 ) ) ;
#57 = DIRECTION ( 'NONE',  ( 0.000000000000000000, 1.000000000000000000, 0.000000000000000000 ) ) ;
#58 = VERTEX_POINT ( 'NONE', #1012 ) ;
#59 = DIRECTION ( 'NONE',  ( 0.000000000000000000, 0.000000000000000000, 1.000000000000000000 ) ) ;
#60 = EDGE_LOOP ( 'NONE', ( #1282, #183, #625, #800 ) ) ;
#61 = EDGE_CURVE ( 'NONE', #1238, #1303, #245, .T. ) ;
#62 = ORIENTED_EDGE ( 'NONE', *, *, #261, .F. ) ;
#63 = DIRECTION ( 'NONE',  ( -1.850371707708589879E-16, 1.000000000000000000, 0.000000000000000000 ) ) ;
#64 = VERTEX_POINT ( 'NONE', #413 ) ;
#65 = LINE ( 'NONE', #673, #1921 ) ;
#66 = FACE_BOUND ( 'NONE', #1737, .T. ) ;
#67 = LINE ( 'NONE', #708, #1588 ) ;
#68 = ORIENTED_EDGE ( 'NONE', *, *, #1167, .F. ) ;
#69 = EDGE_CURVE ( 'NONE', #381, #1702, #594, .T. ) ;
#70 = EDGE_LOOP ( 'NONE', ( #1819, #834, #545, #1864 ) ) ;
#71 = CARTESIAN_POINT ( 'NONE',  ( -0.05650000000000000161, 0.07499999999999999722, 0.05190000000000000169 ) ) ;
#72 = ORIENTED_EDGE ( 'NONE', *, *, #162, .T. ) ;
#73 = DIRECTION ( 'NONE',  ( -1.850371707708589879E-16, 1.000000000000000000, 0.000000000000000000 ) ) ;
#74 = CARTESIAN_POINT ( 'NONE',  ( -0.05650000000000000161, 0.07599999999999999811, 0.05190000000000000169 ) ) ;
#75 = DIRECTION ( 'NONE',  ( 0.000000000000000000, 0.000000000000000000, 1.000000000000000000 ) ) ;
#76 = DIRECTION ( 'NONE',  ( 0.000000000000000000, 0.7071067811865480168, 0.7071067811865470176 ) ) ;
#77 = ORIENTED_EDGE ( 'NONE', *, *, #1108, .T. ) ;
#78 = ORIENTED_EDGE ( 'NONE', *, *, #45, .T. ) ;
#79 = CIRCLE ( 'NONE', #616, 0.01000000000000000194 ) ;
#80 = LINE ( 'NONE', #1316, #938 ) ;
#81 = VERTEX_POINT ( 'NONE', #1929 ) ;
#82 = DIRECTION ( 'NONE',  ( -1.850371707708589879E-16, 1.000000000000000000, 0.000000000000000000 ) ) ;
#83 = EDGE_CURVE ( 'NONE', #1739, #1154, #1645, .T. ) ;
#84 = VECTOR ( 'NONE', #1551, 1.000000000000000000 ) ;
#85 = CARTESIAN_POINT ( 'NONE',  ( 0.05249999999999999806, 0.07499999999999999722, 0.1009000000000000036 ) ) ;
#86 = CARTESIAN_POINT ( 'NONE',  ( 0.05650000000000000161, 0.07599999999999999811, 0.09489999999999999825 ) ) ;
#87 = VECTOR ( 'NONE', #428, 1.000000000000000000 ) ;
#88 = PLANE ( 'NONE',  #142 ) ;
#89 = VERTEX_POINT ( 'NONE', #1632 ) ;
#90 = ORIENTED_EDGE ( 'NONE', *, *, #1732, .T. ) ;
#91 = DIRECTION ( 'NONE',  ( 0.000000000000000000, 0.000000000000000000, 1.000000000000000000 ) ) ;
#92 = ORIENTED_EDGE ( 'NONE', *, *, #1030, .F. ) ;
#93 = DIRECTION ( 'NONE',  ( -1.000000000000000000, 0.000000000000000000, 0.000000000000000000 ) ) ;
#94 = EDGE_CURVE ( 'NONE', #435, #989, #787, .T. ) ;
#95 = FACE_BOUND ( 'NONE', #1263, .T. ) ;
#96 = DIRECTION ( 'NONE',  ( -1.000000000000000000, 0.000000000000000000, 0.000000000000000000 ) ) ;
#97 = EDGE_CURVE ( 'NONE', #1163, #398, #1492, .T. ) ;
#98 = DIRECTION ( 'NONE',  ( -1.000000000000000000, 0.000000000000000000, 0.000000000000000000 ) ) ;
#99 = ORIENTED_EDGE ( 'NONE', *, *, #23, .T. ) ;
#100 = DIRECTION ( 'NONE',  ( 0.000000000000000000, 1.000000000000000000, 0.000000000000000000 ) ) ;
#101 = DIRECTION ( 'NONE',  ( 0.000000000000000000, 1.000000000000000000, 0.000000000000000000 ) ) ;
#102 = DIRECTION ( 'NONE',  ( 0.000000000000000000, 0.000000000000000000, 1.000000000000000000 ) ) ;
#103 = FACE_OUTER_BOUND ( 'NONE', #852, .T. ) ;
#104 = CARTESIAN_POINT ( 'NONE',  ( -0.05460000000000000270, 0.06500000000000000222, 0.06339999999999999802 ) ) ;
#105 = ADVANCED_FACE ( 'NONE', ( #582 ), #1192, .F. ) ;
#106 = PRODUCT_DEFINITION ( 'UNKNOWN', '', #1579, #449 ) ;
#107 = FACE_OUTER_BOUND ( 'NONE', #239, .T. ) ;
#108 = ORIENTED_EDGE ( 'NONE', *, *, #1888, .T. ) ;
#109 = ORIENTED_EDGE ( 'NONE', *, *, #875, .T. ) ;
#110 = CARTESIAN_POINT ( 'NONE',  ( -0.05859999999999999931, 0.07599999999999999811, 0.05190000000000000169 ) ) ;
#111 = CIRCLE ( 'NONE', #1570, 0.002099999999999997702 ) ;
#112 = CIRCLE ( 'NONE', #1065, 0.003099999999999998590 ) ;
#113 = CARTESIAN_POINT ( 'NONE',  ( 0.03250000000000000111, 0.1019999999999999934, 0.07340000000000000691 ) ) ;
#114 = VECTOR ( 'NONE', #718, 1.000000000000000000 ) ;
#115 = CARTESIAN_POINT ( 'NONE',  ( -1.434038073474159751E-17, 0.07950000000000000122, 0.05589999999999999830 ) ) ;
#116 = AXIS2_PLACEMENT_3D ( 'NONE', #1895, #1434, #1285 ) ;
#117 = DIRECTION ( 'NONE',  ( -1.000000000000000000, -1.850371707708589879E-16, 0.000000000000000000 ) ) ;
#118 = ORIENTED_EDGE ( 'NONE', *, *, #1015, .F. ) ;
#119 = APPROVAL_PERSON_ORGANIZATION ( #914, #1312, #1063 ) ;
#120 = AXIS2_PLACEMENT_3D ( 'NONE', #124, #1934, #2 ) ;
#121 = AXIS2_PLACEMENT_3D ( 'NONE', #1789, #100, #273 ) ;
#122 = DIRECTION ( 'NONE',  ( 1.850371707708589879E-16, -1.000000000000000000, 0.000000000000000000 ) ) ;
#123 = DIRECTION ( 'NONE',  ( -1.850371707708589879E-16, 1.000000000000000000, 0.000000000000000000 ) ) ;
#124 = CARTESIAN_POINT ( 'NONE',  ( -0.05500000000000000028, 0.08699999999999999400, 0.08690000000000000502 ) ) ;
#125 = FACE_OUTER_BOUND ( 'NONE', #653, .T. ) ;
#126 = DIRECTION ( 'NONE',  ( -1.850371707708589879E-16, 1.000000000000000000, 0.000000000000000000 ) ) ;
#127 = ORIENTED_EDGE ( 'NONE', *, *, #1704, .T. ) ;
#128 = EDGE_CURVE ( 'NONE', #1361, #1498, #1713, .T. ) ;
#129 = CARTESIAN_POINT ( 'NONE',  ( 0.01089999999999999997, 0.09199999999999999845, 0.07140000000000000513 ) ) ;
#130 = EDGE_CURVE ( 'NONE', #1238, #1886, #1616, .T. ) ;
#131 = FACE_BOUND ( 'NONE', #992, .T. ) ;
#132 = LINE ( 'NONE', #743, #1569 ) ;
#133 = LINE ( 'NONE', #1475, #1839 ) ;
#134 = CARTESIAN_POINT ( 'NONE',  ( -0.05460000000000000270, 0.07499999999999999722, 0.06840000000000000246 ) ) ;
#135 = ORIENTED_EDGE ( 'NONE', *, *, #805, .F. ) ;
#136 = FACE_OUTER_BOUND ( 'NONE', #1910, .T. ) ;
#137 = DIRECTION ( 'NONE',  ( 8.659560562354926695E-17, 0.7071067811865480168, -0.7071067811865470176 ) ) ;
#138 = DIRECTION ( 'NONE',  ( -1.000000000000000000, 0.000000000000000000, 0.000000000000000000 ) ) ;
#139 = AXIS2_PLACEMENT_3D ( 'NONE', #517, #1882, #1599 ) ;
#140 = EDGE_CURVE ( 'NONE', #1214, #396, #759, .T. ) ;
#141 = VECTOR ( 'NONE', #1842, 1.000000000000000000 ) ;
#142 = AXIS2_PLACEMENT_3D ( 'NONE', #1602, #233, #1757 ) ;
#143 = FACE_OUTER_BOUND ( 'NONE', #762, .T. ) ;
#144 = ORIENTED_EDGE ( 'NONE', *, *, #1948, .F. ) ;
#145 = LOCAL_TIME ( 17, 5, 11.00000000000000000, #810 ) ;
#146 = VECTOR ( 'NONE', #1413, 1.000000000000000000 ) ;
#147 = CARTESIAN_POINT ( 'NONE',  ( -0.05460000000000000270, 0.06500000000000000222, 0.08340000000000000191 ) ) ;
#148 = ORIENTED_EDGE ( 'NONE', *, *, #1888, .F. ) ;
#149 = CARTESIAN_POINT ( 'NONE',  ( -0.06250000000000000000, 0.07699999999999999900, 0.07340000000000000691 ) ) ;
#150 = EDGE_CURVE ( 'NONE', #229, #1702, #1118, .T. ) ;
#151 = CARTESIAN_POINT ( 'NONE',  ( 1.572815951552299819E-17, 0.06500000000000000222, 0.07340000000000000691 ) ) ;
#152 = LINE ( 'NONE', #757, #1255 ) ;
#153 = ORIENTED_EDGE ( 'NONE', *, *, #1829, .F. ) ;
#154 =( LENGTH_UNIT ( ) NAMED_UNIT ( * ) SI_UNIT ( $, .METRE. ) );
#155 = ORIENTED_EDGE ( 'NONE', *, *, #1355, .T. ) ;
#156 = DIRECTION ( 'NONE',  ( -1.000000000000000000, 0.000000000000000000, 0.000000000000000000 ) ) ;
#157 = ORIENTED_EDGE ( 'NONE', *, *, #692, .T. ) ;
#158 = CARTESIAN_POINT ( 'NONE',  ( -0.05249999999999999806, 0.07699999999999999900, 0.1009000000000000036 ) ) ;
#159 = DIRECTION ( 'NONE',  ( 1.850371707708589879E-16, -1.000000000000000000, 0.000000000000000000 ) ) ;
#160 = VERTEX_POINT ( 'NONE', #504 ) ;
#161 = DIRECTION ( 'NONE',  ( -1.000000000000000000, -3.832912823110655235E-16, 0.000000000000000000 ) ) ;
#162 = EDGE_CURVE ( 'NONE', #897, #586, #884, .T. ) ;
#163 = EDGE_CURVE ( 'NONE', #940, #89, #546, .T. ) ;
#164 = DATE_TIME_ROLE ( 'creation_date' ) ;
#165 = ORIENTED_EDGE ( 'NONE', *, *, #1604, .F. ) ;
#166 = CARTESIAN_POINT ( 'NONE',  ( -0.04499999999999999833, 0.06500000000000000222, 0.08340000000000000191 ) ) ;
#167 = ORIENTED_EDGE ( 'NONE', *, *, #1110, .T. ) ;
#168 = CARTESIAN_POINT ( 'NONE',  ( 0.03250000000000000111, 0.07950000000000000122, 0.08690000000000000502 ) ) ;
#169 = LINE ( 'NONE', #965, #937 ) ;
#170 = EDGE_LOOP ( 'NONE', ( #638, #1038, #643, #1608 ) ) ;
#171 = VECTOR ( 'NONE', #1044, 1.000000000000000000 ) ;
#172 = CARTESIAN_POINT ( 'NONE',  ( 0.04499999999999999833, 0.1130000000000000032, 0.05589999999999999830 ) ) ;
#173 = VECTOR ( 'NONE', #1058, 1.000000000000000000 ) ;
#174 = VERTEX_POINT ( 'NONE', #1418 ) ;
#175 = VECTOR ( 'NONE', #1185, 1.000000000000000000 ) ;
#176 = SECURITY_CLASSIFICATION_LEVEL ( 'unclassified' ) ;
#177 = VERTEX_POINT ( 'NONE', #1555 ) ;
#178 = VECTOR ( 'NONE', #1716, 1.000000000000000000 ) ;
#179 = DIRECTION ( 'NONE',  ( -1.000000000000000000, 0.000000000000000000, 0.000000000000000000 ) ) ;
#180 = EDGE_LOOP ( 'NONE', ( #661, #135, #658, #235, #1209 ) ) ;
#181 = DIRECTION ( 'NONE',  ( 0.000000000000000000, 0.000000000000000000, -1.000000000000000000 ) ) ;
#182 = CARTESIAN_POINT ( 'NONE',  ( -0.06250000000000000000, 0.07699999999999999900, 0.09089999999999999469 ) ) ;
#183 = ORIENTED_EDGE ( 'NONE', *, *, #1577, .T. ) ;
#184 = LINE ( 'NONE', #49, #298 ) ;
#185 = VERTEX_POINT ( 'NONE', #1578 ) ;
#186 = ADVANCED_FACE ( 'NONE', ( #1227 ), #362, .F. ) ;
#187 = ORIENTED_EDGE ( 'NONE', *, *, #1639, .T. ) ;
#188 = EDGE_CURVE ( 'NONE', #89, #1614, #1228, .T. ) ;
#189 = LINE ( 'NONE', #1561, #1443 ) ;
#190 = ORIENTED_EDGE ( 'NONE', *, *, #1026, .T. ) ;
#191 = DIRECTION ( 'NONE',  ( 0.7071067811865460184, -0.7071067811865490160, 0.000000000000000000 ) ) ;
#192 = DIRECTION ( 'NONE',  ( 1.000000000000000000, 0.000000000000000000, 0.000000000000000000 ) ) ;
#193 = ORIENTED_EDGE ( 'NONE', *, *, #670, .T. ) ;
#194 = DIRECTION ( 'NONE',  ( 1.850371707708589879E-16, -1.000000000000000000, -5.473822126268819114E-48 ) ) ;
#195 = EDGE_LOOP ( 'NONE', ( #686, #503, #1112, #1853 ) ) ;
#196 = FACE_OUTER_BOUND ( 'NONE', #689, .T. ) ;
#197 = PERSON_AND_ORGANIZATION ( #1936, #462 ) ;
#198 = ORIENTED_EDGE ( 'NONE', *, *, #816, .T. ) ;
#199 = DIRECTION ( 'NONE',  ( 0.000000000000000000, -1.000000000000000000, 0.000000000000000000 ) ) ;
#200 = CARTESIAN_POINT ( 'NONE',  ( 0.05650000000000000161, 0.07699999999999999900, 0.05500000000000000028 ) ) ;
#201 = CARTESIAN_POINT ( 'NONE',  ( 0.04499999999999999833, 0.07499999999999999722, 0.09299999999999999933 ) ) ;
#202 = DIRECTION ( 'NONE',  ( 0.000000000000000000, 0.000000000000000000, 1.000000000000000000 ) ) ;
#203 = ADVANCED_FACE ( 'NONE', ( #13 ), #1566, .T. ) ;
#204 = VERTEX_POINT ( 'NONE', #1247 ) ;
#205 = VECTOR ( 'NONE', #577, 1.000000000000000000 ) ;
#206 = CIRCLE ( 'NONE', #1477, 0.004099999999999999478 ) ;
#207 = CIRCLE ( 'NONE', #1610, 0.003099999999999998590 ) ;
#208 = VECTOR ( 'NONE', #1953, 1.000000000000000000 ) ;
#209 = EDGE_LOOP ( 'NONE', ( #1398, #505, #1371, #355 ) ) ;
#210 = AXIS2_PLACEMENT_3D ( 'NONE', #991, #1571, #1294 ) ;
#211 = CIRCLE ( 'NONE', #978, 0.01000000000000000194 ) ;
#212 = CARTESIAN_POINT ( 'NONE',  ( -0.05249999999999999806, 0.07499999999999999722, 0.04590000000000000330 ) ) ;
#213 = ORIENTED_EDGE ( 'NONE', *, *, #568, .F. ) ;
#214 = AXIS2_PLACEMENT_3D ( 'NONE', #885, #256, #1792 ) ;
#215 = CARTESIAN_POINT ( 'NONE',  ( -0.04100000000000000172, 0.1170000000000000068, 0.07340000000000000691 ) ) ;
#216 = ADVANCED_FACE ( 'NONE', ( #490 ), #1125, .T. ) ;
#217 = CARTESIAN_POINT ( 'NONE',  ( -0.05650000000000000161, 0.07599999999999999811, 0.05190000000000000169 ) ) ;
#218 = CARTESIAN_POINT ( 'NONE',  ( 0.05249999999999999806, 0.07699999999999999900, 0.09089999999999999469 ) ) ;
#219 = EDGE_LOOP ( 'NONE', ( #971, #1429, #1759, #507 ) ) ;
#220 = ORIENTED_EDGE ( 'NONE', *, *, #332, .T. ) ;
#221 = CARTESIAN_POINT ( 'NONE',  ( 0.05249999999999999806, 0.07699999999999999900, 0.04590000000000000330 ) ) ;
#222 = EDGE_LOOP ( 'NONE', ( #1635, #9, #1878, #68 ) ) ;
#223 = DIRECTION ( 'NONE',  ( 0.000000000000000000, 0.000000000000000000, 1.000000000000000000 ) ) ;
#224 = DIRECTION ( 'NONE',  ( 1.982541115402059686E-16, 3.668437989309019682E-32, 1.000000000000000000 ) ) ;
#225 = DIRECTION ( 'NONE',  ( -1.850371707708589879E-16, 1.000000000000000000, 0.000000000000000000 ) ) ;
#226 = ORIENTED_EDGE ( 'NONE', *, *, #1095, .F. ) ;
#227 = ORIENTED_EDGE ( 'NONE', *, *, #378, .F. ) ;
#228 = DIRECTION ( 'NONE',  ( -1.850371707708589879E-16, 1.000000000000000000, 0.000000000000000000 ) ) ;
#229 = VERTEX_POINT ( 'NONE', #967 ) ;
#230 = DIRECTION ( 'NONE',  ( -1.000000000000000000, 0.000000000000000000, 0.000000000000000000 ) ) ;
#231 = DIRECTION ( 'NONE',  ( -1.850371707708589879E-16, 1.000000000000000000, 0.000000000000000000 ) ) ;
#232 = DIRECTION ( 'NONE',  ( -1.000000000000000000, 0.000000000000000000, 0.000000000000000000 ) ) ;
#233 = DIRECTION ( 'NONE',  ( -1.541976423090489963E-16, -2.853229547240350040E-32, 1.000000000000000000 ) ) ;
#234 = ORIENTED_EDGE ( 'NONE', *, *, #61, .F. ) ;
#235 = ORIENTED_EDGE ( 'NONE', *, *, #1437, .T. ) ;
#236 = VECTOR ( 'NONE', #903, 1.000000000000000000 ) ;
#237 = EDGE_CURVE ( 'NONE', #780, #1945, #1084, .T. ) ;
#238 = LINE ( 'NONE', #826, #331 ) ;
#239 = EDGE_LOOP ( 'NONE', ( #1183, #1109, #444, #536, #474 ) ) ;
#240 = FACE_BOUND ( 'NONE', #1157, .T. ) ;
#241 = DIRECTION ( 'NONE',  ( 0.000000000000000000, 1.000000000000000000, 0.000000000000000000 ) ) ;
#242 = LINE ( 'NONE', #1764, #1172 ) ;
#243 = CARTESIAN_POINT ( 'NONE',  ( -0.05859999999999999931, 0.07499999999999999722, 0.09489999999999999825 ) ) ;
#244 = ORIENTED_EDGE ( 'NONE', *, *, #1085, .F. ) ;
#245 = LINE ( 'NONE', #1782, #1646 ) ;
#246 = EDGE_CURVE ( 'NONE', #272, #419, #1692, .T. ) ;
#247 = PLANE ( 'NONE',  #1480 ) ;
#248 = CARTESIAN_POINT ( 'NONE',  ( 0.05650000000000000161, 0.07599999999999999811, 0.09489999999999999825 ) ) ;
#249 = EDGE_CURVE ( 'NONE', #645, #1593, #184, .T. ) ;
#250 = FACE_OUTER_BOUND ( 'NONE', #1295, .T. ) ;
#251 = DIRECTION ( 'NONE',  ( -1.850371707708589879E-16, 1.000000000000000000, 0.000000000000000000 ) ) ;
#252 = CARTESIAN_POINT ( 'NONE',  ( 0.05500000000000000028, 0.08699999999999999400, 0.08690000000000000502 ) ) ;
#253 = ORIENTED_EDGE ( 'NONE', *, *, #878, .T. ) ;
#254 = DIRECTION ( 'NONE',  ( 1.000000000000000000, 1.850371707708589879E-16, 1.541976423090489963E-16 ) ) ;
#255 = DIRECTION ( 'NONE',  ( -1.000000000000000000, 0.000000000000000000, 0.000000000000000000 ) ) ;
#256 = DIRECTION ( 'NONE',  ( -1.850371707708589879E-16, 1.000000000000000000, 0.000000000000000000 ) ) ;
#257 = VERTEX_POINT ( 'NONE', #1270 ) ;
#258 = CARTESIAN_POINT ( 'NONE',  ( -2.432577948598329796E-17, 0.1170000000000000068, 0.05990000000000000185 ) ) ;
#259 = DIRECTION ( 'NONE',  ( 0.5773502691896241767, -0.5773502691896261751, 0.5773502691896271743 ) ) ;
#260 = ORIENTED_EDGE ( 'NONE', *, *, #1653, .T. ) ;
#261 = EDGE_CURVE ( 'NONE', #586, #1400, #1419, .T. ) ;
#262 = LINE ( 'NONE', #730, #1897 ) ;
#263 = CARTESIAN_POINT ( 'NONE',  ( 0.04499999999999999833, 0.06500000000000000222, 0.08340000000000000191 ) ) ;
#264 = AXIS2_PLACEMENT_3D ( 'NONE', #248, #1466, #102 ) ;
#265 = LINE ( 'NONE', #901, #1137 ) ;
#266 = VERTEX_POINT ( 'NONE', #929 ) ;
#267 = CONICAL_SURFACE ( 'NONE', #1379, 0.002099999999999997702, 0.7853981633974476129 ) ;
#268 = CARTESIAN_POINT ( 'NONE',  ( 0.05460000000000000270, 0.06500000000000000222, 0.07340000000000000691 ) ) ;
#269 = CIRCLE ( 'NONE', #116, 0.004099999999999999478 ) ;
#270 = EDGE_CURVE ( 'NONE', #1214, #1047, #629, .T. ) ;
#271 = CARTESIAN_POINT ( 'NONE',  ( -0.03250000000000000111, 0.07950000000000000122, 0.08690000000000000502 ) ) ;
#272 = VERTEX_POINT ( 'NONE', #172 ) ;
#273 = DIRECTION ( 'NONE',  ( 0.000000000000000000, 0.000000000000000000, 1.000000000000000000 ) ) ;
#274 = DIRECTION ( 'NONE',  ( 0.000000000000000000, 0.000000000000000000, 1.000000000000000000 ) ) ;
#275 = DIRECTION ( 'NONE',  ( 1.850371707708589879E-16, -1.000000000000000000, 0.000000000000000000 ) ) ;
#276 = FACE_OUTER_BOUND ( 'NONE', #1018, .T. ) ;
#277 = LINE ( 'NONE', #1961, #236 ) ;
#278 = ORIENTED_EDGE ( 'NONE', *, *, #45, .F. ) ;
#279 = EDGE_CURVE ( 'NONE', #676, #1739, #1237, .T. ) ;
#280 = CARTESIAN_POINT ( 'NONE',  ( -0.05249999999999999806, 0.07499999999999999722, 0.1009000000000000036 ) ) ;
#281 = ORIENTED_EDGE ( 'NONE', *, *, #1045, .T. ) ;
#282 = DIRECTION ( 'NONE',  ( -1.000000000000000000, 0.000000000000000000, 0.000000000000000000 ) ) ;
#283 = DIRECTION ( 'NONE',  ( -1.000000000000000000, 0.000000000000000000, 1.321694076934709909E-16 ) ) ;
#284 = DIRECTION ( 'NONE',  ( 0.000000000000000000, 0.000000000000000000, 1.000000000000000000 ) ) ;
#285 = ORIENTED_EDGE ( 'NONE', *, *, #1704, .F. ) ;
#286 = EDGE_CURVE ( 'NONE', #1531, #1830, #727, .T. ) ;
#287 = DIRECTION ( 'NONE',  ( -1.000000000000000000, 0.000000000000000000, 0.000000000000000000 ) ) ;
#288 = VERTEX_POINT ( 'NONE', #1259 ) ;
#289 = CARTESIAN_POINT ( 'NONE',  ( 0.06250000000000000000, 0.07699999999999999900, 0.07340000000000000691 ) ) ;
#290 = CARTESIAN_POINT ( 'NONE',  ( 0.05460000000000000270, 0.06500000000000000222, 0.07340000000000000691 ) ) ;
#291 = AXIS2_PLACEMENT_3D ( 'NONE', #113, #725, #770 ) ;
#292 = DIRECTION ( 'NONE',  ( 0.000000000000000000, 0.000000000000000000, -1.000000000000000000 ) ) ;
#293 = ORIENTED_EDGE ( 'NONE', *, *, #237, .F. ) ;
#294 = AXIS2_PLACEMENT_3D ( 'NONE', #1465, #101, #1147 ) ;
#295 = VECTOR ( 'NONE', #1083, 1.000000000000000000 ) ;
#296 = CC_DESIGN_SECURITY_CLASSIFICATION ( #1223, ( #1579 ) ) ;
#297 = AXIS2_PLACEMENT_3D ( 'NONE', #1277, #1883, #518 ) ;
#298 = VECTOR ( 'NONE', #1387, 1.000000000000000000 ) ;
#299 = CARTESIAN_POINT ( 'NONE',  ( 0.000000000000000000, 0.000000000000000000, 0.000000000000000000 ) ) ;
#300 = ORIENTED_EDGE ( 'NONE', *, *, #140, .T. ) ;
#301 = PRODUCT ( 'Mountable - Aluminium Mount Plate', 'Mountable - Aluminium Mount Plate', '', ( #631 ) ) ;
#302 = CARTESIAN_POINT ( 'NONE',  ( -0.05500000000000000028, 0.07699999999999999900, 0.05589999999999999830 ) ) ;
#303 = ORIENTED_EDGE ( 'NONE', *, *, #749, .T. ) ;
#304 = CARTESIAN_POINT ( 'NONE',  ( -0.04499999999999999833, 0.08699999999999999400, 0.08690000000000000502 ) ) ;
#305 = EDGE_CURVE ( 'NONE', #678, #1253, #499, .T. ) ;
#306 = APPROVAL ( #999, 'UNSPECIFIED' ) ;
#307 = DIRECTION ( 'NONE',  ( -1.850371707708589879E-16, 1.000000000000000000, 0.000000000000000000 ) ) ;
#308 = ORIENTED_EDGE ( 'NONE', *, *, #1430, .F. ) ;
#309 = DIRECTION ( 'NONE',  ( -1.850371707708589879E-16, 1.000000000000000000, 0.000000000000000000 ) ) ;
#310 = ADVANCED_FACE ( 'NONE', ( #1914 ), #551, .F. ) ;
#311 = DIRECTION ( 'NONE',  ( 1.000000000000000000, 0.000000000000000000, 0.000000000000000000 ) ) ;
#312 = ORIENTED_EDGE ( 'NONE', *, *, #711, .F. ) ;
#313 = DIRECTION ( 'NONE',  ( -1.850371707708589879E-16, 1.000000000000000000, 0.000000000000000000 ) ) ;
#314 = ORIENTED_EDGE ( 'NONE', *, *, #1081, .T. ) ;
#315 = DIRECTION ( 'NONE',  ( 0.000000000000000000, 0.000000000000000000, -1.000000000000000000 ) ) ;
#316 = EDGE_CURVE ( 'NONE', #803, #1359, #242, .T. ) ;
#317 = DIRECTION ( 'NONE',  ( -1.000000000000000000, 0.000000000000000000, 0.000000000000000000 ) ) ;
#318 = CARTESIAN_POINT ( 'NONE',  ( 0.04100000000000000172, 0.1170000000000000068, 0.07340000000000000691 ) ) ;
#319 = VERTEX_POINT ( 'NONE', #1896 ) ;
#320 = PERSON_AND_ORGANIZATION_ROLE ( 'creator' ) ;
#321 = EDGE_LOOP ( 'NONE', ( #775, #1258, #1858, #344 ) ) ;
#322 = DIRECTION ( 'NONE',  ( -1.000000000000000000, 0.000000000000000000, 0.000000000000000000 ) ) ;
#323 = ORIENTED_EDGE ( 'NONE', *, *, #1026, .F. ) ;
#324 = FACE_OUTER_BOUND ( 'NONE', #984, .T. ) ;
#325 = DIRECTION ( 'NONE',  ( -1.000000000000000000, 0.000000000000000000, 0.000000000000000000 ) ) ;
#326 = ORIENTED_EDGE ( 'NONE', *, *, #1167, .T. ) ;
#327 = DIRECTION ( 'NONE',  ( -1.000000000000000000, 0.000000000000000000, 0.000000000000000000 ) ) ;
#328 = EDGE_CURVE ( 'NONE', #1707, #1550, #1319, .T. ) ;
#329 = AXIS2_PLACEMENT_3D ( 'NONE', #648, #488, #1564 ) ;
#330 = ORIENTED_EDGE ( 'NONE', *, *, #422, .T. ) ;
#331 = VECTOR ( 'NONE', #1741, 1.000000000000000000 ) ;
#332 = EDGE_CURVE ( 'NONE', #935, #1009, #394, .T. ) ;
#333 = AXIS2_PLACEMENT_3D ( 'NONE', #1049, #892, #741 ) ;
#334 = CONICAL_SURFACE ( 'NONE', #980, 0.002100000000000004641, 0.7853981633974476129 ) ;
#335 = PERSON_AND_ORGANIZATION ( #1936, #462 ) ;
#336 = VERTEX_POINT ( 'NONE', #532 ) ;
#337 = VECTOR ( 'NONE', #712, 1.000000000000000000 ) ;
#338 = CARTESIAN_POINT ( 'NONE',  ( -0.001999999999999960143, 0.09450000000000000067, 0.05589800000000000324 ) ) ;
#339 = VERTEX_POINT ( 'NONE', #839 ) ;
#340 = FACE_OUTER_BOUND ( 'NONE', #1749, .T. ) ;
#341 = LINE ( 'NONE', #1576, #1537 ) ;
#342 = VERTEX_POINT ( 'NONE', #1755 ) ;
#343 = DIRECTION ( 'NONE',  ( -1.000000000000000000, 0.000000000000000000, 0.000000000000000000 ) ) ;
#344 = ORIENTED_EDGE ( 'NONE', *, *, #452, .T. ) ;
#345 = AXIS2_PLACEMENT_3D ( 'NONE', #1134, #1356, #744 ) ;
#346 = CARTESIAN_POINT ( 'NONE',  ( -0.05859999999999999931, 0.05210000000000000048, 0.09489999999999999825 ) ) ;
#347 = PERSON_AND_ORGANIZATION ( #1936, #462 ) ;
#348 = ORIENTED_EDGE ( 'NONE', *, *, #237, .T. ) ;
#349 = LINE ( 'NONE', #934, #590 ) ;
#350 = ORIENTED_EDGE ( 'NONE', *, *, #163, .T. ) ;
#351 = CARTESIAN_POINT ( 'NONE',  ( -0.04499999999999999833, 0.06500000000000000222, 0.09299999999999999933 ) ) ;
#352 = CARTESIAN_POINT ( 'NONE',  ( 0.03250000000000000111, 0.07950000000000000122, 0.07340000000000000691 ) ) ;
#353 = EDGE_LOOP ( 'NONE', ( #1562, #234, #784, #466 ) ) ;
#354 = DIRECTION ( 'NONE',  ( -1.000000000000000000, 0.000000000000000000, 0.000000000000000000 ) ) ;
#355 = ORIENTED_EDGE ( 'NONE', *, *, #97, .F. ) ;
#356 = ORIENTED_EDGE ( 'NONE', *, *, #1908, .T. ) ;
#357 = UNCERTAINTY_MEASURE_WITH_UNIT (LENGTH_MEASURE( 1.000000000000000082E-05 ), #154, 'distance_accuracy_value', 'NONE');
#358 = ADVANCED_FACE ( 'NONE', ( #384 ), #849, .T. ) ;
#359 = DIRECTION ( 'NONE',  ( -1.000000000000000000, 0.000000000000000000, 0.000000000000000000 ) ) ;
#360 = CARTESIAN_POINT ( 'NONE',  ( -0.05460000000000000270, 0.06500000000000000222, 0.06339999999999999802 ) ) ;
#361 = LINE ( 'NONE', #1268, #561 ) ;
#362 = CYLINDRICAL_SURFACE ( 'NONE', #1016, 0.01000000000000000194 ) ;
#363 = ORIENTED_EDGE ( 'NONE', *, *, #1606, .F. ) ;
#364 = CIRCLE ( 'NONE', #1506, 0.009599999999999997424 ) ;
#365 = VECTOR ( 'NONE', #486, 1.000000000000000000 ) ;
#366 = ORIENTED_EDGE ( 'NONE', *, *, #579, .T. ) ;
#367 = APPROVAL_PERSON_ORGANIZATION ( #41, #306, #1595 ) ;
#368 = CARTESIAN_POINT ( 'NONE',  ( -0.05859999999999999931, 0.07599999999999999811, 0.09489999999999999825 ) ) ;
#369 = ORIENTED_EDGE ( 'NONE', *, *, #621, .F. ) ;
#370 = AXIS2_PLACEMENT_3D ( 'NONE', #1648, #597, #1353 ) ;
#371 = DIRECTION ( 'NONE',  ( 1.850371707708589879E-16, -1.000000000000000000, -5.473822126268819114E-48 ) ) ;
#372 = AXIS2_PLACEMENT_3D ( 'NONE', #1472, #1315, #1796 ) ;
#373 = CARTESIAN_POINT ( 'NONE',  ( 0.05500000000000000028, 0.08699999999999999400, 0.05589999999999999830 ) ) ;
#374 = EDGE_CURVE ( 'NONE', #1154, #1359, #1957, .T. ) ;
#375 = CARTESIAN_POINT ( 'NONE',  ( -0.05440000000000000391, 0.05210000000000000048, 0.09489999999999999825 ) ) ;
#376 = AXIS2_PLACEMENT_3D ( 'NONE', #1905, #1461, #1786 ) ;
#377 = EDGE_LOOP ( 'NONE', ( #1366, #1479, #1586, #758, #109, #285, #1391, #1233 ) ) ;
#378 = EDGE_CURVE ( 'NONE', #1114, #932, #760, .T. ) ;
#379 = ORIENTED_EDGE ( 'NONE', *, *, #163, .F. ) ;
#380 = DIRECTION ( 'NONE',  ( 0.000000000000000000, 0.000000000000000000, 1.000000000000000000 ) ) ;
#381 = VERTEX_POINT ( 'NONE', #1446 ) ;
#382 = FACE_OUTER_BOUND ( 'NONE', #904, .T. ) ;
#383 = CARTESIAN_POINT ( 'NONE',  ( 0.06250000000000000000, 0.07699999999999999900, 0.07340000000000000691 ) ) ;
#384 = FACE_OUTER_BOUND ( 'NONE', #1651, .T. ) ;
#385 = EDGE_CURVE ( 'NONE', #160, #487, #1388, .T. ) ;
#386 = CARTESIAN_POINT ( 'NONE',  ( -0.04499999999999999833, 0.07499999999999999722, 0.06339999999999999802 ) ) ;
#387 = ORIENTED_EDGE ( 'NONE', *, *, #1560, .T. ) ;
#388 = EDGE_CURVE ( 'NONE', #1565, #435, #1006, .T. ) ;
#389 = ORIENTED_EDGE ( 'NONE', *, *, #374, .T. ) ;
#390 = CARTESIAN_POINT ( 'NONE',  ( 0.01499999999999999944, 0.09199999999999999845, 0.07140000000000000513 ) ) ;
#391 = VERTEX_POINT ( 'NONE', #1923 ) ;
#392 = DIRECTION ( 'NONE',  ( -1.000000000000000000, 0.000000000000000000, 0.000000000000000000 ) ) ;
#393 = CARTESIAN_POINT ( 'NONE',  ( 0.05650000000000000161, 0.07599999999999999811, 0.09489999999999999825 ) ) ;
#394 = LINE ( 'NONE', #258, #1717 ) ;
#395 = DIRECTION ( 'NONE',  ( 1.850371707708589879E-16, -1.000000000000000000, 0.000000000000000000 ) ) ;
#396 = VERTEX_POINT ( 'NONE', #104 ) ;
#397 = EDGE_CURVE ( 'NONE', #336, #981, #716, .T. ) ;
#398 = VERTEX_POINT ( 'NONE', #1174 ) ;
#399 = EDGE_CURVE ( 'NONE', #1593, #1917, #1747, .T. ) ;
#400 = VECTOR ( 'NONE', #432, 1.000000000000000000 ) ;
#401 = APPROVAL ( #1721, 'UNSPECIFIED' ) ;
#402 = VECTOR ( 'NONE', #745, 1.000000000000000000 ) ;
#403 = DIRECTION ( 'NONE',  ( 1.000000000000000000, 1.850371707708589879E-16, 0.000000000000000000 ) ) ;
#404 = ORIENTED_EDGE ( 'NONE', *, *, #316, .F. ) ;
#405 = DIRECTION ( 'NONE',  ( -1.000000000000000000, 0.000000000000000000, 0.000000000000000000 ) ) ;
#406 = CC_DESIGN_APPROVAL ( #401, ( #106 ) ) ;
#407 = CONICAL_SURFACE ( 'NONE', #814, 0.002099999999999997702, 0.7853981633974476129 ) ;
#408 = DIRECTION ( 'NONE',  ( 0.000000000000000000, 0.000000000000000000, 1.000000000000000000 ) ) ;
#409 = DIRECTION ( 'NONE',  ( 1.850371707708589879E-16, -1.000000000000000000, 0.000000000000000000 ) ) ;
#410 = VECTOR ( 'NONE', #1177, 1.000000000000000000 ) ;
#411 = CARTESIAN_POINT ( 'NONE',  ( 0.05650000000000000161, 0.07599999999999999811, 0.04980000000000000399 ) ) ;
#412 = ORIENTED_EDGE ( 'NONE', *, *, #998, .F. ) ;
#413 = CARTESIAN_POINT ( 'NONE',  ( 0.05859999999999999931, 0.07599999999999999811, 0.05190000000000000169 ) ) ;
#414 = DIRECTION ( 'NONE',  ( -1.850371707708589879E-16, 1.000000000000000000, 0.000000000000000000 ) ) ;
#415 = ADVANCED_FACE ( 'NONE', ( #417 ), #542, .F. ) ;
#416 = DIRECTION ( 'NONE',  ( -1.850371707708589879E-16, 1.000000000000000000, 0.000000000000000000 ) ) ;
#417 = FACE_OUTER_BOUND ( 'NONE', #1693, .T. ) ;
#418 = CARTESIAN_POINT ( 'NONE',  ( -0.05249999999999999806, 0.07699999999999999900, 0.1009000000000000036 ) ) ;
#419 = VERTEX_POINT ( 'NONE', #1612 ) ;
#420 = DIRECTION ( 'NONE',  ( 0.000000000000000000, 0.000000000000000000, 1.000000000000000000 ) ) ;
#421 = LINE ( 'NONE', #900, #911 ) ;
#422 = EDGE_CURVE ( 'NONE', #862, #1191, #1684, .T. ) ;
#423 = CARTESIAN_POINT ( 'NONE',  ( -1.989149585786739747E-17, 0.1095000000000000001, 0.05589999999999999830 ) ) ;
#424 = DIRECTION ( 'NONE',  ( -1.850371707708589879E-16, 1.000000000000000000, 0.000000000000000000 ) ) ;
#425 = EDGE_CURVE ( 'NONE', #272, #935, #67, .T. ) ;
#426 = DIRECTION ( 'NONE',  ( 0.000000000000000000, 1.000000000000000000, 0.000000000000000000 ) ) ;
#427 = ORIENTED_EDGE ( 'NONE', *, *, #957, .F. ) ;
#428 = DIRECTION ( 'NONE',  ( -1.000000000000000000, -1.850371707708589879E-16, 0.000000000000000000 ) ) ;
#429 = CARTESIAN_POINT ( 'NONE',  ( -0.05650000000000000161, 0.07599999999999999811, 0.05190000000000000169 ) ) ;
#430 = VECTOR ( 'NONE', #292, 1.000000000000000000 ) ;
#431 = CARTESIAN_POINT ( 'NONE',  ( -0.05650000000000000161, 0.07599999999999999811, 0.09279999999999999361 ) ) ;
#432 = DIRECTION ( 'NONE',  ( 0.000000000000000000, 0.000000000000000000, 1.000000000000000000 ) ) ;
#433 = AXIS2_PLACEMENT_3D ( 'NONE', #1194, #1328, #1958 ) ;
#434 = LINE ( 'NONE', #1526, #491 ) ;
#435 = VERTEX_POINT ( 'NONE', #1310 ) ;
#436 = AXIS2_PLACEMENT_3D ( 'NONE', #29, #1875, #1094 ) ;
#437 = EDGE_CURVE ( 'NONE', #1547, #1088, #1160, .T. ) ;
#438 = CARTESIAN_POINT ( 'NONE',  ( -1.471045507628329717E-17, 0.07950000000000000122, 0.07340000000000000691 ) ) ;
#439 = CARTESIAN_POINT ( 'NONE',  ( 0.05249999999999999806, 0.07499999999999999722, 0.05589999999999999830 ) ) ;
#440 = AXIS2_PLACEMENT_3D ( 'NONE', #151, #588, #1188 ) ;
#441 = LINE ( 'NONE', #1210, #205 ) ;
#442 = LINE ( 'NONE', #290, #933 ) ;
#443 = DIRECTION ( 'NONE',  ( -1.850371707708589879E-16, 1.000000000000000000, 0.000000000000000000 ) ) ;
#444 = ORIENTED_EDGE ( 'NONE', *, *, #945, .T. ) ;
#445 = EDGE_CURVE ( 'NONE', #204, #705, #1202, .T. ) ;
#446 = LINE ( 'NONE', #1647, #175 ) ;
#447 = DIRECTION ( 'NONE',  ( 1.000000000000000000, 1.850371707708589879E-16, 0.000000000000000000 ) ) ;
#448 = DIRECTION ( 'NONE',  ( 1.000000000000000000, 1.850371707708589879E-16, 0.000000000000000000 ) ) ;
#449 = DESIGN_CONTEXT ( 'detailed design', #949, 'design' ) ;
#450 = LINE ( 'NONE', #1668, #173 ) ;
#451 = ORIENTED_EDGE ( 'NONE', *, *, #452, .F. ) ;
#452 = EDGE_CURVE ( 'NONE', #1886, #548, #1205, .T. ) ;
#453 = ORIENTED_EDGE ( 'NONE', *, *, #1619, .T. ) ;
#454 = CARTESIAN_POINT ( 'NONE',  ( -0.05249999999999999806, 0.07699999999999999900, 0.04590000000000000330 ) ) ;
#455 = ORIENTED_EDGE ( 'NONE', *, *, #437, .T. ) ;
#456 = FACE_OUTER_BOUND ( 'NONE', #461, .T. ) ;
#457 = AXIS2_PLACEMENT_3D ( 'NONE', #1634, #275, #1180 ) ;
#458 = AXIS2_PLACEMENT_3D ( 'NONE', #909, #1517, #1364 ) ;
#459 = CIRCLE ( 'NONE', #17, 0.009599999999999997424 ) ;
#460 = LINE ( 'NONE', #1200, #1193 ) ;
#461 = EDGE_LOOP ( 'NONE', ( #1436, #1077, #190, #1598, #925 ) ) ;
#462 = ORGANIZATION ( 'UNSPECIFIED', 'UNSPECIFIED', '' ) ;
#463 = AXIS2_PLACEMENT_3D ( 'NONE', #393, #1444, #1298 ) ;
#464 = AXIS2_PLACEMENT_3D ( 'NONE', #639, #785, #354 ) ;
#465 = VECTOR ( 'NONE', #1299, 1.000000000000000000 ) ;
#466 = ORIENTED_EDGE ( 'NONE', *, *, #609, .T. ) ;
#467 = DIRECTION ( 'NONE',  ( 1.850371707708589879E-16, -1.000000000000000000, 0.000000000000000000 ) ) ;
#468 = ORIENTED_EDGE ( 'NONE', *, *, #677, .F. ) ;
#469 = DIRECTION ( 'NONE',  ( -1.000000000000000000, 0.000000000000000000, 0.000000000000000000 ) ) ;
#470 = CARTESIAN_POINT ( 'NONE',  ( 0.05460000000000000270, 0.07499999999999999722, 0.07340000000000000691 ) ) ;
#471 = DIRECTION ( 'NONE',  ( -1.850371707708589879E-16, 1.000000000000000000, 0.000000000000000000 ) ) ;
#472 = VECTOR ( 'NONE', #764, 1.000000000000000000 ) ;
#473 = ORIENTED_EDGE ( 'NONE', *, *, #19, .F. ) ;
#474 = ORIENTED_EDGE ( 'NONE', *, *, #48, .T. ) ;
#475 = CARTESIAN_POINT ( 'NONE',  ( -0.05650000000000000161, 0.07599999999999999811, 0.05190000000000000169 ) ) ;
#476 = ORIENTED_EDGE ( 'NONE', *, *, #162, .F. ) ;
#477 = EDGE_CURVE ( 'NONE', #419, #1850, #1636, .T. ) ;
#478 = DIRECTION ( 'NONE',  ( -1.000000000000000000, 0.000000000000000000, 0.000000000000000000 ) ) ;
#479 = DIRECTION ( 'NONE',  ( 0.000000000000000000, 0.000000000000000000, -1.000000000000000000 ) ) ;
#480 = EDGE_CURVE ( 'NONE', #40, #339, #1051, .T. ) ;
#481 = ORIENTED_EDGE ( 'NONE', *, *, #270, .F. ) ;
#482 = DIRECTION ( 'NONE',  ( 0.7071067811865490160, 0.7071067811865460184, 0.000000000000000000 ) ) ;
#483 = VERTEX_POINT ( 'NONE', #1825 ) ;
#484 = APPROVAL_DATE_TIME ( #1694, #1312 ) ;
#485 = ORIENTED_EDGE ( 'NONE', *, *, #670, .F. ) ;
#486 = DIRECTION ( 'NONE',  ( 1.000000000000000000, 1.850371707708589879E-16, 0.000000000000000000 ) ) ;
#487 = VERTEX_POINT ( 'NONE', #1817 ) ;
#488 = DIRECTION ( 'NONE',  ( 0.000000000000000000, 1.000000000000000000, 0.000000000000000000 ) ) ;
#489 = ORIENTED_EDGE ( 'NONE', *, *, #328, .T. ) ;
#490 = FACE_OUTER_BOUND ( 'NONE', #1135, .T. ) ;
#491 = VECTOR ( 'NONE', #1944, 1.000000000000000000 ) ;
#492 = EDGE_LOOP ( 'NONE', ( #369, #632, #879, #387 ) ) ;
#493 = ADVANCED_FACE ( 'NONE', ( #902 ), #1036, .T. ) ;
#494 = CIRCLE ( 'NONE', #822, 0.002100000000000004641 ) ;
#495 = CARTESIAN_POINT ( 'NONE',  ( -0.05650000000000000161, 0.05210000000000000048, 0.09489999999999999825 ) ) ;
#496 = APPROVAL_STATUS ( 'not_yet_approved' ) ;
#497 = ORIENTED_EDGE ( 'NONE', *, *, #1791, .T. ) ;
#498 = AXIS2_PLACEMENT_3D ( 'NONE', #438, #555, #739 ) ;
#499 = CIRCLE ( 'NONE', #1783, 0.003099999999999998590 ) ;
#500 = DIRECTION ( 'NONE',  ( 0.000000000000000000, 0.000000000000000000, 1.000000000000000000 ) ) ;
#501 = ORIENTED_EDGE ( 'NONE', *, *, #397, .F. ) ;
#502 = CARTESIAN_POINT ( 'NONE',  ( -0.03250000000000000111, 0.07950000000000000122, 0.07340000000000000691 ) ) ;
#503 = ORIENTED_EDGE ( 'NONE', *, *, #816, .F. ) ;
#504 = CARTESIAN_POINT ( 'NONE',  ( 0.05650000000000000161, 0.07599999999999999811, 0.09279999999999999361 ) ) ;
#505 = ORIENTED_EDGE ( 'NONE', *, *, #1948, .T. ) ;
#506 = EDGE_CURVE ( 'NONE', #1453, #396, #133, .T. ) ;
#507 = ORIENTED_EDGE ( 'NONE', *, *, #249, .F. ) ;
#508 = LINE ( 'NONE', #1724, #1196 ) ;
#509 = LINE ( 'NONE', #1123, #782 ) ;
#510 = CARTESIAN_POINT ( 'NONE',  ( 0.002000000000000039940, 0.1095000000000000001, 0.05589999999999999830 ) ) ;
#511 = CARTESIAN_POINT ( 'NONE',  ( -0.04499999999999999833, 0.06500000000000000222, 0.05380000000000000060 ) ) ;
#512 = ORIENTED_EDGE ( 'NONE', *, *, #697, .F. ) ;
#513 = ORIENTED_EDGE ( 'NONE', *, *, #587, .T. ) ;
#514 = ADVANCED_FACE ( 'NONE', ( #276, #1503, #4 ), #1057, .F. ) ;
#515 = CARTESIAN_POINT ( 'NONE',  ( -0.05460000000000000270, 0.07499999999999999722, 0.08340000000000000191 ) ) ;
#516 = ORIENTED_EDGE ( 'NONE', *, *, #1108, .F. ) ;
#517 = CARTESIAN_POINT ( 'NONE',  ( -0.06250000000000000000, 0.07699999999999999900, 0.07340000000000000691 ) ) ;
#518 = DIRECTION ( 'NONE',  ( -1.000000000000000000, 0.000000000000000000, 1.982541115402059686E-16 ) ) ;
#519 = DIRECTION ( 'NONE',  ( -1.000000000000000000, 0.000000000000000000, 0.000000000000000000 ) ) ;
#520 = ORIENTED_EDGE ( 'NONE', *, *, #388, .T. ) ;
#521 = VECTOR ( 'NONE', #828, 1.000000000000000000 ) ;
#522 = VECTOR ( 'NONE', #479, 1.000000000000000000 ) ;
#523 = EDGE_LOOP ( 'NONE', ( #468, #455, #767, #293 ) ) ;
#524 = VECTOR ( 'NONE', #1203, 1.000000000000000000 ) ;
#525 = VECTOR ( 'NONE', #254, 1.000000000000000000 ) ;
#526 = CARTESIAN_POINT ( 'NONE',  ( -0.001999999999999960143, 0.07950000000000000122, 0.05589800000000000324 ) ) ;
#527 = EDGE_LOOP ( 'NONE', ( #963, #1891, #630, #977, #323 ) ) ;
#528 = DIRECTION ( 'NONE',  ( -1.850371707708589879E-16, 1.000000000000000000, 0.000000000000000000 ) ) ;
#529 = ADVANCED_FACE ( 'NONE', ( #125 ), #1950, .F. ) ;
#530 = AXIS2_PLACEMENT_3D ( 'NONE', #1287, #225, #1746 ) ;
#531 = CARTESIAN_POINT ( 'NONE',  ( -0.05650000000000000161, 0.07599999999999999811, 0.05190000000000000169 ) ) ;
#532 = CARTESIAN_POINT ( 'NONE',  ( 0.002000000000000039940, 0.07950000000000000122, 0.05589999999999999830 ) ) ;
#533 = ADVANCED_FACE ( 'NONE', ( #1489 ), #1198, .T. ) ;
#534 = DIRECTION ( 'NONE',  ( -1.000000000000000000, 0.000000000000000000, 0.000000000000000000 ) ) ;
#535 = ORIENTED_EDGE ( 'NONE', *, *, #1011, .F. ) ;
#536 = ORIENTED_EDGE ( 'NONE', *, *, #1215, .T. ) ;
#537 = LINE ( 'NONE', #679, #853 ) ;
#538 = EDGE_LOOP ( 'NONE', ( #1700, #1491, #1376, #389, #1766, #1402, #485, #1217 ) ) ;
#539 = CARTESIAN_POINT ( 'NONE',  ( -0.03250000000000000111, 0.1095000000000000001, 0.05589999999999999830 ) ) ;
#540 = EDGE_CURVE ( 'NONE', #40, #174, #1320, .T. ) ;
#541 = CARTESIAN_POINT ( 'NONE',  ( -0.05650000000000000161, 0.07599999999999999811, 0.09489999999999999825 ) ) ;
#542 = CYLINDRICAL_SURFACE ( 'NONE', #831, 0.002099999999999997702 ) ;
#543 = EDGE_CURVE ( 'NONE', #915, #1163, #974, .T. ) ;
#544 = LINE ( 'NONE', #1622, #114 ) ;
#545 = ORIENTED_EDGE ( 'NONE', *, *, #437, .F. ) ;
#546 = LINE ( 'NONE', #1546, #1862 ) ;
#547 = CARTESIAN_POINT ( 'NONE',  ( -0.05249999999999999806, 0.07699999999999999900, 0.04590000000000000330 ) ) ;
#548 = VERTEX_POINT ( 'NONE', #736 ) ;
#549 = CARTESIAN_POINT ( 'NONE',  ( -0.01499999999999999944, 0.1170000000000000068, 0.07140000000000000513 ) ) ;
#550 = FACE_BOUND ( 'NONE', #1226, .T. ) ;
#551 = CYLINDRICAL_SURFACE ( 'NONE', #530, 0.002099999999999997702 ) ;
#552 = FACE_OUTER_BOUND ( 'NONE', #990, .T. ) ;
#553 = ORIENTED_EDGE ( 'NONE', *, *, #1908, .F. ) ;
#554 = AXIS2_PLACEMENT_3D ( 'NONE', #924, #802, #1252 ) ;
#555 = DIRECTION ( 'NONE',  ( -1.850371707708589879E-16, 1.000000000000000000, 0.000000000000000000 ) ) ;
#556 = VECTOR ( 'NONE', #315, 1.000000000000000000 ) ;
#557 = VECTOR ( 'NONE', #1448, 1.000000000000000000 ) ;
#558 = DIRECTION ( 'NONE',  ( -1.850371707708589879E-16, 1.000000000000000000, 0.000000000000000000 ) ) ;
#559 = CARTESIAN_POINT ( 'NONE',  ( 0.05460000000000000270, 0.06500000000000000222, 0.08340000000000000191 ) ) ;
#560 = CIRCLE ( 'NONE', #16, 0.01000000000000000194 ) ;
#561 = VECTOR ( 'NONE', #973, 1.000000000000000000 ) ;
#562 = AXIS2_PLACEMENT_3D ( 'NONE', #439, #558, #1940 ) ;
#563 = DIRECTION ( 'NONE',  ( -1.850371707708589879E-16, 1.000000000000000000, 0.000000000000000000 ) ) ;
#564 = CARTESIAN_POINT ( 'NONE',  ( 0.002000000000000039940, 0.07950000000000000122, 0.05589800000000000324 ) ) ;
#565 = AXIS2_PLACEMENT_3D ( 'NONE', #39, #975, #618 ) ;
#566 = CARTESIAN_POINT ( 'NONE',  ( -0.05650000000000000161, 0.05210000000000000048, 0.09489999999999999825 ) ) ;
#567 = EDGE_LOOP ( 'NONE', ( #1552, #592, #108, #453 ) ) ;
#568 = EDGE_CURVE ( 'NONE', #803, #1899, #442, .T. ) ;
#569 = DIRECTION ( 'NONE',  ( -1.000000000000000000, 0.000000000000000000, 0.000000000000000000 ) ) ;
#570 = CARTESIAN_POINT ( 'NONE',  ( -0.04499999999999999833, 0.06500000000000000222, 0.08340000000000000191 ) ) ;
#571 = CARTESIAN_POINT ( 'NONE',  ( 0.05650000000000000161, 0.07699999999999999900, 0.09800000000000000377 ) ) ;
#572 = CARTESIAN_POINT ( 'NONE',  ( -0.04100000000000000172, 0.1130000000000000032, 0.08690000000000000502 ) ) ;
#573 = CARTESIAN_POINT ( 'NONE',  ( -6.938893903907229918E-18, 0.07499999999999999722, 0.1009000000000000036 ) ) ;
#574 = EDGE_LOOP ( 'NONE', ( #1641, #581 ) ) ;
#575 = CARTESIAN_POINT ( 'NONE',  ( 0.05500000000000000028, 0.07699999999999999900, 0.08690000000000000502 ) ) ;
#576 = CARTESIAN_POINT ( 'NONE',  ( -0.04499999999999999833, 0.08699999999999999400, 0.05589999999999999830 ) ) ;
#577 = DIRECTION ( 'NONE',  ( 1.850371707708589879E-16, -1.000000000000000000, 0.000000000000000000 ) ) ;
#578 = DIRECTION ( 'NONE',  ( 0.000000000000000000, 0.000000000000000000, -1.000000000000000000 ) ) ;
#579 = EDGE_CURVE ( 'NONE', #777, #1938, #1799, .T. ) ;
#580 = CARTESIAN_POINT ( 'NONE',  ( 0.02249999999999999917, 0.06500000000000000222, 0.09299999999999999933 ) ) ;
#581 = ORIENTED_EDGE ( 'NONE', *, *, #1389, .T. ) ;
#582 = FACE_OUTER_BOUND ( 'NONE', #222, .T. ) ;
#583 = AXIS2_PLACEMENT_3D ( 'NONE', #1810, #598, #138 ) ;
#584 = FACE_BOUND ( 'NONE', #833, .T. ) ;
#585 = CARTESIAN_POINT ( 'NONE',  ( 0.05650000000000000161, 0.07599999999999999811, 0.05399999999999999939 ) ) ;
#586 = VERTEX_POINT ( 'NONE', #1658 ) ;
#587 = EDGE_CURVE ( 'NONE', #1945, #1605, #753, .T. ) ;
#588 = DIRECTION ( 'NONE',  ( -1.850371707708589879E-16, 1.000000000000000000, 0.000000000000000000 ) ) ;
#589 = VECTOR ( 'NONE', #380, 1.000000000000000000 ) ;
#590 = VECTOR ( 'NONE', #1099, 1.000000000000000000 ) ;
#591 = CARTESIAN_POINT ( 'NONE',  ( -0.04499999999999999833, 0.1130000000000000032, 0.05589999999999999830 ) ) ;
#592 = ORIENTED_EDGE ( 'NONE', *, *, #1811, .F. ) ;
#593 = ADVANCED_FACE ( 'NONE', ( #1649 ), #1496, .F. ) ;
#594 = CIRCLE ( 'NONE', #1384, 0.002100000000000004641 ) ;
#595 = CARTESIAN_POINT ( 'NONE',  ( -7.308968245448949607E-18, 0.07699999999999999900, 0.04590000000000000330 ) ) ;
#596 = VECTOR ( 'NONE', #1935, 1.000000000000000000 ) ;
#597 = DIRECTION ( 'NONE',  ( -1.850371707708589879E-16, 1.000000000000000000, 0.000000000000000000 ) ) ;
#598 = DIRECTION ( 'NONE',  ( -1.850371707708589879E-16, 1.000000000000000000, 0.000000000000000000 ) ) ;
#599 = ADVANCED_FACE ( 'NONE', ( #456 ), #1068, .F. ) ;
#600 = CARTESIAN_POINT ( 'NONE',  ( 0.002000000000000039940, 0.1095000000000000001, 0.08690000000000000502 ) ) ;
#601 = ORIENTED_EDGE ( 'NONE', *, *, #898, .T. ) ;
#602 = ADVANCED_FACE ( 'NONE', ( #340 ), #1872, .F. ) ;
#603 = ORIENTED_EDGE ( 'NONE', *, *, #1644, .F. ) ;
#604 = PLANE ( 'NONE',  #291 ) ;
#605 = ORIENTED_EDGE ( 'NONE', *, *, #948, .T. ) ;
#606 = CARTESIAN_POINT ( 'NONE',  ( 0.01499999999999999944, 0.1095000000000000001, 0.07140000000000000513 ) ) ;
#607 = LINE ( 'NONE', #1213, #1508 ) ;
#608 = VERTEX_POINT ( 'NONE', #168 ) ;
#609 = EDGE_CURVE ( 'NONE', #932, #1946, #635, .T. ) ;
#610 = ORIENTED_EDGE ( 'NONE', *, *, #945, .F. ) ;
#611 = ADVANCED_FACE ( 'NONE', ( #1243 ), #1833, .F. ) ;
#612 = CARTESIAN_POINT ( 'NONE',  ( -0.03250000000000000111, 0.1095000000000000001, 0.08690000000000000502 ) ) ;
#613 = ORIENTED_EDGE ( 'NONE', *, *, #1406, .T. ) ;
#614 = VECTOR ( 'NONE', #1762, 1.000000000000000000 ) ;
#615 = CIRCLE ( 'NONE', #1102, 0.002099999999999997702 ) ;
#616 = AXIS2_PLACEMENT_3D ( 'NONE', #252, #1720, #709 ) ;
#617 = FACE_BOUND ( 'NONE', #1808, .T. ) ;
#618 = DIRECTION ( 'NONE',  ( -1.000000000000000000, 0.000000000000000000, 0.000000000000000000 ) ) ;
#619 = AXIS2_PLACEMENT_3D ( 'NONE', #773, #1375, #1768 ) ;
#620 = ORIENTED_EDGE ( 'NONE', *, *, #374, .F. ) ;
#621 = EDGE_CURVE ( 'NONE', #1673, #930, #364, .T. ) ;
#622 = COORDINATED_UNIVERSAL_TIME_OFFSET ( 1, 0, .AHEAD. ) ;
#623 = ORIENTED_EDGE ( 'NONE', *, *, #425, .T. ) ;
#624 = CARTESIAN_POINT ( 'NONE',  ( -0.05650000000000000161, 0.07599999999999999811, 0.04980000000000000399 ) ) ;
#625 = ORIENTED_EDGE ( 'NONE', *, *, #1653, .F. ) ;
#626 = CARTESIAN_POINT ( 'NONE',  ( -0.04499999999999999833, 0.1130000000000000032, 0.07340000000000000691 ) ) ;
#627 = DIRECTION ( 'NONE',  ( -1.850371707708589879E-16, 1.000000000000000000, 0.000000000000000000 ) ) ;
#628 = ORIENTED_EDGE ( 'NONE', *, *, #579, .F. ) ;
#629 = LINE ( 'NONE', #511, #1581 ) ;
#630 = ORIENTED_EDGE ( 'NONE', *, *, #1814, .T. ) ;
#631 = MECHANICAL_CONTEXT ( 'NONE', #1428, 'mechanical' ) ;
#632 = ORIENTED_EDGE ( 'NONE', *, *, #1915, .F. ) ;
#633 = CARTESIAN_POINT ( 'NONE',  ( -0.001999999999999960143, 0.07950000000000000122, 0.05589999999999999830 ) ) ;
#634 = EDGE_LOOP ( 'NONE', ( #997, #404, #1067, #1843 ) ) ;
#635 = LINE ( 'NONE', #158, #1740 ) ;
#636 = EDGE_CURVE ( 'NONE', #1163, #915, #1773, .T. ) ;
#637 = CARTESIAN_POINT ( 'NONE',  ( 0.01499999999999999944, 0.09199999999999999845, 0.07140000000000000513 ) ) ;
#638 = ORIENTED_EDGE ( 'NONE', *, *, #875, .F. ) ;
#639 = CARTESIAN_POINT ( 'NONE',  ( -0.05650000000000000161, 0.07699999999999999900, 0.05190000000000000169 ) ) ;
#640 = EDGE_CURVE ( 'NONE', #1850, #1000, #952, .T. ) ;
#641 = VERTEX_POINT ( 'NONE', #304 ) ;
#642 = PERSON_AND_ORGANIZATION_ROLE ( 'classification_officer' ) ;
#643 = ORIENTED_EDGE ( 'NONE', *, *, #1458, .T. ) ;
#644 = DIRECTION ( 'NONE',  ( -1.850371707708589879E-16, 1.000000000000000000, 0.000000000000000000 ) ) ;
#645 = VERTEX_POINT ( 'NONE', #1563 ) ;
#646 = CARTESIAN_POINT ( 'NONE',  ( 0.002000000000000039940, 0.09450000000000000067, 0.05589800000000000324 ) ) ;
#647 = ADVANCED_FACE ( 'NONE', ( #926 ), #46, .F. ) ;
#648 = CARTESIAN_POINT ( 'NONE',  ( 0.05650000000000000161, 0.07599999999999999811, 0.05190000000000000169 ) ) ;
#649 = ORIENTED_EDGE ( 'NONE', *, *, #711, .T. ) ;
#650 = AXIS2_PLACEMENT_3D ( 'NONE', #1149, #1425, #1158 ) ;
#651 = DIRECTION ( 'NONE',  ( 0.000000000000000000, 0.000000000000000000, 1.000000000000000000 ) ) ;
#652 = AXIS2_PLACEMENT_3D ( 'NONE', #887, #126, #317 ) ;
#653 = EDGE_LOOP ( 'NONE', ( #1279, #1860, #1874, #1407, #213, #1568, #1207, #1603 ) ) ;
#654 = AXIS2_PLACEMENT_3D ( 'NONE', #671, #856, #359 ) ;
#655 = AXIS2_PLACEMENT_3D ( 'NONE', #1236, #1092, #325 ) ;
#656 = CIRCLE ( 'NONE', #1106, 0.009599999999999997424 ) ;
#657 = CIRCLE ( 'NONE', #457, 0.003099999999999998590 ) ;
#658 = ORIENTED_EDGE ( 'NONE', *, *, #69, .F. ) ;
#659 = VECTOR ( 'NONE', #194, 1.000000000000000000 ) ;
#660 = CARTESIAN_POINT ( 'NONE',  ( -0.05650000000000000161, 0.07699999999999999900, 0.04880000000000000310 ) ) ;
#661 = ORIENTED_EDGE ( 'NONE', *, *, #23, .F. ) ;
#662 = DIRECTION ( 'NONE',  ( 0.000000000000000000, 0.000000000000000000, 1.000000000000000000 ) ) ;
#663 = DIRECTION ( 'NONE',  ( 0.000000000000000000, 0.000000000000000000, 1.000000000000000000 ) ) ;
#664 = ORIENTED_EDGE ( 'NONE', *, *, #1335, .T. ) ;
#665 = CARTESIAN_POINT ( 'NONE',  ( 0.04499999999999999833, 0.1130000000000000032, 0.08690000000000000502 ) ) ;
#666 = ORIENTED_EDGE ( 'NONE', *, *, #1652, .F. ) ;
#667 = ADVANCED_FACE ( 'NONE', ( #324 ), #1403, .F. ) ;
#668 = CC_DESIGN_DATE_AND_TIME_ASSIGNMENT ( #799, #1399, ( #1223 ) ) ;
#669 = ORIENTED_EDGE ( 'NONE', *, *, #774, .F. ) ;
#670 = EDGE_CURVE ( 'NONE', #1047, #857, #1115, .T. ) ;
#671 = CARTESIAN_POINT ( 'NONE',  ( -0.05249999999999999806, 0.07499999999999999722, 0.05589999999999999830 ) ) ;
#672 = EDGE_LOOP ( 'NONE', ( #1119, #1292, #148, #1795, #1748, #944, #1064, #746 ) ) ;
#673 = CARTESIAN_POINT ( 'NONE',  ( 0.04499999999999999833, 0.1019999999999999934, 0.08690000000000000502 ) ) ;
#674 = PLANE ( 'NONE',  #297 ) ;
#675 = DIRECTION ( 'NONE',  ( -0.5773502691896241767, 0.5773502691896261751, 0.5773502691896271743 ) ) ;
#676 = VERTEX_POINT ( 'NONE', #351 ) ;
#677 = EDGE_CURVE ( 'NONE', #1547, #780, #1543, .T. ) ;
#678 = VERTEX_POINT ( 'NONE', #200 ) ;
#679 = CARTESIAN_POINT ( 'NONE',  ( -0.04499999999999999833, 0.1019999999999999934, 0.05589999999999999830 ) ) ;
#680 = EDGE_LOOP ( 'NONE', ( #127, #1907, #854, #1962 ) ) ;
#681 = LINE ( 'NONE', #696, #1887 ) ;
#682 = PLANE ( 'NONE',  #821 ) ;
#683 = DIRECTION ( 'NONE',  ( -1.850371707708589879E-16, 1.000000000000000000, 0.000000000000000000 ) ) ;
#684 = CONICAL_SURFACE ( 'NONE', #650, 0.002099999999999997702, 0.7853981633974476129 ) ;
#685 = CARTESIAN_POINT ( 'NONE',  ( -0.05249999999999999806, 0.07699999999999999900, 0.09089999999999999469 ) ) ;
#686 = ORIENTED_EDGE ( 'NONE', *, *, #986, .T. ) ;
#687 = CONICAL_SURFACE ( 'NONE', #329, 0.002099999999999997702, 0.7853981633974476129 ) ;
#688 = AXIS2_PLACEMENT_3D ( 'NONE', #1416, #57, #663 ) ;
#689 = EDGE_LOOP ( 'NONE', ( #314, #451, #1273, #1229 ) ) ;
#690 = VECTOR ( 'NONE', #1784, 1.000000000000000000 ) ;
#691 = VECTOR ( 'NONE', #1381, 1.000000000000000000 ) ;
#692 = EDGE_CURVE ( 'NONE', #1104, #1003, #813, .T. ) ;
#693 = CLOSED_SHELL ( 'NONE', ( #310, #844, #731, #1186, #740, #1284, #1308, #1300, #1344, #1121, #105, #1626, #203, #647, #1769, #754, #1583, #667, #186, #602, #1868, #358, #1245, #514, #801, #1499, #1514, #866, #1347, #1001, #1689, #1145, #1152, #611, #599, #931, #415, #891, #593, #841, #734, #1753, #533, #1208, #1297, #1311, #529, #1963, #918, #216, #493, #1822, #976, #1951, #1675, #1178, #1476, #7 ) ) ;
#694 = CYLINDRICAL_SURFACE ( 'NONE', #210, 0.01000000000000000194 ) ;
#695 = ORIENTED_EDGE ( 'NONE', *, *, #1392, .F. ) ;
#696 = CARTESIAN_POINT ( 'NONE',  ( 0.03250000000000000111, 0.1019999999999999934, 0.05589999999999999830 ) ) ;
#697 = EDGE_CURVE ( 'NONE', #808, #487, #509, .T. ) ;
#698 = CC_DESIGN_DATE_AND_TIME_ASSIGNMENT ( #8, #164, ( #106 ) ) ;
#699 = DIRECTION ( 'NONE',  ( -1.850371707708589879E-16, 1.000000000000000000, 0.000000000000000000 ) ) ;
#700 = DIRECTION ( 'NONE',  ( 0.000000000000000000, 1.000000000000000000, 0.000000000000000000 ) ) ;
#701 = CYLINDRICAL_SURFACE ( 'NONE', #1894, 0.01000000000000000194 ) ;
#702 = ORIENTED_EDGE ( 'NONE', *, *, #543, .T. ) ;
#703 = ORIENTED_EDGE ( 'NONE', *, *, #1652, .T. ) ;
#704 = CARTESIAN_POINT ( 'NONE',  ( 0.06250000000000000000, 0.07499999999999999722, 0.07340000000000000691 ) ) ;
#705 = VERTEX_POINT ( 'NONE', #1283 ) ;
#706 = LINE ( 'NONE', #1752, #614 ) ;
#707 = FACE_BOUND ( 'NONE', #1522, .T. ) ;
#708 = CARTESIAN_POINT ( 'NONE',  ( 0.03649999999999999772, 0.1214999999999999969, 0.06439999999999999891 ) ) ;
#709 = DIRECTION ( 'NONE',  ( -1.000000000000000000, 0.000000000000000000, 0.000000000000000000 ) ) ;
#710 = ORIENTED_EDGE ( 'NONE', *, *, #1518, .T. ) ;
#711 = EDGE_CURVE ( 'NONE', #419, #342, #65, .T. ) ;
#712 = DIRECTION ( 'NONE',  ( 8.659560562354926695E-17, 0.7071067811865480168, -0.7071067811865470176 ) ) ;
#713 = CARTESIAN_POINT ( 'NONE',  ( 0.05650000000000000161, 0.07499999999999999722, 0.09489999999999999825 ) ) ;
#714 = CARTESIAN_POINT ( 'NONE',  ( 0.05440000000000000391, 0.07499999999999999722, 0.09489999999999999825 ) ) ;
#715 = CARTESIAN_POINT ( 'NONE',  ( -0.06250000000000000000, 0.07499999999999999722, 0.09089999999999999469 ) ) ;
#716 = LINE ( 'NONE', #564, #465 ) ;
#717 = EDGE_CURVE ( 'NONE', #64, #897, #111, .T. ) ;
#718 = DIRECTION ( 'NONE',  ( 1.000000000000000000, 1.850371707708589879E-16, -1.982541115402059686E-16 ) ) ;
#719 = ORIENTED_EDGE ( 'NONE', *, *, #477, .F. ) ;
#720 = ORIENTED_EDGE ( 'NONE', *, *, #889, .F. ) ;
#721 = VECTOR ( 'NONE', #1441, 1.000000000000000000 ) ;
#722 = CIRCLE ( 'NONE', #1350, 0.003099999999999998590 ) ;
#723 = DIRECTION ( 'NONE',  ( 0.000000000000000000, 1.000000000000000000, 0.000000000000000000 ) ) ;
#724 = VECTOR ( 'NONE', #1654, 1.000000000000000000 ) ;
#725 = DIRECTION ( 'NONE',  ( -1.000000000000000000, -1.850371707708589879E-16, 0.000000000000000000 ) ) ;
#726 = DIRECTION ( 'NONE',  ( -1.850371707708589879E-16, 1.000000000000000000, 0.000000000000000000 ) ) ;
#727 = CIRCLE ( 'NONE', #946, 0.002099999999999997702 ) ;
#728 = DIRECTION ( 'NONE',  ( -1.850371707708589879E-16, 1.000000000000000000, 0.000000000000000000 ) ) ;
#729 = EDGE_LOOP ( 'NONE', ( #144, #6, #1130, #710 ) ) ;
#730 = CARTESIAN_POINT ( 'NONE',  ( 0.06250000000000000000, 0.07699999999999999900, 0.05589999999999999830 ) ) ;
#731 = ADVANCED_FACE ( 'NONE', ( #1433 ), #858, .F. ) ;
#732 = CC_DESIGN_PERSON_AND_ORGANIZATION_ASSIGNMENT ( #1840, #1521, ( #301 ) ) ;
#733 = CARTESIAN_POINT ( 'NONE',  ( 0.03250000000000000111, 0.1095000000000000001, 0.05589999999999999830 ) ) ;
#734 = ADVANCED_FACE ( 'NONE', ( #865 ), #1587, .T. ) ;
#735 = CARTESIAN_POINT ( 'NONE',  ( 0.002000000000000039940, 0.09450000000000000067, 0.05589999999999999830 ) ) ;
#736 = CARTESIAN_POINT ( 'NONE',  ( 0.06250000000000000000, 0.07499999999999999722, 0.09089999999999999469 ) ) ;
#737 = PLANE ( 'NONE',  #1164 ) ;
#738 = ORIENTED_EDGE ( 'NONE', *, *, #640, .F. ) ;
#739 = DIRECTION ( 'NONE',  ( 1.000000000000000000, 1.850371707708589879E-16, 0.000000000000000000 ) ) ;
#740 = ADVANCED_FACE ( 'NONE', ( #847 ), #684, .F. ) ;
#741 = DIRECTION ( 'NONE',  ( 0.000000000000000000, 0.000000000000000000, 1.000000000000000000 ) ) ;
#742 = EDGE_CURVE ( 'NONE', #1938, #1547, #1131, .T. ) ;
#743 = CARTESIAN_POINT ( 'NONE',  ( -7.308968245448949607E-18, 0.07699999999999999900, 0.1009000000000000036 ) ) ;
#744 = DIRECTION ( 'NONE',  ( -1.000000000000000000, 0.000000000000000000, 0.000000000000000000 ) ) ;
#745 = DIRECTION ( 'NONE',  ( 1.000000000000000000, 1.850371707708589879E-16, 0.000000000000000000 ) ) ;
#746 = ORIENTED_EDGE ( 'NONE', *, *, #130, .T. ) ;
#747 = AXIS2_PLACEMENT_3D ( 'NONE', #646, #794, #1254 ) ;
#748 = CARTESIAN_POINT ( 'NONE',  ( 0.04499999999999999833, 0.06500000000000000222, 0.08340000000000000191 ) ) ;
#749 = EDGE_CURVE ( 'NONE', #1824, #266, #681, .T. ) ;
#750 = VECTOR ( 'NONE', #1365, 1.000000000000000000 ) ;
#751 = PLANE ( 'NONE',  #370 ) ;
#752 = ORIENTED_EDGE ( 'NONE', *, *, #1406, .F. ) ;
#753 = LINE ( 'NONE', #115, #171 ) ;
#754 = ADVANCED_FACE ( 'NONE', ( #985 ), #1892, .F. ) ;
#755 = AXIS2_PLACEMENT_3D ( 'NONE', #71, #63, #1274 ) ;
#756 = CIRCLE ( 'NONE', #22, 0.002100000000000004641 ) ;
#757 = CARTESIAN_POINT ( 'NONE',  ( 0.04100000000000000172, 0.1170000000000000068, 0.08290000000000000147 ) ) ;
#758 = ORIENTED_EDGE ( 'NONE', *, *, #1629, .F. ) ;
#759 = CIRCLE ( 'NONE', #565, 0.009599999999999997424 ) ;
#760 = CIRCLE ( 'NONE', #825, 0.01000000000000000194 ) ;
#761 = CARTESIAN_POINT ( 'NONE',  ( 0.05650000000000000161, 0.07599999999999999811, 0.09489999999999999825 ) ) ;
#762 = EDGE_LOOP ( 'NONE', ( #603, #1382, #1138, #1086 ) ) ;
#763 = PLANE ( 'NONE',  #1485 ) ;
#764 = DIRECTION ( 'NONE',  ( -1.000000000000000000, -1.850371707708589879E-16, 0.000000000000000000 ) ) ;
#765 = EDGE_CURVE ( 'NONE', #1409, #969, #1161, .T. ) ;
#766 = LINE ( 'NONE', #1818, #430 ) ;
#767 = ORIENTED_EDGE ( 'NONE', *, *, #1199, .T. ) ;
#768 = DATE_AND_TIME ( #1528, #145 ) ;
#769 = EDGE_LOOP ( 'NONE', ( #553, #1201, #1536, #928, #1902 ) ) ;
#770 = DIRECTION ( 'NONE',  ( -1.850371707708589879E-16, 1.000000000000000000, 0.000000000000000000 ) ) ;
#771 = VERTEX_POINT ( 'NONE', #1296 ) ;
#772 = DIRECTION ( 'NONE',  ( 0.000000000000000000, 0.000000000000000000, 1.000000000000000000 ) ) ;
#773 = CARTESIAN_POINT ( 'NONE',  ( -0.05249999999999999806, 0.07699999999999999900, 0.05589999999999999830 ) ) ;
#774 = EDGE_CURVE ( 'NONE', #989, #435, #206, .T. ) ;
#775 = ORIENTED_EDGE ( 'NONE', *, *, #1767, .T. ) ;
#776 = APPROVAL_ROLE ( '' ) ;
#777 = VERTEX_POINT ( 'NONE', #1903 ) ;
#778 = AXIS2_PLACEMENT_3D ( 'NONE', #1679, #726, #1234 ) ;
#779 = LINE ( 'NONE', #10, #691 ) ;
#780 = VERTEX_POINT ( 'NONE', #539 ) ;
#781 = DIRECTION ( 'NONE',  ( 0.000000000000000000, 0.000000000000000000, -1.000000000000000000 ) ) ;
#782 = VECTOR ( 'NONE', #82, 1.000000000000000000 ) ;
#783 = DIRECTION ( 'NONE',  ( 0.000000000000000000, 1.000000000000000000, 0.000000000000000000 ) ) ;
#784 = ORIENTED_EDGE ( 'NONE', *, *, #1494, .F. ) ;
#785 = DIRECTION ( 'NONE',  ( 1.850371707708589879E-16, -1.000000000000000000, 0.000000000000000000 ) ) ;
#786 = LOCAL_TIME ( 17, 5, 11.00000000000000000, #622 ) ;
#787 = CIRCLE ( 'NONE', #1170, 0.004099999999999999478 ) ;
#788 = EDGE_LOOP ( 'NONE', ( #244, #1722, #968, #77, #791 ) ) ;
#789 = EDGE_CURVE ( 'NONE', #862, #64, #706, .T. ) ;
#790 = COORDINATED_UNIVERSAL_TIME_OFFSET ( 1, 0, .AHEAD. ) ;
#791 = ORIENTED_EDGE ( 'NONE', *, *, #1639, .F. ) ;
#792 = DIRECTION ( 'NONE',  ( -1.000000000000000000, 0.000000000000000000, 0.000000000000000000 ) ) ;
#793 = ORIENTED_EDGE ( 'NONE', *, *, #878, .F. ) ;
#794 = DIRECTION ( 'NONE',  ( -1.000000000000000000, 0.000000000000000000, 0.000000000000000000 ) ) ;
#795 = DIRECTION ( 'NONE',  ( 1.000000000000000000, 1.850371707708589879E-16, -1.982541115402059686E-16 ) ) ;
#796 = ORIENTED_EDGE ( 'NONE', *, *, #1011, .T. ) ;
#797 = CARTESIAN_POINT ( 'NONE',  ( 0.04499999999999999833, 0.06500000000000000222, 0.06339999999999999802 ) ) ;
#798 = EDGE_LOOP ( 'NONE', ( #620, #1322, #1127, #1541 ) ) ;
#799 = DATE_AND_TIME ( #1549, #1779 ) ;
#800 = ORIENTED_EDGE ( 'NONE', *, *, #249, .T. ) ;
#801 = ADVANCED_FACE ( 'NONE', ( #382, #240 ), #1004, .F. ) ;
#802 = DIRECTION ( 'NONE',  ( -1.850371707708589879E-16, 1.000000000000000000, 0.000000000000000000 ) ) ;
#803 = VERTEX_POINT ( 'NONE', #559 ) ;
#804 = DIRECTION ( 'NONE',  ( -1.000000000000000000, 0.000000000000000000, 0.000000000000000000 ) ) ;
#805 = EDGE_CURVE ( 'NONE', #1702, #160, #1133, .T. ) ;
#806 = FACE_OUTER_BOUND ( 'NONE', #1240, .T. ) ;
#807 = CARTESIAN_POINT ( 'NONE',  ( -0.05650000000000000161, 0.07599999999999999811, 0.05190000000000000169 ) ) ;
#808 = VERTEX_POINT ( 'NONE', #714 ) ;
#809 = PLANE ( 'NONE',  #1800 ) ;
#810 = COORDINATED_UNIVERSAL_TIME_OFFSET ( 1, 0, .AHEAD. ) ;
#811 = VERTEX_POINT ( 'NONE', #1920 ) ;
#812 = CARTESIAN_POINT ( 'NONE',  ( -0.001999999999999960143, 0.07950000000000000122, 0.08690000000000000502 ) ) ;
#813 = LINE ( 'NONE', #56, #1251 ) ;
#814 = AXIS2_PLACEMENT_3D ( 'NONE', #531, #848, #1141 ) ;
#815 = FACE_BOUND ( 'NONE', #1778, .T. ) ;
#816 = EDGE_CURVE ( 'NONE', #396, #81, #1734, .T. ) ;
#817 = AXIS2_PLACEMENT_3D ( 'NONE', #874, #1181, #283 ) ;
#818 = DIRECTION ( 'NONE',  ( -1.850371707708589879E-16, 1.000000000000000000, 0.000000000000000000 ) ) ;
#819 = EDGE_LOOP ( 'NONE', ( #752, #719, #1269, #412 ) ) ;
#820 = CONICAL_SURFACE ( 'NONE', #294, 0.002100000000000004641, 0.7853981633974476129 ) ;
#821 = AXIS2_PLACEMENT_3D ( 'NONE', #1590, #1745, #699 ) ;
#822 = AXIS2_PLACEMENT_3D ( 'NONE', #761, #1486, #274 ) ;
#823 = ORIENTED_EDGE ( 'NONE', *, *, #717, .T. ) ;
#824 = CIRCLE ( 'NONE', #1831, 0.002099999999999997702 ) ;
#825 = AXIS2_PLACEMENT_3D ( 'NONE', #1884, #1278, #860 ) ;
#826 = CARTESIAN_POINT ( 'NONE',  ( -6.938893903907229918E-18, 0.07499999999999999722, 0.04590000000000000330 ) ) ;
#827 = ORIENTED_EDGE ( 'NONE', *, *, #961, .T. ) ;
#828 = DIRECTION ( 'NONE',  ( 0.000000000000000000, 0.000000000000000000, 1.000000000000000000 ) ) ;
#829 = DIRECTION ( 'NONE',  ( 0.000000000000000000, 1.000000000000000000, 0.000000000000000000 ) ) ;
#830 = DIRECTION ( 'NONE',  ( 0.000000000000000000, 0.7071067811865480168, 0.7071067811865470176 ) ) ;
#831 = AXIS2_PLACEMENT_3D ( 'NONE', #1151, #683, #519 ) ;
#832 = EDGE_CURVE ( 'NONE', #1009, #1271, #1573, .T. ) ;
#833 = EDGE_LOOP ( 'NONE', ( #960, #226 ) ) ;
#834 = ORIENTED_EDGE ( 'NONE', *, *, #18, .T. ) ;
#835 = CARTESIAN_POINT ( 'NONE',  ( 0.04499999999999999833, 0.06500000000000000222, 0.09299999999999999933 ) ) ;
#836 = ORIENTED_EDGE ( 'NONE', *, *, #1662, .T. ) ;
#837 = CARTESIAN_POINT ( 'NONE',  ( 0.05650000000000000161, 0.07599999999999999811, 0.05190000000000000169 ) ) ;
#838 = DIRECTION ( 'NONE',  ( 1.850371707708589879E-16, -1.000000000000000000, 0.000000000000000000 ) ) ;
#839 = CARTESIAN_POINT ( 'NONE',  ( -0.05440000000000000391, 0.07599999999999999811, 0.05190000000000000169 ) ) ;
#840 = ORIENTED_EDGE ( 'NONE', *, *, #477, .T. ) ;
#841 = ADVANCED_FACE ( 'NONE', ( #552 ), #701, .T. ) ;
#842 = APPROVAL_DATE_TIME ( #1877, #306 ) ;
#843 = ORIENTED_EDGE ( 'NONE', *, *, #1535, .F. ) ;
#844 = ADVANCED_FACE ( 'NONE', ( #1302 ), #861, .F. ) ;
#845 = DIRECTION ( 'NONE',  ( -1.000000000000000000, 0.000000000000000000, 0.000000000000000000 ) ) ;
#846 = ORIENTED_EDGE ( 'NONE', *, *, #1199, .F. ) ;
#847 = FACE_OUTER_BOUND ( 'NONE', #3, .T. ) ;
#848 = DIRECTION ( 'NONE',  ( 0.000000000000000000, 1.000000000000000000, 0.000000000000000000 ) ) ;
#849 = PLANE ( 'NONE',  #1293 ) ;
#850 = VECTOR ( 'NONE', #36, 1.000000000000000000 ) ;
#851 = LINE ( 'NONE', #1777, #1775 ) ;
#852 = EDGE_LOOP ( 'NONE', ( #870, #796, #1802, #1211 ) ) ;
#853 = VECTOR ( 'NONE', #1919, 1.000000000000000000 ) ;
#854 = ORIENTED_EDGE ( 'NONE', *, *, #128, .F. ) ;
#855 = CIRCLE ( 'NONE', #979, 0.002099999999999997702 ) ;
#856 = DIRECTION ( 'NONE',  ( -1.850371707708589879E-16, 1.000000000000000000, 0.000000000000000000 ) ) ;
#857 = VERTEX_POINT ( 'NONE', #1906 ) ;
#858 = CYLINDRICAL_SURFACE ( 'NONE', #1007, 0.002099999999999997702 ) ;
#859 = FACE_BOUND ( 'NONE', #538, .T. ) ;
#860 = DIRECTION ( 'NONE',  ( -1.000000000000000000, 0.000000000000000000, 0.000000000000000000 ) ) ;
#861 = CYLINDRICAL_SURFACE ( 'NONE', #1481, 0.002099999999999997702 ) ;
#862 = VERTEX_POINT ( 'NONE', #1162 ) ;
#863 = ORIENTED_EDGE ( 'NONE', *, *, #1525, .F. ) ;
#864 = CARTESIAN_POINT ( 'NONE',  ( -0.05460000000000000270, 0.06500000000000000222, 0.06840000000000000246 ) ) ;
#865 = FACE_OUTER_BOUND ( 'NONE', #170, .T. ) ;
#866 = ADVANCED_FACE ( 'NONE', ( #1478 ), #809, .F. ) ;
#867 = DIRECTION ( 'NONE',  ( 1.000000000000000000, 1.850371707708589879E-16, 0.000000000000000000 ) ) ;
#868 = DIRECTION ( 'NONE',  ( -1.850371707708589879E-16, 1.000000000000000000, 0.000000000000000000 ) ) ;
#869 = DIRECTION ( 'NONE',  ( 1.000000000000000000, 0.000000000000000000, 0.000000000000000000 ) ) ;
#870 = ORIENTED_EDGE ( 'NONE', *, *, #1272, .F. ) ;
#871 = CARTESIAN_POINT ( 'NONE',  ( -1.202741610010589991E-17, 0.06500000000000000222, 0.05380000000000000060 ) ) ;
#872 = PLANE ( 'NONE',  #433 ) ;
#873 = DIRECTION ( 'NONE',  ( 0.000000000000000000, -1.000000000000000000, 3.668437989309019682E-32 ) ) ;
#874 = CARTESIAN_POINT ( 'NONE',  ( -7.308968245448949607E-18, 0.07699999999999999900, 0.04590000000000000330 ) ) ;
#875 = EDGE_CURVE ( 'NONE', #1246, #1, #851, .T. ) ;
#876 = CARTESIAN_POINT ( 'NONE',  ( -0.05650000000000000161, 0.07599999999999999811, 0.05399999999999999939 ) ) ;
#877 = ORIENTED_EDGE ( 'NONE', *, *, #1027, .F. ) ;
#878 = EDGE_CURVE ( 'NONE', #336, #266, #544, .T. ) ;
#879 = ORIENTED_EDGE ( 'NONE', *, *, #1548, .T. ) ;
#880 = AXIS2_PLACEMENT_3D ( 'NONE', #1609, #1912, #1019 ) ;
#881 = AXIS2_PLACEMENT_3D ( 'NONE', #5, #443, #1052 ) ;
#882 = DIRECTION ( 'NONE',  ( -1.850371707708589879E-16, 1.000000000000000000, 0.000000000000000000 ) ) ;
#883 = AXIS2_PLACEMENT_3D ( 'NONE', #74, #1913, #408 ) ;
#884 = CIRCLE ( 'NONE', #1327, 0.002099999999999997702 ) ;
#885 = CARTESIAN_POINT ( 'NONE',  ( -0.05650000000000000161, 0.07499999999999999722, 0.09489999999999999825 ) ) ;
#886 = DIRECTION ( 'NONE',  ( -1.850371707708589879E-16, 1.000000000000000000, 0.000000000000000000 ) ) ;
#887 = CARTESIAN_POINT ( 'NONE',  ( 0.01499999999999999944, 0.1170000000000000068, 0.07140000000000000513 ) ) ;
#888 = ORIENTED_EDGE ( 'NONE', *, *, #18, .F. ) ;
#889 = EDGE_CURVE ( 'NONE', #1047, #81, #1040, .T. ) ;
#890 = DIRECTION ( 'NONE',  ( -1.000000000000000000, 0.000000000000000000, 0.000000000000000000 ) ) ;
#891 = ADVANCED_FACE ( 'NONE', ( #196 ), #1153, .T. ) ;
#892 = DIRECTION ( 'NONE',  ( 0.000000000000000000, 1.000000000000000000, 0.000000000000000000 ) ) ;
#893 = LINE ( 'NONE', #735, #1542 ) ;
#894 = ORIENTED_EDGE ( 'NONE', *, *, #94, .F. ) ;
#895 = DIRECTION ( 'NONE',  ( -1.000000000000000000, 0.000000000000000000, 0.000000000000000000 ) ) ;
#896 = DIRECTION ( 'NONE',  ( -1.000000000000000000, -1.850371707708589879E-16, 0.000000000000000000 ) ) ;
#897 = VERTEX_POINT ( 'NONE', #411 ) ;
#898 = EDGE_CURVE ( 'NONE', #30, #342, #79, .T. ) ;
#899 = EDGE_CURVE ( 'NONE', #1899, #811, #1952, .T. ) ;
#900 = CARTESIAN_POINT ( 'NONE',  ( 0.01909999999999999892, 0.09199999999999999845, 0.07140000000000000513 ) ) ;
#901 = CARTESIAN_POINT ( 'NONE',  ( 0.05650000000000000161, 0.07599999999999999811, 0.09700000000000000289 ) ) ;
#902 = FACE_OUTER_BOUND ( 'NONE', #634, .T. ) ;
#903 = DIRECTION ( 'NONE',  ( -1.850371707708589879E-16, 1.000000000000000000, 0.000000000000000000 ) ) ;
#904 = EDGE_LOOP ( 'NONE', ( #956, #366, #1511, #32 ) ) ;
#905 = LINE ( 'NONE', #147, #724 ) ;
#906 = ORIENTED_EDGE ( 'NONE', *, *, #899, .T. ) ;
#907 = VECTOR ( 'NONE', #1396, 1.000000000000000000 ) ;
#908 = DIRECTION ( 'NONE',  ( 0.000000000000000000, 0.000000000000000000, -1.000000000000000000 ) ) ;
#909 = CARTESIAN_POINT ( 'NONE',  ( -7.308968245448949607E-18, 0.07699999999999999900, 0.1009000000000000036 ) ) ;
#910 = EDGE_CURVE ( 'NONE', #771, #419, #1321, .T. ) ;
#911 = VECTOR ( 'NONE', #1500, 1.000000000000000000 ) ;
#912 = DIRECTION ( 'NONE',  ( 0.000000000000000000, 0.000000000000000000, -1.000000000000000000 ) ) ;
#913 = VERTEX_POINT ( 'NONE', #1022 ) ;
#914 = PERSON_AND_ORGANIZATION ( #1936, #462 ) ;
#915 = VERTEX_POINT ( 'NONE', #1469 ) ;
#916 = CARTESIAN_POINT ( 'NONE',  ( -0.01909999999999999892, 0.1095000000000000001, 0.07140000000000000513 ) ) ;
#917 = ORIENTED_EDGE ( 'NONE', *, *, #246, .F. ) ;
#918 = ADVANCED_FACE ( 'NONE', ( #1613 ), #88, .F. ) ;
#919 = CARTESIAN_POINT ( 'NONE',  ( 0.05500000000000000028, 0.08699999999999999400, 0.07340000000000000691 ) ) ;
#920 = CARTESIAN_POINT ( 'NONE',  ( -1.471045507628329717E-17, 0.07950000000000000122, 0.08690000000000000502 ) ) ;
#921 = ORIENTED_EDGE ( 'NONE', *, *, #1471, .F. ) ;
#922 = DIRECTION ( 'NONE',  ( 2.710278648918418235E-16, -0.7071067811865475727, 0.7071067811865475727 ) ) ;
#923 = VERTEX_POINT ( 'NONE', #243 ) ;
#924 = CARTESIAN_POINT ( 'NONE',  ( 0.01499999999999999944, 0.1170000000000000068, 0.07140000000000000513 ) ) ;
#925 = ORIENTED_EDGE ( 'NONE', *, *, #1235, .T. ) ;
#926 = FACE_OUTER_BOUND ( 'NONE', #1463, .T. ) ;
#927 = FACE_OUTER_BOUND ( 'NONE', #209, .T. ) ;
#928 = ORIENTED_EDGE ( 'NONE', *, *, #948, .F. ) ;
#929 = CARTESIAN_POINT ( 'NONE',  ( 0.03250000000000000111, 0.07950000000000000122, 0.05589999999999999830 ) ) ;
#930 = VERTEX_POINT ( 'NONE', #1313 ) ;
#931 = ADVANCED_FACE ( 'NONE', ( #107 ), #1925, .F. ) ;
#932 = VERTEX_POINT ( 'NONE', #418 ) ;
#933 = VECTOR ( 'NONE', #1667, 1.000000000000000000 ) ;
#934 = CARTESIAN_POINT ( 'NONE',  ( -1.989149585786739747E-17, 0.1095000000000000001, 0.05589999999999999830 ) ) ;
#935 = VERTEX_POINT ( 'NONE', #1031 ) ;
#936 = DIRECTION ( 'NONE',  ( 1.000000000000000000, 1.850371707708589879E-16, 1.541976423090489963E-16 ) ) ;
#937 = VECTOR ( 'NONE', #1691, 1.000000000000000000 ) ;
#938 = VECTOR ( 'NONE', #1890, 1.000000000000000000 ) ;
#939 = FACE_OUTER_BOUND ( 'NONE', #1266, .T. ) ;
#940 = VERTEX_POINT ( 'NONE', #876 ) ;
#941 = CARTESIAN_POINT ( 'NONE',  ( -0.03250000000000000111, 0.1019999999999999934, 0.05589999999999999830 ) ) ;
#942 = CIRCLE ( 'NONE', #562, 0.01000000000000000194 ) ;
#943 = AXIS2_PLACEMENT_3D ( 'NONE', #166, #644, #54 ) ;
#944 = ORIENTED_EDGE ( 'NONE', *, *, #378, .T. ) ;
#945 = EDGE_CURVE ( 'NONE', #923, #1697, #1111, .T. ) ;
#946 = AXIS2_PLACEMENT_3D ( 'NONE', #807, #1405, #651 ) ;
#947 = ORIENTED_EDGE ( 'NONE', *, *, #246, .T. ) ;
#948 = EDGE_CURVE ( 'NONE', #288, #204, #958, .T. ) ;
#949 = APPLICATION_CONTEXT ( 'configuration controlled 3d designs of mechanical parts and assemblies' ) ;
#950 = CARTESIAN_POINT ( 'NONE',  ( -0.05650000000000000161, 0.07699999999999999900, 0.09489999999999999825 ) ) ;
#951 = ORIENTED_EDGE ( 'NONE', *, *, #1619, .F. ) ;
#952 = LINE ( 'NONE', #1553, #556 ) ;
#953 = CARTESIAN_POINT ( 'NONE',  ( 0.05249999999999999806, 0.07699999999999999900, 0.05589999999999999830 ) ) ;
#954 = ORIENTED_EDGE ( 'NONE', *, *, #385, .F. ) ;
#955 = CARTESIAN_POINT ( 'NONE',  ( 0.05650000000000000161, 0.07599999999999999811, 0.05190000000000000169 ) ) ;
#956 = ORIENTED_EDGE ( 'NONE', *, *, #1367, .T. ) ;
#957 = EDGE_CURVE ( 'NONE', #608, #981, #1070, .T. ) ;
#958 = LINE ( 'NONE', #1557, #1889 ) ;
#959 = DIRECTION ( 'NONE',  ( -1.850371707708589879E-16, 1.000000000000000000, 0.000000000000000000 ) ) ;
#960 = ORIENTED_EDGE ( 'NONE', *, *, #1518, .F. ) ;
#961 = EDGE_CURVE ( 'NONE', #1614, #89, #722, .T. ) ;
#962 = LINE ( 'NONE', #1687, #141 ) ;
#963 = ORIENTED_EDGE ( 'NONE', *, *, #540, .F. ) ;
#964 = CARTESIAN_POINT ( 'NONE',  ( -0.03250000000000000111, 0.1095000000000000001, 0.07340000000000000691 ) ) ;
#965 = CARTESIAN_POINT ( 'NONE',  ( 0.03250000000000000111, 0.1019999999999999934, 0.08690000000000000502 ) ) ;
#966 = ORIENTED_EDGE ( 'NONE', *, *, #1719, .T. ) ;
#967 = CARTESIAN_POINT ( 'NONE',  ( 0.05859999999999999931, 0.07499999999999999722, 0.09489999999999999825 ) ) ;
#968 = ORIENTED_EDGE ( 'NONE', *, *, #1930, .F. ) ;
#969 = VERTEX_POINT ( 'NONE', #1358 ) ;
#970 = FACE_OUTER_BOUND ( 'NONE', #680, .T. ) ;
#971 = ORIENTED_EDGE ( 'NONE', *, *, #1454, .F. ) ;
#972 = DIRECTION ( 'NONE',  ( -1.850371707708589879E-16, 1.000000000000000000, 0.000000000000000000 ) ) ;
#973 = DIRECTION ( 'NONE',  ( 1.850371707708589879E-16, -1.000000000000000000, 0.000000000000000000 ) ) ;
#974 = CIRCLE ( 'NONE', #14, 0.004099999999999999478 ) ;
#975 = DIRECTION ( 'NONE',  ( -1.850371707708589879E-16, 1.000000000000000000, 0.000000000000000000 ) ) ;
#976 = ADVANCED_FACE ( 'NONE', ( #143 ), #737, .T. ) ;
#977 = ORIENTED_EDGE ( 'NONE', *, *, #286, .T. ) ;
#978 = AXIS2_PLACEMENT_3D ( 'NONE', #373, #224, #1309 ) ;
#979 = AXIS2_PLACEMENT_3D ( 'NONE', #1633, #723, #1034 ) ;
#980 = AXIS2_PLACEMENT_3D ( 'NONE', #541, #241, #1150 ) ;
#981 = VERTEX_POINT ( 'NONE', #1348 ) ;
#982 = VECTOR ( 'NONE', #1736, 1.000000000000000000 ) ;
#983 = LINE ( 'NONE', #1585, #1509 ) ;
#984 = EDGE_LOOP ( 'NONE', ( #1761, #157, #1841, #501 ) ) ;
#985 = FACE_OUTER_BOUND ( 'NONE', #1176, .T. ) ;
#986 = EDGE_CURVE ( 'NONE', #1673, #81, #1046, .T. ) ;
#987 = CARTESIAN_POINT ( 'NONE',  ( 0.05650000000000000161, 0.07699999999999999900, 0.04880000000000000310 ) ) ;
#988 = DIRECTION ( 'NONE',  ( -1.000000000000000000, 0.000000000000000000, 0.000000000000000000 ) ) ;
#989 = VERTEX_POINT ( 'NONE', #1650 ) ;
#990 = EDGE_LOOP ( 'NONE', ( #1869, #1306, #227, #1438 ) ) ;
#991 = CARTESIAN_POINT ( 'NONE',  ( -0.05249999999999999806, 0.07699999999999999900, 0.05589999999999999830 ) ) ;
#992 = EDGE_LOOP ( 'NONE', ( #894, #669 ) ) ;
#993 = CARTESIAN_POINT ( 'NONE',  ( -0.01499999999999999944, 0.09199999999999999845, 0.07140000000000000513 ) ) ;
#994 = FACE_OUTER_BOUND ( 'NONE', #1354, .T. ) ;
#995 = DIRECTION ( 'NONE',  ( -1.850371707708589879E-16, 1.000000000000000000, 0.000000000000000000 ) ) ;
#996 = CARTESIAN_POINT ( 'NONE',  ( -0.03250000000000000111, 0.1019999999999999934, 0.07340000000000000691 ) ) ;
#997 = ORIENTED_EDGE ( 'NONE', *, *, #1189, .F. ) ;
#998 = EDGE_CURVE ( 'NONE', #1271, #771, #152, .T. ) ;
#999 = APPROVAL_STATUS ( 'not_yet_approved' ) ;
#1000 = VERTEX_POINT ( 'NONE', #591 ) ;
#1001 = ADVANCED_FACE ( 'NONE', ( #1519 ), #1324, .F. ) ;
#1002 = DIRECTION ( 'NONE',  ( -1.000000000000000000, 0.000000000000000000, 0.000000000000000000 ) ) ;
#1003 = VERTEX_POINT ( 'NONE', #600 ) ;
#1004 = PLANE ( 'NONE',  #880 ) ;
#1005 = FACE_BOUND ( 'NONE', #1071, .T. ) ;
#1006 = LINE ( 'NONE', #1468, #1329 ) ;
#1007 = AXIS2_PLACEMENT_3D ( 'NONE', #1772, #73, #405 ) ;
#1008 = DIRECTION ( 'NONE',  ( -1.000000000000000000, 0.000000000000000000, 0.000000000000000000 ) ) ;
#1009 = VERTEX_POINT ( 'NONE', #1490 ) ;
#1010 = AXIS2_PLACEMENT_3D ( 'NONE', #1143, #1408, #1008 ) ;
#1011 = EDGE_CURVE ( 'NONE', #913, #989, #434, .T. ) ;
#1012 = CARTESIAN_POINT ( 'NONE',  ( 0.06250000000000000000, 0.07699999999999999900, 0.05589999999999999830 ) ) ;
#1013 = APPROVAL_PERSON_ORGANIZATION ( #197, #401, #776 ) ;
#1014 = VECTOR ( 'NONE', #137, 1.000000000000000000 ) ;
#1015 = EDGE_CURVE ( 'NONE', #185, #857, #459, .T. ) ;
#1016 = AXIS2_PLACEMENT_3D ( 'NONE', #1729, #59, #1701 ) ;
#1017 = CARTESIAN_POINT ( 'NONE',  ( -1.387778780781449990E-17, 0.07699999999999999900, 0.08690000000000000502 ) ) ;
#1018 = EDGE_LOOP ( 'NONE', ( #312, #840, #1529, #1855, #260, #601 ) ) ;
#1019 = DIRECTION ( 'NONE',  ( 1.000000000000000000, 1.850371707708589879E-16, 0.000000000000000000 ) ) ;
#1020 = LINE ( 'NONE', #1611, #1447 ) ;
#1021 = CARTESIAN_POINT ( 'NONE',  ( -0.04499999999999999833, 0.1019999999999999934, 0.07340000000000000691 ) ) ;
#1022 = CARTESIAN_POINT ( 'NONE',  ( -0.01089999999999999997, 0.1095000000000000001, 0.07140000000000000513 ) ) ;
#1023 = ORIENTED_EDGE ( 'NONE', *, *, #1128, .F. ) ;
#1024 = ORIENTED_EDGE ( 'NONE', *, *, #636, .T. ) ;
#1025 = FACE_OUTER_BOUND ( 'NONE', #798, .T. ) ;
#1026 = EDGE_CURVE ( 'NONE', #174, #1830, #277, .T. ) ;
#1027 = EDGE_CURVE ( 'NONE', #257, #1003, #460, .T. ) ;
#1028 = DIRECTION ( 'NONE',  ( -1.000000000000000000, 0.000000000000000000, 0.000000000000000000 ) ) ;
#1029 = CARTESIAN_POINT ( 'NONE',  ( 0.05650000000000000161, 0.07499999999999999722, 0.05190000000000000169 ) ) ;
#1030 = EDGE_CURVE ( 'NONE', #1899, #185, #1206, .T. ) ;
#1031 = CARTESIAN_POINT ( 'NONE',  ( 0.04100000000000000172, 0.1170000000000000068, 0.05990000000000000185 ) ) ;
#1032 = ORIENTED_EDGE ( 'NONE', *, *, #1638, .F. ) ;
#1033 = CARTESIAN_POINT ( 'NONE',  ( 0.04499999999999999833, 0.06500000000000000222, 0.09299999999999999933 ) ) ;
#1034 = DIRECTION ( 'NONE',  ( 0.000000000000000000, 0.000000000000000000, 1.000000000000000000 ) ) ;
#1035 = DIRECTION ( 'NONE',  ( 1.000000000000000000, 1.850371707708589879E-16, -1.982541115402059686E-16 ) ) ;
#1036 = PLANE ( 'NONE',  #1723 ) ;
#1037 = LINE ( 'NONE', #1640, #750 ) ;
#1038 = ORIENTED_EDGE ( 'NONE', *, *, #1242, .F. ) ;
#1039 = DIRECTION ( 'NONE',  ( 0.000000000000000000, 1.000000000000000000, 0.000000000000000000 ) ) ;
#1040 = CIRCLE ( 'NONE', #1286, 0.009599999999999997424 ) ;
#1041 = DIRECTION ( 'NONE',  ( -1.000000000000000000, 0.000000000000000000, 0.000000000000000000 ) ) ;
#1042 = VECTOR ( 'NONE', #1342, 1.000000000000000000 ) ;
#1043 = FACE_BOUND ( 'NONE', #1222, .T. ) ;
#1044 = DIRECTION ( 'NONE',  ( 1.000000000000000000, 1.850371707708589879E-16, -1.982541115402059686E-16 ) ) ;
#1045 = EDGE_CURVE ( 'NONE', #1009, #1000, #450, .T. ) ;
#1046 = LINE ( 'NONE', #134, #1856 ) ;
#1047 = VERTEX_POINT ( 'NONE', #1504 ) ;
#1048 = EDGE_CURVE ( 'NONE', #257, #1824, #766, .T. ) ;
#1049 = CARTESIAN_POINT ( 'NONE',  ( -0.05650000000000000161, 0.07599999999999999811, 0.09489999999999999825 ) ) ;
#1050 = LINE ( 'NONE', #1197, #1580 ) ;
#1051 = LINE ( 'NONE', #1331, #1589 ) ;
#1052 = DIRECTION ( 'NONE',  ( -1.000000000000000000, 0.000000000000000000, 0.000000000000000000 ) ) ;
#1053 = ORIENTED_EDGE ( 'NONE', *, *, #1437, .F. ) ;
#1054 = CARTESIAN_POINT ( 'NONE',  ( 0.04499999999999999833, 0.08699999999999999400, 0.05589999999999999830 ) ) ;
#1055 = EDGE_CURVE ( 'NONE', #1946, #1303, #1812, .T. ) ;
#1056 = LINE ( 'NONE', #289, #1352 ) ;
#1057 = PLANE ( 'NONE',  #1301 ) ;
#1058 = DIRECTION ( 'NONE',  ( -0.5773502691896271743, -0.5773502691896251759, -0.5773502691896251759 ) ) ;
#1059 = ORIENTED_EDGE ( 'NONE', *, *, #1335, .F. ) ;
#1060 = EDGE_CURVE ( 'NONE', #1498, #1, #1037, .T. ) ;
#1061 = AXIS2_PLACEMENT_3D ( 'NONE', #1922, #563, #867 ) ;
#1062 = AXIS2_PLACEMENT_3D ( 'NONE', #1457, #1307, #230 ) ;
#1063 = APPROVAL_ROLE ( '' ) ;
#1064 = ORIENTED_EDGE ( 'NONE', *, *, #1494, .T. ) ;
#1065 = AXIS2_PLACEMENT_3D ( 'NONE', #1696, #1540, #792 ) ;
#1066 = LINE ( 'NONE', #423, #1712 ) ;
#1067 = ORIENTED_EDGE ( 'NONE', *, *, #568, .T. ) ;
#1068 = CYLINDRICAL_SURFACE ( 'NONE', #778, 0.002099999999999997702 ) ;
#1069 =( GEOMETRIC_REPRESENTATION_CONTEXT ( 3 ) GLOBAL_UNCERTAINTY_ASSIGNED_CONTEXT ( ( #357 ) ) GLOBAL_UNIT_ASSIGNED_CONTEXT ( ( #154, #1558, #1390 ) ) REPRESENTATION_CONTEXT ( 'NONE', 'WORKASPACE' ) );
#1070 = LINE ( 'NONE', #920, #208 ) ;
#1071 = EDGE_LOOP ( 'NONE', ( #90, #15 ) ) ;
#1072 = CARTESIAN_POINT ( 'NONE',  ( 0.05650000000000000161, 0.07599999999999999811, 0.09279999999999999361 ) ) ;
#1073 = AXIS2_PLACEMENT_3D ( 'NONE', #318, #482, #1836 ) ;
#1074 = AXIS2_PLACEMENT_3D ( 'NONE', #86, #700, #75 ) ;
#1075 = PRODUCT_DEFINITION_SHAPE ( 'NONE', 'NONE',  #106 ) ;
#1076 = APPLICATION_PROTOCOL_DEFINITION ( 'international standard', 'config_control_design', 1994, #1428 ) ;
#1077 = ORIENTED_EDGE ( 'NONE', *, *, #1781, .F. ) ;
#1078 = LINE ( 'NONE', #1241, #146 ) ;
#1079 = EDGE_LOOP ( 'NONE', ( #1290, #253, #1846, #1090 ) ) ;
#1080 = CARTESIAN_POINT ( 'NONE',  ( -0.04499999999999999833, 0.07499999999999999722, 0.08340000000000000191 ) ) ;
#1081 = EDGE_CURVE ( 'NONE', #1303, #548, #1445, .T. ) ;
#1082 = CC_DESIGN_PERSON_AND_ORGANIZATION_ASSIGNMENT ( #335, #1087, ( #106 ) ) ;
#1083 = DIRECTION ( 'NONE',  ( 0.000000000000000000, 0.000000000000000000, -1.000000000000000000 ) ) ;
#1084 = LINE ( 'NONE', #941, #659 ) ;
#1085 = EDGE_CURVE ( 'NONE', #897, #1253, #607, .T. ) ;
#1086 = ORIENTED_EDGE ( 'NONE', *, *, #83, .T. ) ;
#1087 = PERSON_AND_ORGANIZATION_ROLE ( 'creator' ) ;
#1088 = VERTEX_POINT ( 'NONE', #271 ) ;
#1089 = DIRECTION ( 'NONE',  ( 0.000000000000000000, 0.000000000000000000, 1.000000000000000000 ) ) ;
#1090 = ORIENTED_EDGE ( 'NONE', *, *, #1592, .F. ) ;
#1091 = DIRECTION ( 'NONE',  ( -1.850371707708589879E-16, 1.000000000000000000, 0.000000000000000000 ) ) ;
#1092 = DIRECTION ( 'NONE',  ( -1.850371707708589879E-16, 1.000000000000000000, 0.000000000000000000 ) ) ;
#1093 = ORIENTED_EDGE ( 'NONE', *, *, #1933, .F. ) ;
#1094 = DIRECTION ( 'NONE',  ( 0.000000000000000000, 0.000000000000000000, 1.000000000000000000 ) ) ;
#1095 = EDGE_CURVE ( 'NONE', #177, #398, #1828, .T. ) ;
#1096 = ORIENTED_EDGE ( 'NONE', *, *, #587, .F. ) ;
#1097 = ORIENTED_EDGE ( 'NONE', *, *, #1930, .T. ) ;
#1098 = AXIS2_PLACEMENT_3D ( 'NONE', #626, #191, #181 ) ;
#1099 = DIRECTION ( 'NONE',  ( 1.000000000000000000, 1.850371707708589879E-16, -1.982541115402059686E-16 ) ) ;
#1100 = ORIENTED_EDGE ( 'NONE', *, *, #445, .T. ) ;
#1101 = DIRECTION ( 'NONE',  ( -1.850371707708589879E-16, 1.000000000000000000, 0.000000000000000000 ) ) ;
#1102 = AXIS2_PLACEMENT_3D ( 'NONE', #713, #1439, #1733 ) ;
#1103 = CYLINDRICAL_SURFACE ( 'NONE', #655, 0.002099999999999997702 ) ;
#1104 = VERTEX_POINT ( 'NONE', #510 ) ;
#1105 = CARTESIAN_POINT ( 'NONE',  ( 0.02249999999999999917, 0.06500000000000000222, 0.09299999999999999933 ) ) ;
#1106 = AXIS2_PLACEMENT_3D ( 'NONE', #263, #123, #1041 ) ;
#1107 = VECTOR ( 'NONE', #1516, 1.000000000000000000 ) ;
#1108 = EDGE_CURVE ( 'NONE', #1400, #678, #1544, .T. ) ;
#1109 = ORIENTED_EDGE ( 'NONE', *, *, #1355, .F. ) ;
#1110 = EDGE_CURVE ( 'NONE', #608, #266, #1244, .T. ) ;
#1111 = LINE ( 'NONE', #346, #557 ) ;
#1112 = ORIENTED_EDGE ( 'NONE', *, *, #506, .F. ) ;
#1113 = CARTESIAN_POINT ( 'NONE',  ( -0.04499999999999999833, 0.06500000000000000222, 0.09299999999999999933 ) ) ;
#1114 = VERTEX_POINT ( 'NONE', #182 ) ;
#1115 = LINE ( 'NONE', #1726, #1703 ) ;
#1116 = FACE_OUTER_BOUND ( 'NONE', #1657, .T. ) ;
#1117 = ORIENTED_EDGE ( 'NONE', *, *, #1941, .F. ) ;
#1118 = LINE ( 'NONE', #1397, #1676 ) ;
#1119 = ORIENTED_EDGE ( 'NONE', *, *, #1501, .T. ) ;
#1120 = ORIENTED_EDGE ( 'NONE', *, *, #789, .T. ) ;
#1121 = ADVANCED_FACE ( 'NONE', ( #927 ), #47, .F. ) ;
#1122 = FACE_OUTER_BOUND ( 'NONE', #1926, .T. ) ;
#1123 = CARTESIAN_POINT ( 'NONE',  ( 0.05440000000000000391, 0.05210000000000000048, 0.09489999999999999825 ) ) ;
#1124 = DIRECTION ( 'NONE',  ( 1.000000000000000000, 1.850371707708589879E-16, 0.000000000000000000 ) ) ;
#1125 = CYLINDRICAL_SURFACE ( 'NONE', #1262, 0.009599999999999997424 ) ;
#1126 = ORIENTED_EDGE ( 'NONE', *, *, #832, .T. ) ;
#1127 = ORIENTED_EDGE ( 'NONE', *, *, #1851, .T. ) ;
#1128 = EDGE_CURVE ( 'NONE', #257, #608, #169, .T. ) ;
#1129 = FACE_OUTER_BOUND ( 'NONE', #195, .T. ) ;
#1130 = ORIENTED_EDGE ( 'NONE', *, *, #97, .T. ) ;
#1131 = LINE ( 'NONE', #1743, #721 ) ;
#1132 = CARTESIAN_POINT ( 'NONE',  ( 0.05249999999999999806, 0.07699999999999999900, 0.1009000000000000036 ) ) ;
#1133 = CIRCLE ( 'NONE', #264, 0.002100000000000004641 ) ;
#1134 = CARTESIAN_POINT ( 'NONE',  ( -0.05650000000000000161, 0.07699999999999999900, 0.09489999999999999825 ) ) ;
#1135 = EDGE_LOOP ( 'NONE', ( #118, #92, #906, #1623 ) ) ;
#1136 = CIRCLE ( 'NONE', #1512, 0.002099999999999997702 ) ;
#1137 = VECTOR ( 'NONE', #1487, 1.000000000000000000 ) ;
#1138 = ORIENTED_EDGE ( 'NONE', *, *, #279, .T. ) ;
#1139 = LINE ( 'NONE', #1017, #1893 ) ;
#1140 = DIRECTION ( 'NONE',  ( -1.850371707708589879E-16, 1.000000000000000000, 0.000000000000000000 ) ) ;
#1141 = DIRECTION ( 'NONE',  ( 0.000000000000000000, 0.000000000000000000, 1.000000000000000000 ) ) ;
#1142 = DIRECTION ( 'NONE',  ( -1.000000000000000000, -1.850371707708589879E-16, 1.982541115402059686E-16 ) ) ;
#1143 = CARTESIAN_POINT ( 'NONE',  ( 0.04499999999999999833, 0.06500000000000000222, 0.06339999999999999802 ) ) ;
#1144 = ORIENTED_EDGE ( 'NONE', *, *, #1662, .F. ) ;
#1145 = ADVANCED_FACE ( 'NONE', ( #939 ), #267, .F. ) ;
#1146 = EDGE_LOOP ( 'NONE', ( #1100, #1718 ) ) ;
#1147 = DIRECTION ( 'NONE',  ( 0.000000000000000000, 0.000000000000000000, 1.000000000000000000 ) ) ;
#1148 = ORIENTED_EDGE ( 'NONE', *, *, #305, .F. ) ;
#1149 = CARTESIAN_POINT ( 'NONE',  ( 0.05650000000000000161, 0.07599999999999999811, 0.05190000000000000169 ) ) ;
#1150 = DIRECTION ( 'NONE',  ( 0.000000000000000000, 0.000000000000000000, 1.000000000000000000 ) ) ;
#1151 = CARTESIAN_POINT ( 'NONE',  ( 0.05650000000000000161, 0.05210000000000000048, 0.09489999999999999825 ) ) ;
#1152 = ADVANCED_FACE ( 'NONE', ( #1852 ), #687, .F. ) ;
#1153 = CYLINDRICAL_SURFACE ( 'NONE', #1671, 0.01000000000000000194 ) ;
#1154 = VERTEX_POINT ( 'NONE', #201 ) ;
#1155 = LINE ( 'NONE', #871, #525 ) ;
#1156 = LINE ( 'NONE', #704, #1924 ) ;
#1157 = EDGE_LOOP ( 'NONE', ( #703, #1758 ) ) ;
#1158 = DIRECTION ( 'NONE',  ( 0.000000000000000000, 0.000000000000000000, 1.000000000000000000 ) ) ;
#1159 = FACE_OUTER_BOUND ( 'NONE', #1417, .T. ) ;
#1160 = LINE ( 'NONE', #1776, #1838 ) ;
#1161 = CIRCLE ( 'NONE', #1062, 0.003099999999999998590 ) ;
#1162 = CARTESIAN_POINT ( 'NONE',  ( 0.05859999999999999931, 0.07499999999999999722, 0.05190000000000000169 ) ) ;
#1163 = VERTEX_POINT ( 'NONE', #1374 ) ;
#1164 = AXIS2_PLACEMENT_3D ( 'NONE', #580, #772, #1340 ) ;
#1165 = VECTOR ( 'NONE', #1714, 1.000000000000000000 ) ;
#1166 = CARTESIAN_POINT ( 'NONE',  ( -0.05440000000000000391, 0.07499999999999999722, 0.05190000000000000169 ) ) ;
#1167 = EDGE_CURVE ( 'NONE', #1000, #272, #341, .T. ) ;
#1168 = CC_DESIGN_APPROVAL ( #306, ( #1223 ) ) ;
#1169 = CIRCLE ( 'NONE', #214, 0.002099999999999997702 ) ;
#1170 = AXIS2_PLACEMENT_3D ( 'NONE', #1336, #1939, #890 ) ;
#1171 = CYLINDRICAL_SURFACE ( 'NONE', #1927, 0.009599999999999997424 ) ;
#1172 = VECTOR ( 'NONE', #868, 1.000000000000000000 ) ;
#1173 = DIRECTION ( 'NONE',  ( 0.000000000000000000, 0.000000000000000000, 1.000000000000000000 ) ) ;
#1174 = CARTESIAN_POINT ( 'NONE',  ( 0.01089999999999999997, 0.1170000000000000068, 0.07140000000000000513 ) ) ;
#1175 = DIRECTION ( 'NONE',  ( -1.850371707708589879E-16, 1.000000000000000000, 0.000000000000000000 ) ) ;
#1176 = EDGE_LOOP ( 'NONE', ( #535, #666, #520, #1373 ) ) ;
#1177 = DIRECTION ( 'NONE',  ( -1.850371707708589879E-16, 1.000000000000000000, 0.000000000000000000 ) ) ;
#1178 = ADVANCED_FACE ( 'NONE', ( #12, #617, #815, #27, #38, #1385 ), #1844, .T. ) ;
#1179 = CARTESIAN_POINT ( 'NONE',  ( -0.04499999999999999833, 0.1130000000000000032, 0.08690000000000000502 ) ) ;
#1180 = DIRECTION ( 'NONE',  ( -1.000000000000000000, 0.000000000000000000, 0.000000000000000000 ) ) ;
#1181 = DIRECTION ( 'NONE',  ( -1.321694076934709909E-16, -2.445625326206009746E-32, -1.000000000000000000 ) ) ;
#1182 = CARTESIAN_POINT ( 'NONE',  ( -0.05650000000000000161, 0.07699999999999999900, 0.05190000000000000169 ) ) ;
#1183 = ORIENTED_EDGE ( 'NONE', *, *, #328, .F. ) ;
#1184 = CARTESIAN_POINT ( 'NONE',  ( -0.06250000000000000000, 0.07499999999999999722, 0.05589999999999999830 ) ) ;
#1185 = DIRECTION ( 'NONE',  ( 0.000000000000000000, 0.000000000000000000, -1.000000000000000000 ) ) ;
#1186 = ADVANCED_FACE ( 'NONE', ( #806 ), #1103, .F. ) ;
#1187 = DIRECTION ( 'NONE',  ( -1.850371707708589879E-16, 1.000000000000000000, 0.000000000000000000 ) ) ;
#1188 = DIRECTION ( 'NONE',  ( 1.000000000000000000, 1.850371707708589879E-16, 0.000000000000000000 ) ) ;
#1189 = EDGE_CURVE ( 'NONE', #1359, #185, #1863, .T. ) ;
#1190 = CARTESIAN_POINT ( 'NONE',  ( 0.05460000000000000270, 0.06500000000000000222, 0.06339999999999999802 ) ) ;
#1191 = VERTEX_POINT ( 'NONE', #1735 ) ;
#1192 = PLANE ( 'NONE',  #1928 ) ;
#1193 = VECTOR ( 'NONE', #896, 1.000000000000000000 ) ;
#1194 = CARTESIAN_POINT ( 'NONE',  ( -2.164934898019049781E-17, 0.1170000000000000068, 0.07340000000000000691 ) ) ;
#1195 = CIRCLE ( 'NONE', #333, 0.002100000000000004641 ) ;
#1196 = VECTOR ( 'NONE', #1710, 1.000000000000000000 ) ;
#1197 = CARTESIAN_POINT ( 'NONE',  ( -0.04050000000000000128, 0.1174999999999999933, 0.08240000000000000102 ) ) ;
#1198 = PLANE ( 'NONE',  #817 ) ;
#1199 = EDGE_CURVE ( 'NONE', #1088, #1945, #1835, .T. ) ;
#1200 = CARTESIAN_POINT ( 'NONE',  ( -2.026157019940910021E-17, 0.1095000000000000001, 0.08690000000000000502 ) ) ;
#1201 = ORIENTED_EDGE ( 'NONE', *, *, #1430, .T. ) ;
#1202 = CIRCLE ( 'NONE', #345, 0.003099999999999998590 ) ;
#1203 = DIRECTION ( 'NONE',  ( 1.000000000000000000, 1.850371707708589879E-16, -1.321694076934709909E-16 ) ) ;
#1204 = DIRECTION ( 'NONE',  ( -1.850371707708589879E-16, 1.000000000000000000, 0.000000000000000000 ) ) ;
#1205 = LINE ( 'NONE', #1943, #596 ) ;
#1206 = LINE ( 'NONE', #1190, #1574 ) ;
#1207 = ORIENTED_EDGE ( 'NONE', *, *, #279, .F. ) ;
#1208 = ADVANCED_FACE ( 'NONE', ( #1116 ), #1257, .T. ) ;
#1209 = ORIENTED_EDGE ( 'NONE', *, *, #1389, .F. ) ;
#1210 = CARTESIAN_POINT ( 'NONE',  ( -0.04499999999999999833, 0.1019999999999999934, 0.08690000000000000502 ) ) ;
#1211 = ORIENTED_EDGE ( 'NONE', *, *, #388, .F. ) ;
#1212 = DIRECTION ( 'NONE',  ( -1.850371707708589879E-16, 1.000000000000000000, 0.000000000000000000 ) ) ;
#1213 = CARTESIAN_POINT ( 'NONE',  ( 0.05650000000000000161, 0.07599999999999999811, 0.04980000000000000399 ) ) ;
#1214 = VERTEX_POINT ( 'NONE', #1727 ) ;
#1215 = EDGE_CURVE ( 'NONE', #1697, #288, #1709, .T. ) ;
#1216 = COORDINATED_UNIVERSAL_TIME_OFFSET ( 1, 0, .AHEAD. ) ;
#1217 = ORIENTED_EDGE ( 'NONE', *, *, #889, .T. ) ;
#1218 = AXIS2_PLACEMENT_3D ( 'NONE', #1659, #426, #284 ) ;
#1219 = EDGE_CURVE ( 'NONE', #272, #1885, #361, .T. ) ;
#1220 = LOCAL_TIME ( 17, 5, 11.00000000000000000, #1421 ) ;
#1221 = FACE_OUTER_BOUND ( 'NONE', #819, .T. ) ;
#1222 = EDGE_LOOP ( 'NONE', ( #1024, #702 ) ) ;
#1223 = SECURITY_CLASSIFICATION ( '', '', #176 ) ;
#1224 = VECTOR ( 'NONE', #1187, 1.000000000000000000 ) ;
#1225 = CARTESIAN_POINT ( 'NONE',  ( -1.424786214935619647E-17, 0.07699999999999999900, 0.07340000000000000691 ) ) ;
#1226 = EDGE_LOOP ( 'NONE', ( #78, #330 ) ) ;
#1227 = FACE_OUTER_BOUND ( 'NONE', #219, .T. ) ;
#1228 = CIRCLE ( 'NONE', #464, 0.003099999999999998590 ) ;
#1229 = ORIENTED_EDGE ( 'NONE', *, *, #61, .T. ) ;
#1230 = CALENDAR_DATE ( 2025, 3, 5 ) ;
#1231 = ORIENTED_EDGE ( 'NONE', *, *, #1756, .T. ) ;
#1232 = DIRECTION ( 'NONE',  ( -1.308410382236479758E-16, 0.7071067811865475727, 0.7071067811865475727 ) ) ;
#1233 = ORIENTED_EDGE ( 'NONE', *, *, #1879, .F. ) ;
#1234 = DIRECTION ( 'NONE',  ( -1.000000000000000000, 0.000000000000000000, 0.000000000000000000 ) ) ;
#1235 = EDGE_CURVE ( 'NONE', #940, #339, #1325, .T. ) ;
#1236 = CARTESIAN_POINT ( 'NONE',  ( 0.05650000000000000161, 0.05210000000000000048, 0.05190000000000000169 ) ) ;
#1237 = LINE ( 'NONE', #1105, #178 ) ;
#1238 = VERTEX_POINT ( 'NONE', #1132 ) ;
#1239 = APPROVAL_DATE_TIME ( #768, #401 ) ;
#1240 = EDGE_LOOP ( 'NONE', ( #1596, #1120, #823, #72, #921 ) ) ;
#1241 = CARTESIAN_POINT ( 'NONE',  ( 0.04499999999999999833, 0.08699999999999999400, 0.07340000000000000691 ) ) ;
#1242 = EDGE_CURVE ( 'NONE', #1114, #1246, #1020, .T. ) ;
#1243 = FACE_OUTER_BOUND ( 'NONE', #1582, .T. ) ;
#1244 = LINE ( 'NONE', #352, #522 ) ;
#1245 = ADVANCED_FACE ( 'NONE', ( #994 ), #682, .F. ) ;
#1246 = VERTEX_POINT ( 'NONE', #715 ) ;
#1247 = CARTESIAN_POINT ( 'NONE',  ( -0.05650000000000000161, 0.07699999999999999900, 0.09800000000000000377 ) ) ;
#1248 = ORIENTED_EDGE ( 'NONE', *, *, #998, .T. ) ;
#1249 = FACE_OUTER_BOUND ( 'NONE', #1867, .T. ) ;
#1250 = ORIENTED_EDGE ( 'NONE', *, *, #540, .T. ) ;
#1251 = VECTOR ( 'NONE', #662, 1.000000000000000000 ) ;
#1252 = DIRECTION ( 'NONE',  ( -1.000000000000000000, 0.000000000000000000, 0.000000000000000000 ) ) ;
#1253 = VERTEX_POINT ( 'NONE', #987 ) ;
#1254 = DIRECTION ( 'NONE',  ( 0.000000000000000000, 0.000000000000000000, 1.000000000000000000 ) ) ;
#1255 = VECTOR ( 'NONE', #1801, 1.000000000000000000 ) ;
#1256 = CIRCLE ( 'NONE', #1803, 0.002099999999999997702 ) ;
#1257 = CYLINDRICAL_SURFACE ( 'NONE', #1414, 0.01000000000000000194 ) ;
#1258 = ORIENTED_EDGE ( 'NONE', *, *, #37, .F. ) ;
#1259 = CARTESIAN_POINT ( 'NONE',  ( -0.05650000000000000161, 0.07599999999999999811, 0.09700000000000000289 ) ) ;
#1260 = LOCAL_TIME ( 17, 5, 11.00000000000000000, #1216 ) ;
#1261 = AXIS2_PLACEMENT_3D ( 'NONE', #1785, #416, #1028 ) ;
#1262 = AXIS2_PLACEMENT_3D ( 'NONE', #797, #471, #327 ) ;
#1263 = EDGE_LOOP ( 'NONE', ( #155, #28 ) ) ;
#1264 = EDGE_CURVE ( 'NONE', #1885, #391, #211, .T. ) ;
#1265 = SHAPE_DEFINITION_REPRESENTATION ( #1075, #1410 ) ;
#1266 = EDGE_LOOP ( 'NONE', ( #1669, #1771, #1304, #350, #1539 ) ) ;
#1267 = LINE ( 'NONE', #1870, #1507 ) ;
#1268 = CARTESIAN_POINT ( 'NONE',  ( 0.04499999999999999833, 0.1019999999999999934, 0.05589999999999999830 ) ) ;
#1269 = ORIENTED_EDGE ( 'NONE', *, *, #910, .F. ) ;
#1270 = CARTESIAN_POINT ( 'NONE',  ( 0.03250000000000000111, 0.1095000000000000001, 0.08690000000000000502 ) ) ;
#1271 = VERTEX_POINT ( 'NONE', #1600 ) ;
#1272 = EDGE_CURVE ( 'NONE', #913, #1565, #269, .T. ) ;
#1273 = ORIENTED_EDGE ( 'NONE', *, *, #130, .F. ) ;
#1274 = DIRECTION ( 'NONE',  ( -1.000000000000000000, 0.000000000000000000, 0.000000000000000000 ) ) ;
#1275 = EDGE_LOOP ( 'NONE', ( #1900, #1470, #1314, #1394 ) ) ;
#1276 = DIRECTION ( 'NONE',  ( 0.000000000000000000, 1.000000000000000000, 0.000000000000000000 ) ) ;
#1277 = CARTESIAN_POINT ( 'NONE',  ( -1.850371707708589817E-17, 0.1019999999999999934, 0.05589999999999999830 ) ) ;
#1278 = DIRECTION ( 'NONE',  ( -1.850371707708589879E-16, 1.000000000000000000, 0.000000000000000000 ) ) ;
#1279 = ORIENTED_EDGE ( 'NONE', *, *, #506, .T. ) ;
#1280 = ORIENTED_EDGE ( 'NONE', *, *, #697, .T. ) ;
#1281 = LINE ( 'NONE', #526, #589 ) ;
#1282 = ORIENTED_EDGE ( 'NONE', *, *, #1525, .T. ) ;
#1283 = CARTESIAN_POINT ( 'NONE',  ( -0.05650000000000000161, 0.07699999999999999900, 0.09179999999999999272 ) ) ;
#1284 = ADVANCED_FACE ( 'NONE', ( #1159 ), #407, .F. ) ;
#1285 = DIRECTION ( 'NONE',  ( -1.000000000000000000, 0.000000000000000000, 0.000000000000000000 ) ) ;
#1286 = AXIS2_PLACEMENT_3D ( 'NONE', #386, #1462, #98 ) ;
#1287 = CARTESIAN_POINT ( 'NONE',  ( 0.05650000000000000161, 0.05210000000000000048, 0.09489999999999999825 ) ) ;
#1288 = AXIS2_PLACEMENT_3D ( 'NONE', #1225, #627, #1124 ) ;
#1289 = DIRECTION ( 'NONE',  ( 1.850371707708589879E-16, -1.000000000000000000, 0.000000000000000000 ) ) ;
#1290 = ORIENTED_EDGE ( 'NONE', *, *, #1415, .T. ) ;
#1291 = AXIS2_PLACEMENT_3D ( 'NONE', #299, #1685, #311 ) ;
#1292 = ORIENTED_EDGE ( 'NONE', *, *, #1866, .T. ) ;
#1293 = AXIS2_PLACEMENT_3D ( 'NONE', #1021, #1591, #995 ) ;
#1294 = DIRECTION ( 'NONE',  ( 1.000000000000000000, 0.000000000000000000, 0.000000000000000000 ) ) ;
#1295 = EDGE_LOOP ( 'NONE', ( #954, #99, #1876, #1053, #1117 ) ) ;
#1296 = CARTESIAN_POINT ( 'NONE',  ( 0.04100000000000000172, 0.1170000000000000068, 0.08290000000000000147 ) ) ;
#1297 = ADVANCED_FACE ( 'NONE', ( #1774 ), #1754, .F. ) ;
#1298 = DIRECTION ( 'NONE',  ( 0.000000000000000000, 0.000000000000000000, 1.000000000000000000 ) ) ;
#1299 = DIRECTION ( 'NONE',  ( 0.000000000000000000, 0.000000000000000000, 1.000000000000000000 ) ) ;
#1300 = ADVANCED_FACE ( 'NONE', ( #250 ), #1615, .F. ) ;
#1301 = AXIS2_PLACEMENT_3D ( 'NONE', #1960, #578, #1346 ) ;
#1302 = FACE_OUTER_BOUND ( 'NONE', #1827, .T. ) ;
#1303 = VERTEX_POINT ( 'NONE', #85 ) ;
#1304 = ORIENTED_EDGE ( 'NONE', *, *, #1235, .F. ) ;
#1305 = FACE_OUTER_BOUND ( 'NONE', #729, .T. ) ;
#1306 = ORIENTED_EDGE ( 'NONE', *, *, #609, .F. ) ;
#1307 = DIRECTION ( 'NONE',  ( 1.850371707708589879E-16, -1.000000000000000000, 0.000000000000000000 ) ) ;
#1308 = ADVANCED_FACE ( 'NONE', ( #1904 ), #334, .F. ) ;
#1309 = DIRECTION ( 'NONE',  ( -1.000000000000000000, 0.000000000000000000, 0.000000000000000000 ) ) ;
#1310 = CARTESIAN_POINT ( 'NONE',  ( -0.01909999999999999892, 0.1170000000000000068, 0.07140000000000000513 ) ) ;
#1311 = ADVANCED_FACE ( 'NONE', ( #859, #1763, #1005, #95, #707, #550 ), #1620, .F. ) ;
#1312 = APPROVAL ( #496, 'UNSPECIFIED' ) ;
#1313 = CARTESIAN_POINT ( 'NONE',  ( -0.04499999999999999833, 0.07499999999999999722, 0.09299999999999999933 ) ) ;
#1314 = ORIENTED_EDGE ( 'NONE', *, *, #1048, .F. ) ;
#1315 = DIRECTION ( 'NONE',  ( -1.850371707708589879E-16, 1.000000000000000000, 0.000000000000000000 ) ) ;
#1316 = CARTESIAN_POINT ( 'NONE',  ( 0.04499999999999999833, 0.06500000000000000222, 0.05380000000000000060 ) ) ;
#1317 = DIRECTION ( 'NONE',  ( 1.850371707708589879E-16, -1.000000000000000000, 0.000000000000000000 ) ) ;
#1318 = CYLINDRICAL_SURFACE ( 'NONE', #1261, 0.004099999999999999478 ) ;
#1319 = LINE ( 'NONE', #375, #1834 ) ;
#1320 = CIRCLE ( 'NONE', #583, 0.002099999999999997702 ) ;
#1321 = LINE ( 'NONE', #1630, #1643 ) ;
#1322 = ORIENTED_EDGE ( 'NONE', *, *, #83, .F. ) ;
#1323 = AXIS2_PLACEMENT_3D ( 'NONE', #1523, #1232, #1372 ) ;
#1324 = CONICAL_SURFACE ( 'NONE', #1218, 0.002100000000000004641, 0.7853981633974476129 ) ;
#1325 = CIRCLE ( 'NONE', #883, 0.002099999999999997702 ) ;
#1326 = CARTESIAN_POINT ( 'NONE',  ( -1.471045507628329717E-17, 0.07950000000000000122, 0.08690000000000000502 ) ) ;
#1327 = AXIS2_PLACEMENT_3D ( 'NONE', #955, #1854, #202 ) ;
#1328 = DIRECTION ( 'NONE',  ( -1.850371707708589879E-16, 1.000000000000000000, 0.000000000000000000 ) ) ;
#1329 = VECTOR ( 'NONE', #251, 1.000000000000000000 ) ;
#1330 = CARTESIAN_POINT ( 'NONE',  ( 0.05249999999999999806, 0.07499999999999999722, 0.04590000000000000330 ) ) ;
#1331 = CARTESIAN_POINT ( 'NONE',  ( -0.05440000000000000391, 0.05210000000000000048, 0.05190000000000000169 ) ) ;
#1332 = DIRECTION ( 'NONE',  ( 1.000000000000000000, 0.000000000000000000, 0.000000000000000000 ) ) ;
#1333 = ORIENTED_EDGE ( 'NONE', *, *, #270, .T. ) ;
#1334 = AXIS2_PLACEMENT_3D ( 'NONE', #1029, #1427, #96 ) ;
#1335 = EDGE_CURVE ( 'NONE', #1550, #319, #756, .T. ) ;
#1336 = CARTESIAN_POINT ( 'NONE',  ( -0.01499999999999999944, 0.1170000000000000068, 0.07140000000000000513 ) ) ;
#1337 = DIRECTION ( 'NONE',  ( -1.000000000000000000, 0.000000000000000000, 0.000000000000000000 ) ) ;
#1338 = LINE ( 'NONE', #1474, #1224 ) ;
#1339 = CARTESIAN_POINT ( 'NONE',  ( -0.001999999999999960143, 0.1095000000000000001, 0.05589800000000000324 ) ) ;
#1340 = DIRECTION ( 'NONE',  ( 1.000000000000000000, 0.000000000000000000, 0.000000000000000000 ) ) ;
#1341 = EDGE_LOOP ( 'NONE', ( #793, #1751, #427, #167 ) ) ;
#1342 = DIRECTION ( 'NONE',  ( -1.850371707708589879E-16, 1.000000000000000000, 0.000000000000000000 ) ) ;
#1343 = DIRECTION ( 'NONE',  ( 0.000000000000000000, -1.000000000000000000, 3.668437989309019682E-32 ) ) ;
#1344 = ADVANCED_FACE ( 'NONE', ( #103 ), #1318, .F. ) ;
#1345 = DIRECTION ( 'NONE',  ( 1.000000000000000000, 1.850371707708589879E-16, 0.000000000000000000 ) ) ;
#1346 = DIRECTION ( 'NONE',  ( 0.000000000000000000, -1.000000000000000000, 0.000000000000000000 ) ) ;
#1347 = ADVANCED_FACE ( 'NONE', ( #1627, #1426, #66 ), #674, .T. ) ;
#1348 = CARTESIAN_POINT ( 'NONE',  ( 0.002000000000000039940, 0.07950000000000000122, 0.08690000000000000502 ) ) ;
#1349 = ORIENTED_EDGE ( 'NONE', *, *, #150, .T. ) ;
#1350 = AXIS2_PLACEMENT_3D ( 'NONE', #1182, #159, #1497 ) ;
#1351 = LINE ( 'NONE', #1625, #1956 ) ;
#1352 = VECTOR ( 'NONE', #908, 1.000000000000000000 ) ;
#1353 = DIRECTION ( 'NONE',  ( 1.000000000000000000, 1.850371707708589879E-16, 0.000000000000000000 ) ) ;
#1354 = EDGE_LOOP ( 'NONE', ( #1567, #947, #649, #1688 ) ) ;
#1355 = EDGE_CURVE ( 'NONE', #923, #1707, #1513, .T. ) ;
#1356 = DIRECTION ( 'NONE',  ( 1.850371707708589879E-16, -1.000000000000000000, 0.000000000000000000 ) ) ;
#1357 = AXIS2_PLACEMENT_3D ( 'NONE', #1435, #1601, #232 ) ;
#1358 = CARTESIAN_POINT ( 'NONE',  ( 0.05650000000000000161, 0.07699999999999999900, 0.09179999999999999272 ) ) ;
#1359 = VERTEX_POINT ( 'NONE', #1502 ) ;
#1360 = FACE_OUTER_BOUND ( 'NONE', #492, .T. ) ;
#1361 = VERTEX_POINT ( 'NONE', #454 ) ;
#1362 = FACE_OUTER_BOUND ( 'NONE', #1731, .T. ) ;
#1363 = VERTEX_POINT ( 'NONE', #1330 ) ;
#1364 = DIRECTION ( 'NONE',  ( 0.000000000000000000, -1.000000000000000000, 0.000000000000000000 ) ) ;
#1365 = DIRECTION ( 'NONE',  ( 1.850371707708589879E-16, -1.000000000000000000, 0.000000000000000000 ) ) ;
#1366 = ORIENTED_EDGE ( 'NONE', *, *, #1767, .F. ) ;
#1367 = EDGE_CURVE ( 'NONE', #780, #777, #1066, .T. ) ;
#1368 = CC_DESIGN_PERSON_AND_ORGANIZATION_ASSIGNMENT ( #347, #642, ( #1223 ) ) ;
#1369 = EDGE_CURVE ( 'NONE', #1850, #641, #441, .T. ) ;
#1370 = CYLINDRICAL_SURFACE ( 'NONE', #1450, 0.009599999999999997424 ) ;
#1371 = ORIENTED_EDGE ( 'NONE', *, *, #1095, .T. ) ;
#1372 = DIRECTION ( 'NONE',  ( 1.000000000000000000, 0.000000000000000000, 1.850371707708594809E-16 ) ) ;
#1373 = ORIENTED_EDGE ( 'NONE', *, *, #94, .T. ) ;
#1374 = CARTESIAN_POINT ( 'NONE',  ( 0.01089999999999999997, 0.1095000000000000001, 0.07140000000000000513 ) ) ;
#1375 = DIRECTION ( 'NONE',  ( -1.850371707708589879E-16, 1.000000000000000000, 0.000000000000000000 ) ) ;
#1376 = ORIENTED_EDGE ( 'NONE', *, *, #1644, .T. ) ;
#1377 = VECTOR ( 'NONE', #972, 1.000000000000000000 ) ;
#1378 = ORIENTED_EDGE ( 'NONE', *, *, #1110, .F. ) ;
#1379 = AXIS2_PLACEMENT_3D ( 'NONE', #217, #783, #1404 ) ;
#1380 = AXIS2_PLACEMENT_3D ( 'NONE', #1807, #882, #1337 ) ;
#1381 = DIRECTION ( 'NONE',  ( 1.000000000000000000, 1.850371707708589879E-16, -1.982541115402059686E-16 ) ) ;
#1382 = ORIENTED_EDGE ( 'NONE', *, *, #1560, .F. ) ;
#1383 = CARTESIAN_POINT ( 'NONE',  ( 0.05650000000000000161, 0.05210000000000000048, 0.05190000000000000169 ) ) ;
#1384 = AXIS2_PLACEMENT_3D ( 'NONE', #1464, #1039, #420 ) ;
#1385 = FACE_BOUND ( 'NONE', #60, .T. ) ;
#1386 = ORIENTED_EDGE ( 'NONE', *, *, #1471, .T. ) ;
#1387 = DIRECTION ( 'NONE',  ( 0.000000000000000000, 0.000000000000000000, -1.000000000000000000 ) ) ;
#1388 = CIRCLE ( 'NONE', #1074, 0.002100000000000004641 ) ;
#1389 = EDGE_CURVE ( 'NONE', #969, #1409, #657, .T. ) ;
#1390 =( NAMED_UNIT ( * ) SI_UNIT ( $, .STERADIAN. ) SOLID_ANGLE_UNIT ( ) );
#1391 = ORIENTED_EDGE ( 'NONE', *, *, #1680, .T. ) ;
#1392 = EDGE_CURVE ( 'NONE', #1707, #923, #1169, .T. ) ;
#1393 = DIRECTION ( 'NONE',  ( 1.850371707708589879E-16, -1.000000000000000000, 0.000000000000000000 ) ) ;
#1394 = ORIENTED_EDGE ( 'NONE', *, *, #1027, .T. ) ;
#1395 = DIRECTION ( 'NONE',  ( 1.850371707708589879E-16, -1.000000000000000000, 0.000000000000000000 ) ) ;
#1396 = DIRECTION ( 'NONE',  ( 0.000000000000000000, 0.7071067811865480168, 0.7071067811865470176 ) ) ;
#1397 = CARTESIAN_POINT ( 'NONE',  ( 0.05859999999999999931, 0.05210000000000000048, 0.09489999999999999825 ) ) ;
#1398 = ORIENTED_EDGE ( 'NONE', *, *, #543, .F. ) ;
#1399 = DATE_TIME_ROLE ( 'classification_date' ) ;
#1400 = VERTEX_POINT ( 'NONE', #585 ) ;
#1401 = CARTESIAN_POINT ( 'NONE',  ( -0.05440000000000000391, 0.07599999999999999811, 0.09489999999999999825 ) ) ;
#1402 = ORIENTED_EDGE ( 'NONE', *, *, #1015, .T. ) ;
#1403 = PLANE ( 'NONE',  #747 ) ;
#1404 = DIRECTION ( 'NONE',  ( 0.000000000000000000, 0.000000000000000000, 1.000000000000000000 ) ) ;
#1405 = DIRECTION ( 'NONE',  ( 0.000000000000000000, 1.000000000000000000, 0.000000000000000000 ) ) ;
#1406 = EDGE_CURVE ( 'NONE', #1850, #1271, #1050, .T. ) ;
#1407 = ORIENTED_EDGE ( 'NONE', *, *, #899, .F. ) ;
#1408 = DIRECTION ( 'NONE',  ( -1.850371707708589879E-16, 1.000000000000000000, 0.000000000000000000 ) ) ;
#1409 = VERTEX_POINT ( 'NONE', #571 ) ;
#1410 = ADVANCED_BREP_SHAPE_REPRESENTATION ( 'Mountable - Aluminium Mount Plate', ( #1909, #1291 ), #1069 ) ;
#1411 = CIRCLE ( 'NONE', #554, 0.004099999999999999478 ) ;
#1412 = AXIS2_PLACEMENT_3D ( 'NONE', #26, #1690, #804 ) ;
#1413 = DIRECTION ( 'NONE',  ( 0.000000000000000000, 0.000000000000000000, -1.000000000000000000 ) ) ;
#1414 = AXIS2_PLACEMENT_3D ( 'NONE', #953, #1554, #192 ) ;
#1415 = EDGE_CURVE ( 'NONE', #1104, #336, #893, .T. ) ;
#1416 = CARTESIAN_POINT ( 'NONE',  ( -0.05650000000000000161, 0.07599999999999999811, 0.09489999999999999825 ) ) ;
#1417 = EDGE_LOOP ( 'NONE', ( #1440, #1231, #1788, #379, #1032 ) ) ;
#1418 = CARTESIAN_POINT ( 'NONE',  ( -0.05859999999999999931, 0.07499999999999999722, 0.05190000000000000169 ) ) ;
#1419 = CIRCLE ( 'NONE', #436, 0.002099999999999997702 ) ;
#1420 = ORIENTED_EDGE ( 'NONE', *, *, #1879, .T. ) ;
#1421 = COORDINATED_UNIVERSAL_TIME_OFFSET ( 1, 0, .AHEAD. ) ;
#1422 = ORIENTED_EDGE ( 'NONE', *, *, #1085, .T. ) ;
#1423 = DIRECTION ( 'NONE',  ( 8.659560562354926695E-17, 0.7071067811865480168, -0.7071067811865470176 ) ) ;
#1424 = EDGE_LOOP ( 'NONE', ( #50, #1096, #846, #888 ) ) ;
#1425 = DIRECTION ( 'NONE',  ( 0.000000000000000000, 1.000000000000000000, 0.000000000000000000 ) ) ;
#1426 = FACE_OUTER_BOUND ( 'NONE', #1533, .T. ) ;
#1427 = DIRECTION ( 'NONE',  ( -1.850371707708589879E-16, 1.000000000000000000, 0.000000000000000000 ) ) ;
#1428 = APPLICATION_CONTEXT ( 'configuration controlled 3d designs of mechanical parts and assemblies' ) ;
#1429 = ORIENTED_EDGE ( 'NONE', *, *, #1719, .F. ) ;
#1430 = EDGE_CURVE ( 'NONE', #319, #705, #1809, .T. ) ;
#1431 = ORIENTED_EDGE ( 'NONE', *, *, #1941, .T. ) ;
#1432 = LINE ( 'NONE', #1760, #52 ) ;
#1433 = FACE_OUTER_BOUND ( 'NONE', #527, .T. ) ;
#1434 = DIRECTION ( 'NONE',  ( -1.850371707708589879E-16, 1.000000000000000000, 0.000000000000000000 ) ) ;
#1435 = CARTESIAN_POINT ( 'NONE',  ( 0.04499999999999999833, 0.07499999999999999722, 0.08340000000000000191 ) ) ;
#1436 = ORIENTED_EDGE ( 'NONE', *, *, #480, .F. ) ;
#1437 = EDGE_CURVE ( 'NONE', #381, #1409, #265, .T. ) ;
#1438 = ORIENTED_EDGE ( 'NONE', *, *, #1242, .T. ) ;
#1439 = DIRECTION ( 'NONE',  ( -1.850371707708589879E-16, 1.000000000000000000, 0.000000000000000000 ) ) ;
#1440 = ORIENTED_EDGE ( 'NONE', *, *, #286, .F. ) ;
#1441 = DIRECTION ( 'NONE',  ( -1.000000000000000000, -1.850371707708589879E-16, 0.000000000000000000 ) ) ;
#1442 = AXIS2_PLACEMENT_3D ( 'NONE', #1383, #1091, #469 ) ;
#1443 = VECTOR ( 'NONE', #199, 1.000000000000000000 ) ;
#1444 = DIRECTION ( 'NONE',  ( 0.000000000000000000, 1.000000000000000000, 0.000000000000000000 ) ) ;
#1445 = CIRCLE ( 'NONE', #881, 0.01000000000000000194 ) ;
#1446 = CARTESIAN_POINT ( 'NONE',  ( 0.05650000000000000161, 0.07599999999999999811, 0.09700000000000000289 ) ) ;
#1447 = VECTOR ( 'NONE', #838, 1.000000000000000000 ) ;
#1448 = DIRECTION ( 'NONE',  ( -1.850371707708589879E-16, 1.000000000000000000, 0.000000000000000000 ) ) ;
#1449 = ORIENTED_EDGE ( 'NONE', *, *, #37, .T. ) ;
#1450 = AXIS2_PLACEMENT_3D ( 'NONE', #31, #959, #1857 ) ;
#1451 = AXIS2_PLACEMENT_3D ( 'NONE', #338, #179, #500 ) ;
#1452 = CIRCLE ( 'NONE', #372, 0.002099999999999997702 ) ;
#1453 = VERTEX_POINT ( 'NONE', #1656 ) ;
#1454 = EDGE_CURVE ( 'NONE', #641, #645, #1780, .T. ) ;
#1455 = CARTESIAN_POINT ( 'NONE',  ( -0.05440000000000000391, 0.07499999999999999722, 0.09489999999999999825 ) ) ;
#1456 = ORIENTED_EDGE ( 'NONE', *, *, #1264, .T. ) ;
#1457 = CARTESIAN_POINT ( 'NONE',  ( 0.05650000000000000161, 0.07699999999999999900, 0.09489999999999999825 ) ) ;
#1458 = EDGE_CURVE ( 'NONE', #1114, #1498, #1495, .T. ) ;
#1459 = CC_DESIGN_PERSON_AND_ORGANIZATION_ASSIGNMENT ( #1847, #1538, ( #1579 ) ) ;
#1460 = DIRECTION ( 'NONE',  ( -1.000000000000000000, -1.850371707708589879E-16, 0.000000000000000000 ) ) ;
#1461 = DIRECTION ( 'NONE',  ( 1.982541115402059686E-16, 3.668437989309019682E-32, 1.000000000000000000 ) ) ;
#1462 = DIRECTION ( 'NONE',  ( -1.850371707708589879E-16, 1.000000000000000000, 0.000000000000000000 ) ) ;
#1463 = EDGE_LOOP ( 'NONE', ( #738, #613, #1584, #281 ) ) ;
#1464 = CARTESIAN_POINT ( 'NONE',  ( 0.05650000000000000161, 0.07599999999999999811, 0.09489999999999999825 ) ) ;
#1465 = CARTESIAN_POINT ( 'NONE',  ( -0.05650000000000000161, 0.07599999999999999811, 0.09489999999999999825 ) ) ;
#1466 = DIRECTION ( 'NONE',  ( 0.000000000000000000, 1.000000000000000000, 0.000000000000000000 ) ) ;
#1467 = CARTESIAN_POINT ( 'NONE',  ( -0.05650000000000000161, 0.07599999999999999811, 0.09489999999999999825 ) ) ;
#1468 = CARTESIAN_POINT ( 'NONE',  ( -0.01909999999999999892, 0.09199999999999999845, 0.07140000000000000513 ) ) ;
#1469 = CARTESIAN_POINT ( 'NONE',  ( 0.01909999999999999892, 0.1095000000000000001, 0.07140000000000000513 ) ) ;
#1470 = ORIENTED_EDGE ( 'NONE', *, *, #1592, .T. ) ;
#1471 = EDGE_CURVE ( 'NONE', #1191, #586, #1338, .T. ) ;
#1472 = CARTESIAN_POINT ( 'NONE',  ( 0.05650000000000000161, 0.07499999999999999722, 0.09489999999999999825 ) ) ;
#1473 = CARTESIAN_POINT ( 'NONE',  ( 0.06250000000000000000, 0.07699999999999999900, 0.09089999999999999469 ) ) ;
#1474 = CARTESIAN_POINT ( 'NONE',  ( 0.05440000000000000391, 0.05210000000000000048, 0.05190000000000000169 ) ) ;
#1475 = CARTESIAN_POINT ( 'NONE',  ( -0.05460000000000000270, 0.06500000000000000222, 0.06840000000000000246 ) ) ;
#1476 = ADVANCED_FACE ( 'NONE', ( #1798, #1043 ), #751, .F. ) ;
#1477 = AXIS2_PLACEMENT_3D ( 'NONE', #549, #1140, #392 ) ;
#1478 = FACE_OUTER_BOUND ( 'NONE', #523, .T. ) ;
#1479 = ORIENTED_EDGE ( 'NONE', *, *, #1081, .F. ) ;
#1480 = AXIS2_PLACEMENT_3D ( 'NONE', #864, #1750, #1618 ) ;
#1481 = AXIS2_PLACEMENT_3D ( 'NONE', #495, #1898, #534 ) ;
#1482 = AXIS2_PLACEMENT_3D ( 'NONE', #390, #228, #1002 ) ;
#1483 = AXIS2_PLACEMENT_3D ( 'NONE', #383, #1460, #231 ) ;
#1484 = LINE ( 'NONE', #1326, #87 ) ;
#1485 = AXIS2_PLACEMENT_3D ( 'NONE', #1816, #1204, #447 ) ;
#1486 = DIRECTION ( 'NONE',  ( 0.000000000000000000, 1.000000000000000000, 0.000000000000000000 ) ) ;
#1487 = DIRECTION ( 'NONE',  ( 0.000000000000000000, 0.7071067811865480168, 0.7071067811865470176 ) ) ;
#1488 = ORIENTED_EDGE ( 'NONE', *, *, #1866, .F. ) ;
#1489 = FACE_OUTER_BOUND ( 'NONE', #567, .T. ) ;
#1490 = CARTESIAN_POINT ( 'NONE',  ( -0.04100000000000000172, 0.1170000000000000068, 0.05990000000000000185 ) ) ;
#1491 = ORIENTED_EDGE ( 'NONE', *, *, #621, .T. ) ;
#1492 = LINE ( 'NONE', #129, #1042 ) ;
#1493 = LINE ( 'NONE', #595, #524 ) ;
#1494 = EDGE_CURVE ( 'NONE', #932, #1238, #132, .T. ) ;
#1495 = LINE ( 'NONE', #149, #1107 ) ;
#1496 = PLANE ( 'NONE',  #458 ) ;
#1497 = DIRECTION ( 'NONE',  ( -1.000000000000000000, 0.000000000000000000, 0.000000000000000000 ) ) ;
#1498 = VERTEX_POINT ( 'NONE', #1959 ) ;
#1499 = ADVANCED_FACE ( 'NONE', ( #1949 ), #763, .T. ) ;
#1500 = DIRECTION ( 'NONE',  ( -1.850371707708589879E-16, 1.000000000000000000, 0.000000000000000000 ) ) ;
#1501 = EDGE_CURVE ( 'NONE', #1886, #58, #1056, .T. ) ;
#1502 = CARTESIAN_POINT ( 'NONE',  ( 0.05460000000000000270, 0.07499999999999999722, 0.08340000000000000191 ) ) ;
#1503 = FACE_BOUND ( 'NONE', #1728, .T. ) ;
#1504 = CARTESIAN_POINT ( 'NONE',  ( -0.04499999999999999833, 0.07499999999999999722, 0.05380000000000000060 ) ) ;
#1505 = ORIENTED_EDGE ( 'NONE', *, *, #1367, .F. ) ;
#1506 = AXIS2_PLACEMENT_3D ( 'NONE', #1080, #1101, #1698 ) ;
#1507 = VECTOR ( 'NONE', #467, 1.000000000000000000 ) ;
#1508 = VECTOR ( 'NONE', #1681, 1.000000000000000000 ) ;
#1509 = VECTOR ( 'NONE', #91, 1.000000000000000000 ) ;
#1510 = CYLINDRICAL_SURFACE ( 'NONE', #1674, 0.009599999999999997424 ) ;
#1511 = ORIENTED_EDGE ( 'NONE', *, *, #742, .T. ) ;
#1512 = AXIS2_PLACEMENT_3D ( 'NONE', #429, #1947, #1932 ) ;
#1513 = CIRCLE ( 'NONE', #1861, 0.002099999999999997702 ) ;
#1514 = ADVANCED_FACE ( 'NONE', ( #1362 ), #604, .T. ) ;
#1515 = CIRCLE ( 'NONE', #121, 0.002100000000000004641 ) ;
#1516 = DIRECTION ( 'NONE',  ( 0.000000000000000000, 0.000000000000000000, -1.000000000000000000 ) ) ;
#1517 = DIRECTION ( 'NONE',  ( 0.000000000000000000, 0.000000000000000000, -1.000000000000000000 ) ) ;
#1518 = EDGE_CURVE ( 'NONE', #398, #177, #1411, .T. ) ;
#1519 = FACE_OUTER_BOUND ( 'NONE', #180, .T. ) ;
#1520 = EDGE_LOOP ( 'NONE', ( #193, #51, #473, #1333 ) ) ;
#1521 = PERSON_AND_ORGANIZATION_ROLE ( 'design_owner' ) ;
#1522 = EDGE_LOOP ( 'NONE', ( #55, #1250 ) ) ;
#1523 = CARTESIAN_POINT ( 'NONE',  ( -2.164934898019049781E-17, 0.1170000000000000068, 0.08290000000000000147 ) ) ;
#1524 = ORIENTED_EDGE ( 'NONE', *, *, #48, .F. ) ;
#1525 = EDGE_CURVE ( 'NONE', #1593, #391, #779, .T. ) ;
#1526 = CARTESIAN_POINT ( 'NONE',  ( -0.01089999999999999997, 0.09199999999999999845, 0.07140000000000000513 ) ) ;
#1527 = LINE ( 'NONE', #1072, #337 ) ;
#1528 = CALENDAR_DATE ( 2025, 3, 5 ) ;
#1529 = ORIENTED_EDGE ( 'NONE', *, *, #1369, .T. ) ;
#1530 = DIRECTION ( 'NONE',  ( 0.000000000000000000, 1.000000000000000000, 0.000000000000000000 ) ) ;
#1531 = VERTEX_POINT ( 'NONE', #624 ) ;
#1532 = DIRECTION ( 'NONE',  ( -1.000000000000000000, 0.000000000000000000, 0.000000000000000000 ) ) ;
#1533 = EDGE_LOOP ( 'NONE', ( #1144, #326, #1837, #1456, #863, #1715 ) ) ;
#1534 = DIRECTION ( 'NONE',  ( -1.850371707708589879E-16, 1.000000000000000000, 0.000000000000000000 ) ) ;
#1535 = EDGE_CURVE ( 'NONE', #342, #1885, #1078, .T. ) ;
#1536 = ORIENTED_EDGE ( 'NONE', *, *, #445, .F. ) ;
#1537 = VECTOR ( 'NONE', #795, 1.000000000000000000 ) ;
#1538 = PERSON_AND_ORGANIZATION_ROLE ( 'design_supplier' ) ;
#1539 = ORIENTED_EDGE ( 'NONE', *, *, #961, .F. ) ;
#1540 = DIRECTION ( 'NONE',  ( 1.850371707708589879E-16, -1.000000000000000000, 0.000000000000000000 ) ) ;
#1541 = ORIENTED_EDGE ( 'NONE', *, *, #316, .T. ) ;
#1542 = VECTOR ( 'NONE', #873, 1.000000000000000000 ) ;
#1543 = LINE ( 'NONE', #964, #850 ) ;
#1544 = LINE ( 'NONE', #1873, #907 ) ;
#1545 = VERTEX_POINT ( 'NONE', #812 ) ;
#1546 = CARTESIAN_POINT ( 'NONE',  ( -0.05650000000000000161, 0.07599999999999999811, 0.05399999999999999939 ) ) ;
#1547 = VERTEX_POINT ( 'NONE', #612 ) ;
#1548 = EDGE_CURVE ( 'NONE', #1453, #676, #1805, .T. ) ;
#1549 = CALENDAR_DATE ( 2025, 3, 5 ) ;
#1550 = VERTEX_POINT ( 'NONE', #1401 ) ;
#1551 = DIRECTION ( 'NONE',  ( -1.850371707708589879E-16, 1.000000000000000000, 0.000000000000000000 ) ) ;
#1552 = ORIENTED_EDGE ( 'NONE', *, *, #1680, .F. ) ;
#1553 = CARTESIAN_POINT ( 'NONE',  ( -0.04499999999999999833, 0.1130000000000000032, 0.07340000000000000691 ) ) ;
#1554 = DIRECTION ( 'NONE',  ( 1.850371707708589879E-16, -1.000000000000000000, 0.000000000000000000 ) ) ;
#1555 = CARTESIAN_POINT ( 'NONE',  ( 0.01909999999999999892, 0.1170000000000000068, 0.07140000000000000513 ) ) ;
#1556 = ORIENTED_EDGE ( 'NONE', *, *, #789, .F. ) ;
#1557 = CARTESIAN_POINT ( 'NONE',  ( -0.05650000000000000161, 0.07599999999999999811, 0.09700000000000000289 ) ) ;
#1558 =( NAMED_UNIT ( * ) PLANE_ANGLE_UNIT ( ) SI_UNIT ( $, .RADIAN. ) );
#1559 = ORIENTED_EDGE ( 'NONE', *, *, #1264, .F. ) ;
#1560 = EDGE_CURVE ( 'NONE', #676, #930, #43, .T. ) ;
#1561 = CARTESIAN_POINT ( 'NONE',  ( -0.001999999999999960143, 0.09450000000000000067, 0.08690000000000000502 ) ) ;
#1562 = ORIENTED_EDGE ( 'NONE', *, *, #1055, .T. ) ;
#1563 = CARTESIAN_POINT ( 'NONE',  ( -0.05500000000000000028, 0.07699999999999999900, 0.08690000000000000502 ) ) ;
#1564 = DIRECTION ( 'NONE',  ( 0.000000000000000000, 0.000000000000000000, 1.000000000000000000 ) ) ;
#1565 = VERTEX_POINT ( 'NONE', #916 ) ;
#1566 = PLANE ( 'NONE',  #1073 ) ;
#1567 = ORIENTED_EDGE ( 'NONE', *, *, #1219, .F. ) ;
#1568 = ORIENTED_EDGE ( 'NONE', *, *, #1851, .F. ) ;
#1569 = VECTOR ( 'NONE', #1345, 1.000000000000000000 ) ;
#1570 = AXIS2_PLACEMENT_3D ( 'NONE', #837, #1276, #223 ) ;
#1571 = DIRECTION ( 'NONE',  ( 1.850371707708589879E-16, -1.000000000000000000, 0.000000000000000000 ) ) ;
#1572 = ORIENTED_EDGE ( 'NONE', *, *, #1594, .F. ) ;
#1573 = LINE ( 'NONE', #215, #521 ) ;
#1574 = VECTOR ( 'NONE', #307, 1.000000000000000000 ) ;
#1575 = CIRCLE ( 'NONE', #755, 0.002099999999999997702 ) ;
#1576 = CARTESIAN_POINT ( 'NONE',  ( -2.053912595556540191E-17, 0.1130000000000000032, 0.05589999999999999830 ) ) ;
#1577 = EDGE_CURVE ( 'NONE', #391, #30, #508, .T. ) ;
#1578 = CARTESIAN_POINT ( 'NONE',  ( 0.05460000000000000270, 0.07499999999999999722, 0.06339999999999999802 ) ) ;
#1579 = PRODUCT_DEFINITION_FORMATION_WITH_SPECIFIED_SOURCE ( 'ANY', '', #301, .NOT_KNOWN. ) ;
#1580 = VECTOR ( 'NONE', #1666, 1.000000000000000000 ) ;
#1581 = VECTOR ( 'NONE', #1534, 1.000000000000000000 ) ;
#1582 = EDGE_LOOP ( 'NONE', ( #1556, #278, #1386, #1678, #1097 ) ) ;
#1583 = ADVANCED_FACE ( 'NONE', ( #24 ), #1859, .T. ) ;
#1584 = ORIENTED_EDGE ( 'NONE', *, *, #832, .F. ) ;
#1585 = CARTESIAN_POINT ( 'NONE',  ( -0.04499999999999999833, 0.08699999999999999400, 0.08690000000000000502 ) ) ;
#1586 = ORIENTED_EDGE ( 'NONE', *, *, #1055, .F. ) ;
#1587 = PLANE ( 'NONE',  #139 ) ;
#1588 = VECTOR ( 'NONE', #675, 1.000000000000000000 ) ;
#1589 = VECTOR ( 'NONE', #424, 1.000000000000000000 ) ;
#1590 = CARTESIAN_POINT ( 'NONE',  ( 0.04499999999999999833, 0.1019999999999999934, 0.07340000000000000691 ) ) ;
#1591 = DIRECTION ( 'NONE',  ( -1.000000000000000000, -1.850371707708589879E-16, 0.000000000000000000 ) ) ;
#1592 = EDGE_CURVE ( 'NONE', #1104, #1824, #349, .T. ) ;
#1593 = VERTEX_POINT ( 'NONE', #302 ) ;
#1594 = EDGE_CURVE ( 'NONE', #1003, #981, #962, .T. ) ;
#1595 = APPROVAL_ROLE ( '' ) ;
#1596 = ORIENTED_EDGE ( 'NONE', *, *, #422, .F. ) ;
#1597 = CARTESIAN_POINT ( 'NONE',  ( 0.05859999999999999931, 0.07599999999999999811, 0.09489999999999999825 ) ) ;
#1598 = ORIENTED_EDGE ( 'NONE', *, *, #1638, .T. ) ;
#1599 = DIRECTION ( 'NONE',  ( -1.850371707708589879E-16, 1.000000000000000000, 0.000000000000000000 ) ) ;
#1600 = CARTESIAN_POINT ( 'NONE',  ( -0.04100000000000000172, 0.1170000000000000068, 0.08290000000000000147 ) ) ;
#1601 = DIRECTION ( 'NONE',  ( -1.850371707708589879E-16, 1.000000000000000000, 0.000000000000000000 ) ) ;
#1602 = CARTESIAN_POINT ( 'NONE',  ( -1.202741610010589991E-17, 0.06500000000000000222, 0.05380000000000000060 ) ) ;
#1603 = ORIENTED_EDGE ( 'NONE', *, *, #1548, .F. ) ;
#1604 = EDGE_CURVE ( 'NONE', #705, #204, #207, .T. ) ;
#1605 = VERTEX_POINT ( 'NONE', #633 ) ;
#1606 = EDGE_CURVE ( 'NONE', #1938, #1545, #189, .T. ) ;
#1607 = DIRECTION ( 'NONE',  ( -1.850371707708589879E-16, 1.000000000000000000, 0.000000000000000000 ) ) ;
#1608 = ORIENTED_EDGE ( 'NONE', *, *, #1060, .T. ) ;
#1609 = CARTESIAN_POINT ( 'NONE',  ( -2.026157019940910021E-17, 0.1095000000000000001, 0.07340000000000000691 ) ) ;
#1610 = AXIS2_PLACEMENT_3D ( 'NONE', #950, #1393, #156 ) ;
#1611 = CARTESIAN_POINT ( 'NONE',  ( -0.06250000000000000000, 0.07699999999999999900, 0.09089999999999999469 ) ) ;
#1612 = CARTESIAN_POINT ( 'NONE',  ( 0.04499999999999999833, 0.1130000000000000032, 0.08690000000000000502 ) ) ;
#1613 = FACE_OUTER_BOUND ( 'NONE', #1520, .T. ) ;
#1614 = VERTEX_POINT ( 'NONE', #660 ) ;
#1615 = CONICAL_SURFACE ( 'NONE', #463, 0.002100000000000004641, 0.7853981633974476129 ) ;
#1616 = CIRCLE ( 'NONE', #21, 0.01000000000000000194 ) ;
#1617 = DIRECTION ( 'NONE',  ( 1.850371707708589879E-16, -1.000000000000000000, 0.000000000000000000 ) ) ;
#1618 = DIRECTION ( 'NONE',  ( -1.850371707708589879E-16, 1.000000000000000000, 0.000000000000000000 ) ) ;
#1619 = EDGE_CURVE ( 'NONE', #1665, #1363, #1267, .T. ) ;
#1620 = PLANE ( 'NONE',  #1061 ) ;
#1621 = DIRECTION ( 'NONE',  ( -1.850371707708589879E-16, 1.000000000000000000, 0.000000000000000000 ) ) ;
#1622 = CARTESIAN_POINT ( 'NONE',  ( -1.434038073474159751E-17, 0.07950000000000000122, 0.05589999999999999830 ) ) ;
#1623 = ORIENTED_EDGE ( 'NONE', *, *, #1661, .T. ) ;
#1624 = PLANE ( 'NONE',  #498 ) ;
#1625 = CARTESIAN_POINT ( 'NONE',  ( -0.001999999999999960143, 0.09450000000000000067, 0.05589999999999999830 ) ) ;
#1626 = ADVANCED_FACE ( 'NONE', ( #1221 ), #1677, .T. ) ;
#1627 = FACE_BOUND ( 'NONE', #1079, .T. ) ;
#1628 = DIRECTION ( 'NONE',  ( 1.850371707708589879E-16, -1.000000000000000000, 0.000000000000000000 ) ) ;
#1629 = EDGE_CURVE ( 'NONE', #1246, #1946, #560, .T. ) ;
#1630 = CARTESIAN_POINT ( 'NONE',  ( 0.03783333333333339932, 0.1201666666666670047, 0.07973333333333329498 ) ) ;
#1631 = ORIENTED_EDGE ( 'NONE', *, *, #910, .T. ) ;
#1632 = CARTESIAN_POINT ( 'NONE',  ( -0.05650000000000000161, 0.07699999999999999900, 0.05500000000000000028 ) ) ;
#1633 = CARTESIAN_POINT ( 'NONE',  ( 0.05650000000000000161, 0.07599999999999999811, 0.05190000000000000169 ) ) ;
#1634 = CARTESIAN_POINT ( 'NONE',  ( 0.05650000000000000161, 0.07699999999999999900, 0.09489999999999999825 ) ) ;
#1635 = ORIENTED_EDGE ( 'NONE', *, *, #1045, .F. ) ;
#1636 = LINE ( 'NONE', #572, #472 ) ;
#1637 = AXIS2_PLACEMENT_3D ( 'NONE', #919, #781, #478 ) ;
#1638 = EDGE_CURVE ( 'NONE', #1830, #940, #1256, .T. ) ;
#1639 = EDGE_CURVE ( 'NONE', #1253, #678, #112, .T. ) ;
#1640 = CARTESIAN_POINT ( 'NONE',  ( -0.06250000000000000000, 0.07699999999999999900, 0.05589999999999999830 ) ) ;
#1641 = ORIENTED_EDGE ( 'NONE', *, *, #765, .T. ) ;
#1642 = AXIS2_PLACEMENT_3D ( 'NONE', #1880, #1607, #845 ) ;
#1643 = VECTOR ( 'NONE', #259, 1.000000000000000000 ) ;
#1644 = EDGE_CURVE ( 'NONE', #930, #1154, #34, .T. ) ;
#1645 = LINE ( 'NONE', #1033, #410 ) ;
#1646 = VECTOR ( 'NONE', #122, 1.000000000000000000 ) ;
#1647 = CARTESIAN_POINT ( 'NONE',  ( 0.04100000000000000172, 0.1170000000000000068, 0.05589999999999999830 ) ) ;
#1648 = CARTESIAN_POINT ( 'NONE',  ( -2.026157019940910021E-17, 0.1095000000000000001, 0.07340000000000000691 ) ) ;
#1649 = FACE_OUTER_BOUND ( 'NONE', #353, .T. ) ;
#1650 = CARTESIAN_POINT ( 'NONE',  ( -0.01089999999999999997, 0.1170000000000000068, 0.07140000000000000513 ) ) ;
#1651 = EDGE_LOOP ( 'NONE', ( #1813, #1730, #836, #966 ) ) ;
#1652 = EDGE_CURVE ( 'NONE', #1565, #913, #1708, .T. ) ;
#1653 = EDGE_CURVE ( 'NONE', #645, #30, #1139, .T. ) ;
#1654 = DIRECTION ( 'NONE',  ( -1.850371707708589879E-16, 1.000000000000000000, 0.000000000000000000 ) ) ;
#1655 = VERTEX_POINT ( 'NONE', #212 ) ;
#1656 = CARTESIAN_POINT ( 'NONE',  ( -0.05460000000000000270, 0.06500000000000000222, 0.08340000000000000191 ) ) ;
#1657 = EDGE_LOOP ( 'NONE', ( #1420, #951, #1488, #1449 ) ) ;
#1658 = CARTESIAN_POINT ( 'NONE',  ( 0.05440000000000000391, 0.07599999999999999811, 0.05190000000000000169 ) ) ;
#1659 = CARTESIAN_POINT ( 'NONE',  ( 0.05650000000000000161, 0.07599999999999999811, 0.09489999999999999825 ) ) ;
#1660 = ORIENTED_EDGE ( 'NONE', *, *, #957, .T. ) ;
#1661 = EDGE_CURVE ( 'NONE', #811, #857, #80, .T. ) ;
#1662 = EDGE_CURVE ( 'NONE', #1000, #1917, #537, .T. ) ;
#1663 = CC_DESIGN_PERSON_AND_ORGANIZATION_ASSIGNMENT ( #1672, #320, ( #1579 ) ) ;
#1664 = DIRECTION ( 'NONE',  ( -1.850371707708589879E-16, 1.000000000000000000, 0.000000000000000000 ) ) ;
#1665 = VERTEX_POINT ( 'NONE', #221 ) ;
#1666 = DIRECTION ( 'NONE',  ( 0.5773502691896271743, 0.5773502691896251759, -0.5773502691896251759 ) ) ;
#1667 = DIRECTION ( 'NONE',  ( 0.000000000000000000, 0.000000000000000000, -1.000000000000000000 ) ) ;
#1668 = CARTESIAN_POINT ( 'NONE',  ( -0.03916666666666669683, 0.1188333333333329994, 0.06173333333333329981 ) ) ;
#1669 = ORIENTED_EDGE ( 'NONE', *, *, #1756, .F. ) ;
#1670 = AXIS2_PLACEMENT_3D ( 'NONE', #993, #528, #93 ) ;
#1671 = AXIS2_PLACEMENT_3D ( 'NONE', #1765, #395, #1332 ) ;
#1672 = PERSON_AND_ORGANIZATION ( #1936, #462 ) ;
#1673 = VERTEX_POINT ( 'NONE', #515 ) ;
#1674 = AXIS2_PLACEMENT_3D ( 'NONE', #748, #1664, #287 ) ;
#1675 = ADVANCED_FACE ( 'NONE', ( #1129 ), #247, .F. ) ;
#1676 = VECTOR ( 'NONE', #818, 1.000000000000000000 ) ;
#1677 = PLANE ( 'NONE',  #1323 ) ;
#1678 = ORIENTED_EDGE ( 'NONE', *, *, #261, .T. ) ;
#1679 = CARTESIAN_POINT ( 'NONE',  ( -0.05650000000000000161, 0.05210000000000000048, 0.05190000000000000169 ) ) ;
#1680 = EDGE_CURVE ( 'NONE', #1655, #1363, #238, .T. ) ;
#1681 = DIRECTION ( 'NONE',  ( 8.659560562354926695E-17, 0.7071067811865480168, -0.7071067811865470176 ) ) ;
#1682 = ORIENTED_EDGE ( 'NONE', *, *, #188, .T. ) ;
#1683 = CARTESIAN_POINT ( 'NONE',  ( 0.05650000000000000161, 0.07499999999999999722, 0.05190000000000000169 ) ) ;
#1684 = CIRCLE ( 'NONE', #1334, 0.002099999999999997702 ) ;
#1685 = DIRECTION ( 'NONE',  ( 0.000000000000000000, 0.000000000000000000, 1.000000000000000000 ) ) ;
#1686 = ORIENTED_EDGE ( 'NONE', *, *, #1933, .T. ) ;
#1687 = CARTESIAN_POINT ( 'NONE',  ( 0.002000000000000039940, 0.09450000000000000067, 0.08690000000000000502 ) ) ;
#1688 = ORIENTED_EDGE ( 'NONE', *, *, #1535, .T. ) ;
#1689 = ADVANCED_FACE ( 'NONE', ( #1122 ), #820, .F. ) ;
#1690 = DIRECTION ( 'NONE',  ( -1.850371707708589879E-16, 1.000000000000000000, 0.000000000000000000 ) ) ;
#1691 = DIRECTION ( 'NONE',  ( 1.850371707708589879E-16, -1.000000000000000000, 0.000000000000000000 ) ) ;
#1692 = LINE ( 'NONE', #665, #982 ) ;
#1693 = EDGE_LOOP ( 'NONE', ( #1742, #1881, #1280, #1431, #35 ) ) ;
#1694 = DATE_AND_TIME ( #1230, #786 ) ;
#1695 = ORIENTED_EDGE ( 'NONE', *, *, #898, .F. ) ;
#1696 = CARTESIAN_POINT ( 'NONE',  ( 0.05650000000000000161, 0.07699999999999999900, 0.05190000000000000169 ) ) ;
#1697 = VERTEX_POINT ( 'NONE', #368 ) ;
#1698 = DIRECTION ( 'NONE',  ( -1.000000000000000000, 0.000000000000000000, 0.000000000000000000 ) ) ;
#1699 = DIRECTION ( 'NONE',  ( -1.850371707708589879E-16, 1.000000000000000000, 0.000000000000000000 ) ) ;
#1700 = ORIENTED_EDGE ( 'NONE', *, *, #986, .F. ) ;
#1701 = DIRECTION ( 'NONE',  ( 1.000000000000000000, 0.000000000000000000, 0.000000000000000000 ) ) ;
#1702 = VERTEX_POINT ( 'NONE', #1597 ) ;
#1703 = VECTOR ( 'NONE', #936, 1.000000000000000000 ) ;
#1704 = EDGE_CURVE ( 'NONE', #1655, #1, #1955, .T. ) ;
#1705 = AXIS2_PLACEMENT_3D ( 'NONE', #566, #1175, #1787 ) ;
#1706 = APPLICATION_PROTOCOL_DEFINITION ( 'international standard', 'config_control_design', 1994, #949 ) ;
#1707 = VERTEX_POINT ( 'NONE', #1455 ) ;
#1708 = CIRCLE ( 'NONE', #1642, 0.004099999999999999478 ) ;
#1709 = CIRCLE ( 'NONE', #688, 0.002100000000000004641 ) ;
#1710 = DIRECTION ( 'NONE',  ( 0.000000000000000000, 0.000000000000000000, 1.000000000000000000 ) ) ;
#1711 = ORIENTED_EDGE ( 'NONE', *, *, #1829, .T. ) ;
#1712 = VECTOR ( 'NONE', #1035, 1.000000000000000000 ) ;
#1713 = CIRCLE ( 'NONE', #619, 0.01000000000000000194 ) ;
#1714 = DIRECTION ( 'NONE',  ( 0.000000000000000000, 0.000000000000000000, -1.000000000000000000 ) ) ;
#1715 = ORIENTED_EDGE ( 'NONE', *, *, #399, .T. ) ;
#1716 = DIRECTION ( 'NONE',  ( 1.000000000000000000, 1.850371707708589879E-16, 0.000000000000000000 ) ) ;
#1717 = VECTOR ( 'NONE', #1142, 1.000000000000000000 ) ;
#1718 = ORIENTED_EDGE ( 'NONE', *, *, #1604, .T. ) ;
#1719 = EDGE_CURVE ( 'NONE', #1917, #641, #983, .T. ) ;
#1720 = DIRECTION ( 'NONE',  ( 0.000000000000000000, 0.000000000000000000, -1.000000000000000000 ) ) ;
#1721 = APPROVAL_STATUS ( 'not_yet_approved' ) ;
#1722 = ORIENTED_EDGE ( 'NONE', *, *, #717, .F. ) ;
#1723 = AXIS2_PLACEMENT_3D ( 'NONE', #268, #448, #886 ) ;
#1724 = CARTESIAN_POINT ( 'NONE',  ( 0.05500000000000000028, 0.07699999999999999900, 0.07340000000000000691 ) ) ;
#1725 = ORIENTED_EDGE ( 'NONE', *, *, #1577, .F. ) ;
#1726 = CARTESIAN_POINT ( 'NONE',  ( -1.387778780781449990E-17, 0.07499999999999999722, 0.05380000000000000060 ) ) ;
#1727 = CARTESIAN_POINT ( 'NONE',  ( -0.04499999999999999833, 0.06500000000000000222, 0.05380000000000000060 ) ) ;
#1728 = EDGE_LOOP ( 'NONE', ( #1660, #1572, #877, #11 ) ) ;
#1729 = CARTESIAN_POINT ( 'NONE',  ( -0.05500000000000000028, 0.08699999999999999400, 0.07340000000000000691 ) ) ;
#1730 = ORIENTED_EDGE ( 'NONE', *, *, #640, .T. ) ;
#1731 = EDGE_LOOP ( 'NONE', ( #1023, #42, #303, #1378 ) ) ;
#1732 = EDGE_CURVE ( 'NONE', #808, #229, #615, .T. ) ;
#1733 = DIRECTION ( 'NONE',  ( -1.000000000000000000, 0.000000000000000000, 0.000000000000000000 ) ) ;
#1734 = LINE ( 'NONE', #360, #1377 ) ;
#1735 = CARTESIAN_POINT ( 'NONE',  ( 0.05440000000000000391, 0.07499999999999999722, 0.05190000000000000169 ) ) ;
#1736 = DIRECTION ( 'NONE',  ( 0.000000000000000000, 0.000000000000000000, 1.000000000000000000 ) ) ;
#1737 = EDGE_LOOP ( 'NONE', ( #513, #153, #1505, #348 ) ) ;
#1738 = CALENDAR_DATE ( 2025, 3, 5 ) ;
#1739 = VERTEX_POINT ( 'NONE', #835 ) ;
#1740 = VECTOR ( 'NONE', #1395, 1.000000000000000000 ) ;
#1741 = DIRECTION ( 'NONE',  ( 1.000000000000000000, 1.850371707708589879E-16, -1.321694076934709909E-16 ) ) ;
#1742 = ORIENTED_EDGE ( 'NONE', *, *, #150, .F. ) ;
#1743 = CARTESIAN_POINT ( 'NONE',  ( -2.026157019940910021E-17, 0.1095000000000000001, 0.08690000000000000502 ) ) ;
#1744 = AXIS2_PLACEMENT_3D ( 'NONE', #637, #1699, #1532 ) ;
#1745 = DIRECTION ( 'NONE',  ( -1.000000000000000000, -1.850371707708589879E-16, 0.000000000000000000 ) ) ;
#1746 = DIRECTION ( 'NONE',  ( -1.000000000000000000, 0.000000000000000000, 0.000000000000000000 ) ) ;
#1747 = CIRCLE ( 'NONE', #376, 0.01000000000000000194 ) ;
#1748 = ORIENTED_EDGE ( 'NONE', *, *, #1458, .F. ) ;
#1749 = EDGE_LOOP ( 'NONE', ( #1695, #1725, #1559, #843 ) ) ;
#1750 = DIRECTION ( 'NONE',  ( 1.000000000000000000, 1.850371707708589879E-16, 0.000000000000000000 ) ) ;
#1751 = ORIENTED_EDGE ( 'NONE', *, *, #397, .T. ) ;
#1752 = CARTESIAN_POINT ( 'NONE',  ( 0.05859999999999999931, 0.05210000000000000048, 0.05190000000000000169 ) ) ;
#1753 = ADVANCED_FACE ( 'NONE', ( #970 ), #694, .T. ) ;
#1754 = PLANE ( 'NONE',  #1483 ) ;
#1755 = CARTESIAN_POINT ( 'NONE',  ( 0.04499999999999999833, 0.08699999999999999400, 0.08690000000000000502 ) ) ;
#1756 = EDGE_CURVE ( 'NONE', #1531, #1614, #1432, .T. ) ;
#1757 = DIRECTION ( 'NONE',  ( 1.000000000000000000, 0.000000000000000000, 1.541976423090489963E-16 ) ) ;
#1758 = ORIENTED_EDGE ( 'NONE', *, *, #1272, .T. ) ;
#1759 = ORIENTED_EDGE ( 'NONE', *, *, #399, .F. ) ;
#1760 = CARTESIAN_POINT ( 'NONE',  ( -0.05650000000000000161, 0.07599999999999999811, 0.04980000000000000399 ) ) ;
#1761 = ORIENTED_EDGE ( 'NONE', *, *, #1415, .F. ) ;
#1762 = DIRECTION ( 'NONE',  ( -1.850371707708589879E-16, 1.000000000000000000, 0.000000000000000000 ) ) ;
#1763 = FACE_OUTER_BOUND ( 'NONE', #377, .T. ) ;
#1764 = CARTESIAN_POINT ( 'NONE',  ( 0.05460000000000000270, 0.06500000000000000222, 0.08340000000000000191 ) ) ;
#1765 = CARTESIAN_POINT ( 'NONE',  ( 0.05249999999999999806, 0.07699999999999999900, 0.09089999999999999469 ) ) ;
#1766 = ORIENTED_EDGE ( 'NONE', *, *, #1189, .T. ) ;
#1767 = EDGE_CURVE ( 'NONE', #548, #483, #1156, .T. ) ;
#1768 = DIRECTION ( 'NONE',  ( -1.000000000000000000, 0.000000000000000000, 0.000000000000000000 ) ) ;
#1769 = ADVANCED_FACE ( 'NONE', ( #1305 ), #1901, .F. ) ;
#1770 = DIRECTION ( 'NONE',  ( 0.000000000000000000, 0.000000000000000000, -1.000000000000000000 ) ) ;
#1771 = ORIENTED_EDGE ( 'NONE', *, *, #1814, .F. ) ;
#1772 = CARTESIAN_POINT ( 'NONE',  ( -0.05650000000000000161, 0.05210000000000000048, 0.05190000000000000169 ) ) ;
#1773 = CIRCLE ( 'NONE', #1412, 0.004099999999999999478 ) ;
#1774 = FACE_OUTER_BOUND ( 'NONE', #321, .T. ) ;
#1775 = VECTOR ( 'NONE', #1916, 1.000000000000000000 ) ;
#1776 = CARTESIAN_POINT ( 'NONE',  ( -0.03250000000000000111, 0.1019999999999999934, 0.08690000000000000502 ) ) ;
#1777 = CARTESIAN_POINT ( 'NONE',  ( -0.06250000000000000000, 0.07499999999999999722, 0.07340000000000000691 ) ) ;
#1778 = EDGE_LOOP ( 'NONE', ( #20, #187 ) ) ;
#1779 = LOCAL_TIME ( 17, 5, 11.00000000000000000, #790 ) ;
#1780 = CIRCLE ( 'NONE', #120, 0.01000000000000000194 ) ;
#1781 = EDGE_CURVE ( 'NONE', #174, #40, #1575, .T. ) ;
#1782 = CARTESIAN_POINT ( 'NONE',  ( 0.05249999999999999806, 0.07699999999999999900, 0.1009000000000000036 ) ) ;
#1783 = AXIS2_PLACEMENT_3D ( 'NONE', #1865, #1628, #988 ) ;
#1784 = DIRECTION ( 'NONE',  ( 1.850371707708589879E-16, -1.000000000000000000, 0.000000000000000000 ) ) ;
#1785 = CARTESIAN_POINT ( 'NONE',  ( -0.01499999999999999944, 0.09199999999999999845, 0.07140000000000000513 ) ) ;
#1786 = DIRECTION ( 'NONE',  ( -1.000000000000000000, 0.000000000000000000, 0.000000000000000000 ) ) ;
#1787 = DIRECTION ( 'NONE',  ( -1.000000000000000000, 0.000000000000000000, 0.000000000000000000 ) ) ;
#1788 = ORIENTED_EDGE ( 'NONE', *, *, #188, .F. ) ;
#1789 = CARTESIAN_POINT ( 'NONE',  ( -0.05650000000000000161, 0.07599999999999999811, 0.09489999999999999825 ) ) ;
#1790 = CARTESIAN_POINT ( 'NONE',  ( -0.03250000000000000111, 0.07950000000000000122, 0.05589999999999999830 ) ) ;
#1791 = EDGE_CURVE ( 'NONE', #1605, #1545, #1281, .T. ) ;
#1792 = DIRECTION ( 'NONE',  ( -1.000000000000000000, 0.000000000000000000, 0.000000000000000000 ) ) ;
#1793 = DIRECTION ( 'NONE',  ( 0.000000000000000000, 0.000000000000000000, -1.000000000000000000 ) ) ;
#1794 = DIRECTION ( 'NONE',  ( -1.850371707708589879E-16, 1.000000000000000000, 0.000000000000000000 ) ) ;
#1795 = ORIENTED_EDGE ( 'NONE', *, *, #128, .T. ) ;
#1796 = DIRECTION ( 'NONE',  ( -1.000000000000000000, 0.000000000000000000, 0.000000000000000000 ) ) ;
#1797 = CARTESIAN_POINT ( 'NONE',  ( -0.001999999999999960143, 0.1095000000000000001, 0.08690000000000000502 ) ) ;
#1798 = FACE_OUTER_BOUND ( 'NONE', #1275, .T. ) ;
#1799 = LINE ( 'NONE', #1339, #400 ) ;
#1800 = AXIS2_PLACEMENT_3D ( 'NONE', #996, #117, #728 ) ;
#1801 = DIRECTION ( 'NONE',  ( 1.000000000000000000, 1.850371707708589879E-16, 0.000000000000000000 ) ) ;
#1802 = ORIENTED_EDGE ( 'NONE', *, *, #774, .T. ) ;
#1803 = AXIS2_PLACEMENT_3D ( 'NONE', #475, #1530, #1089 ) ;
#1804 = CIRCLE ( 'NONE', #1380, 0.01000000000000000194 ) ;
#1805 = CIRCLE ( 'NONE', #943, 0.009599999999999997424 ) ;
#1806 = CARTESIAN_POINT ( 'NONE',  ( -2.053912595556540191E-17, 0.1130000000000000032, 0.05589999999999999830 ) ) ;
#1807 = CARTESIAN_POINT ( 'NONE',  ( 0.05249999999999999806, 0.07699999999999999900, 0.05589999999999999830 ) ) ;
#1808 = EDGE_LOOP ( 'NONE', ( #1682, #827 ) ) ;
#1809 = LINE ( 'NONE', #431, #1014 ) ;
#1810 = CARTESIAN_POINT ( 'NONE',  ( -0.05650000000000000161, 0.07499999999999999722, 0.05190000000000000169 ) ) ;
#1811 = EDGE_CURVE ( 'NONE', #1361, #1655, #1911, .T. ) ;
#1812 = LINE ( 'NONE', #573, #402 ) ;
#1813 = ORIENTED_EDGE ( 'NONE', *, *, #1369, .F. ) ;
#1814 = EDGE_CURVE ( 'NONE', #339, #1531, #1136, .T. ) ;
#1815 = CARTESIAN_POINT ( 'NONE',  ( 0.05460000000000000270, 0.06500000000000000222, 0.06339999999999999802 ) ) ;
#1816 = CARTESIAN_POINT ( 'NONE',  ( -1.471045507628329717E-17, 0.07950000000000000122, 0.07340000000000000691 ) ) ;
#1817 = CARTESIAN_POINT ( 'NONE',  ( 0.05440000000000000391, 0.07599999999999999811, 0.09489999999999999825 ) ) ;
#1818 = CARTESIAN_POINT ( 'NONE',  ( 0.03250000000000000111, 0.1095000000000000001, 0.07340000000000000691 ) ) ;
#1819 = ORIENTED_EDGE ( 'NONE', *, *, #1606, .T. ) ;
#1820 = CALENDAR_DATE ( 2025, 3, 5 ) ;
#1821 = EDGE_LOOP ( 'NONE', ( #44, #1349, #25, #1954, #512 ) ) ;
#1822 = ADVANCED_FACE ( 'NONE', ( #1025 ), #1510, .T. ) ;
#1823 = CARTESIAN_POINT ( 'NONE',  ( -0.05650000000000000161, 0.07499999999999999722, 0.09489999999999999825 ) ) ;
#1824 = VERTEX_POINT ( 'NONE', #733 ) ;
#1825 = CARTESIAN_POINT ( 'NONE',  ( 0.06250000000000000000, 0.07499999999999999722, 0.05589999999999999830 ) ) ;
#1826 = DIRECTION ( 'NONE',  ( -1.000000000000000000, 0.000000000000000000, 0.000000000000000000 ) ) ;
#1827 = EDGE_LOOP ( 'NONE', ( #695, #489, #664, #356, #610 ) ) ;
#1828 = CIRCLE ( 'NONE', #652, 0.004099999999999999478 ) ;
#1829 = EDGE_CURVE ( 'NONE', #777, #1605, #1351, .T. ) ;
#1830 = VERTEX_POINT ( 'NONE', #110 ) ;
#1831 = AXIS2_PLACEMENT_3D ( 'NONE', #1683, #309, #569 ) ;
#1832 = CARTESIAN_POINT ( 'NONE',  ( -0.05249999999999999806, 0.07499999999999999722, 0.09089999999999999469 ) ) ;
#1833 = CYLINDRICAL_SURFACE ( 'NONE', #1442, 0.002099999999999997702 ) ;
#1834 = VECTOR ( 'NONE', #1621, 1.000000000000000000 ) ;
#1835 = LINE ( 'NONE', #502, #295 ) ;
#1836 = DIRECTION ( 'NONE',  ( 0.000000000000000000, 0.000000000000000000, -1.000000000000000000 ) ) ;
#1837 = ORIENTED_EDGE ( 'NONE', *, *, #1219, .T. ) ;
#1838 = VECTOR ( 'NONE', #409, 1.000000000000000000 ) ;
#1839 = VECTOR ( 'NONE', #1793, 1.000000000000000000 ) ;
#1840 = PERSON_AND_ORGANIZATION ( #1936, #462 ) ;
#1841 = ORIENTED_EDGE ( 'NONE', *, *, #1594, .T. ) ;
#1842 = DIRECTION ( 'NONE',  ( 0.000000000000000000, -1.000000000000000000, 0.000000000000000000 ) ) ;
#1843 = ORIENTED_EDGE ( 'NONE', *, *, #1030, .T. ) ;
#1844 = PLANE ( 'NONE',  #1288 ) ;
#1845 = DIRECTION ( 'NONE',  ( -1.850371707708589879E-16, 1.000000000000000000, 0.000000000000000000 ) ) ;
#1846 = ORIENTED_EDGE ( 'NONE', *, *, #749, .F. ) ;
#1847 = PERSON_AND_ORGANIZATION ( #1936, #462 ) ;
#1848 = EDGE_LOOP ( 'NONE', ( #1093, #1631, #917, #623 ) ) ;
#1849 = CARTESIAN_POINT ( 'NONE',  ( 0.02249999999999999917, 0.07499999999999999722, 0.09299999999999999933 ) ) ;
#1850 = VERTEX_POINT ( 'NONE', #1179 ) ;
#1851 = EDGE_CURVE ( 'NONE', #1739, #803, #656, .T. ) ;
#1852 = FACE_OUTER_BOUND ( 'NONE', #788, .T. ) ;
#1853 = ORIENTED_EDGE ( 'NONE', *, *, #1915, .T. ) ;
#1854 = DIRECTION ( 'NONE',  ( 0.000000000000000000, 1.000000000000000000, 0.000000000000000000 ) ) ;
#1855 = ORIENTED_EDGE ( 'NONE', *, *, #1454, .T. ) ;
#1856 = VECTOR ( 'NONE', #912, 1.000000000000000000 ) ;
#1857 = DIRECTION ( 'NONE',  ( -1.000000000000000000, 0.000000000000000000, 0.000000000000000000 ) ) ;
#1858 = ORIENTED_EDGE ( 'NONE', *, *, #1501, .F. ) ;
#1859 = PLANE ( 'NONE',  #1451 ) ;
#1860 = ORIENTED_EDGE ( 'NONE', *, *, #140, .F. ) ;
#1861 = AXIS2_PLACEMENT_3D ( 'NONE', #1823, #1942, #282 ) ;
#1862 = VECTOR ( 'NONE', #830, 1.000000000000000000 ) ;
#1863 = LINE ( 'NONE', #470, #1165 ) ;
#1864 = ORIENTED_EDGE ( 'NONE', *, *, #742, .F. ) ;
#1865 = CARTESIAN_POINT ( 'NONE',  ( 0.05650000000000000161, 0.07699999999999999900, 0.05190000000000000169 ) ) ;
#1866 = EDGE_CURVE ( 'NONE', #58, #1665, #1804, .T. ) ;
#1867 = EDGE_LOOP ( 'NONE', ( #720, #481, #300, #198 ) ) ;
#1868 = ADVANCED_FACE ( 'NONE', ( #136, #131, #584 ), #872, .T. ) ;
#1869 = ORIENTED_EDGE ( 'NONE', *, *, #1629, .T. ) ;
#1870 = CARTESIAN_POINT ( 'NONE',  ( 0.05249999999999999806, 0.07699999999999999900, 0.04590000000000000330 ) ) ;
#1871 = EDGE_LOOP ( 'NONE', ( #628, #1711, #497, #363 ) ) ;
#1872 = CYLINDRICAL_SURFACE ( 'NONE', #1637, 0.01000000000000000194 ) ;
#1873 = CARTESIAN_POINT ( 'NONE',  ( 0.05650000000000000161, 0.07599999999999999811, 0.05399999999999999939 ) ) ;
#1874 = ORIENTED_EDGE ( 'NONE', *, *, #19, .T. ) ;
#1875 = DIRECTION ( 'NONE',  ( 0.000000000000000000, 1.000000000000000000, 0.000000000000000000 ) ) ;
#1876 = ORIENTED_EDGE ( 'NONE', *, *, #765, .F. ) ;
#1877 = DATE_AND_TIME ( #1738, #1220 ) ;
#1878 = ORIENTED_EDGE ( 'NONE', *, *, #425, .F. ) ;
#1879 = EDGE_CURVE ( 'NONE', #483, #1363, #942, .T. ) ;
#1880 = CARTESIAN_POINT ( 'NONE',  ( -0.01499999999999999944, 0.1095000000000000001, 0.07140000000000000513 ) ) ;
#1881 = ORIENTED_EDGE ( 'NONE', *, *, #1732, .F. ) ;
#1882 = DIRECTION ( 'NONE',  ( -1.000000000000000000, -1.850371707708589879E-16, 0.000000000000000000 ) ) ;
#1883 = DIRECTION ( 'NONE',  ( -1.982541115402059686E-16, -3.668437989309019682E-32, -1.000000000000000000 ) ) ;
#1884 = CARTESIAN_POINT ( 'NONE',  ( -0.05249999999999999806, 0.07699999999999999900, 0.09089999999999999469 ) ) ;
#1885 = VERTEX_POINT ( 'NONE', #1054 ) ;
#1886 = VERTEX_POINT ( 'NONE', #1473 ) ;
#1887 = VECTOR ( 'NONE', #371, 1.000000000000000000 ) ;
#1888 = EDGE_CURVE ( 'NONE', #1361, #1665, #1493, .T. ) ;
#1889 = VECTOR ( 'NONE', #76, 1.000000000000000000 ) ;
#1890 = DIRECTION ( 'NONE',  ( -1.850371707708589879E-16, 1.000000000000000000, 0.000000000000000000 ) ) ;
#1891 = ORIENTED_EDGE ( 'NONE', *, *, #480, .T. ) ;
#1892 = CYLINDRICAL_SURFACE ( 'NONE', #1670, 0.004099999999999999478 ) ;
#1893 = VECTOR ( 'NONE', #403, 1.000000000000000000 ) ;
#1894 = AXIS2_PLACEMENT_3D ( 'NONE', #685, #1289, #869 ) ;
#1895 = CARTESIAN_POINT ( 'NONE',  ( -0.01499999999999999944, 0.1095000000000000001, 0.07140000000000000513 ) ) ;
#1896 = CARTESIAN_POINT ( 'NONE',  ( -0.05650000000000000161, 0.07599999999999999811, 0.09279999999999999361 ) ) ;
#1897 = VECTOR ( 'NONE', #1617, 1.000000000000000000 ) ;
#1898 = DIRECTION ( 'NONE',  ( -1.850371707708589879E-16, 1.000000000000000000, 0.000000000000000000 ) ) ;
#1899 = VERTEX_POINT ( 'NONE', #1815 ) ;
#1900 = ORIENTED_EDGE ( 'NONE', *, *, #692, .F. ) ;
#1901 = CYLINDRICAL_SURFACE ( 'NONE', #1482, 0.004099999999999999478 ) ;
#1902 = ORIENTED_EDGE ( 'NONE', *, *, #1215, .F. ) ;
#1903 = CARTESIAN_POINT ( 'NONE',  ( -0.001999999999999960143, 0.1095000000000000001, 0.05589999999999999830 ) ) ;
#1904 = FACE_OUTER_BOUND ( 'NONE', #769, .T. ) ;
#1905 = CARTESIAN_POINT ( 'NONE',  ( -0.05500000000000000028, 0.08699999999999999400, 0.05589999999999999830 ) ) ;
#1906 = CARTESIAN_POINT ( 'NONE',  ( 0.04499999999999999833, 0.07499999999999999722, 0.05380000000000000060 ) ) ;
#1907 = ORIENTED_EDGE ( 'NONE', *, *, #1060, .F. ) ;
#1908 = EDGE_CURVE ( 'NONE', #319, #1697, #1195, .T. ) ;
#1909 = MANIFOLD_SOLID_BREP ( 'Mountable - Aluminium Mount Plate.step<1>', #693 ) ;
#1910 = EDGE_LOOP ( 'NONE', ( #1126, #1248, #1686, #220 ) ) ;
#1911 = LINE ( 'NONE', #547, #690 ) ;
#1912 = DIRECTION ( 'NONE',  ( -1.850371707708589879E-16, 1.000000000000000000, 0.000000000000000000 ) ) ;
#1913 = DIRECTION ( 'NONE',  ( 0.000000000000000000, 1.000000000000000000, 0.000000000000000000 ) ) ;
#1914 = FACE_OUTER_BOUND ( 'NONE', #1821, .T. ) ;
#1915 = EDGE_CURVE ( 'NONE', #1453, #1673, #905, .T. ) ;
#1916 = DIRECTION ( 'NONE',  ( 0.000000000000000000, 0.000000000000000000, -1.000000000000000000 ) ) ;
#1917 = VERTEX_POINT ( 'NONE', #576 ) ;
#1918 = FACE_OUTER_BOUND ( 'NONE', #1341, .T. ) ;
#1919 = DIRECTION ( 'NONE',  ( 1.850371707708589879E-16, -1.000000000000000000, 0.000000000000000000 ) ) ;
#1920 = CARTESIAN_POINT ( 'NONE',  ( 0.04499999999999999833, 0.06500000000000000222, 0.05380000000000000060 ) ) ;
#1921 = VECTOR ( 'NONE', #1317, 1.000000000000000000 ) ;
#1922 = CARTESIAN_POINT ( 'NONE',  ( -1.387778780781449990E-17, 0.07499999999999999722, 0.07340000000000000691 ) ) ;
#1923 = CARTESIAN_POINT ( 'NONE',  ( 0.05500000000000000028, 0.07699999999999999900, 0.05589999999999999830 ) ) ;
#1924 = VECTOR ( 'NONE', #1770, 1.000000000000000000 ) ;
#1925 = CYLINDRICAL_SURFACE ( 'NONE', #1705, 0.002099999999999997702 ) ;
#1926 = EDGE_LOOP ( 'NONE', ( #308, #1059, #1524, #605, #165 ) ) ;
#1927 = AXIS2_PLACEMENT_3D ( 'NONE', #570, #414, #255 ) ;
#1928 = AXIS2_PLACEMENT_3D ( 'NONE', #1806, #922, #161 ) ;
#1929 = CARTESIAN_POINT ( 'NONE',  ( -0.05460000000000000270, 0.07499999999999999722, 0.06339999999999999802 ) ) ;
#1930 = EDGE_CURVE ( 'NONE', #1400, #64, #855, .T. ) ;
#1931 = PRODUCT_RELATED_PRODUCT_CATEGORY ( 'detail', '', ( #301 ) ) ;
#1932 = DIRECTION ( 'NONE',  ( 0.000000000000000000, 0.000000000000000000, 1.000000000000000000 ) ) ;
#1933 = EDGE_CURVE ( 'NONE', #771, #935, #446, .T. ) ;
#1934 = DIRECTION ( 'NONE',  ( 0.000000000000000000, 0.000000000000000000, -1.000000000000000000 ) ) ;
#1935 = DIRECTION ( 'NONE',  ( 1.850371707708589879E-16, -1.000000000000000000, 0.000000000000000000 ) ) ;
#1936 = PERSON ( 'UNSPECIFIED', 'UNSPECIFIED', 'UNSPECIFIED', ('UNSPECIFIED'), ('UNSPECIFIED'), ('UNSPECIFIED') ) ;
#1937 = CARTESIAN_POINT ( 'NONE',  ( 0.04499999999999999833, 0.07499999999999999722, 0.06339999999999999802 ) ) ;
#1938 = VERTEX_POINT ( 'NONE', #1797 ) ;
#1939 = DIRECTION ( 'NONE',  ( -1.850371707708589879E-16, 1.000000000000000000, 0.000000000000000000 ) ) ;
#1940 = DIRECTION ( 'NONE',  ( -1.000000000000000000, 0.000000000000000000, 0.000000000000000000 ) ) ;
#1941 = EDGE_CURVE ( 'NONE', #487, #381, #494, .T. ) ;
#1942 = DIRECTION ( 'NONE',  ( -1.850371707708589879E-16, 1.000000000000000000, 0.000000000000000000 ) ) ;
#1943 = CARTESIAN_POINT ( 'NONE',  ( 0.06250000000000000000, 0.07699999999999999900, 0.09089999999999999469 ) ) ;
#1944 = DIRECTION ( 'NONE',  ( -1.850371707708589879E-16, 1.000000000000000000, 0.000000000000000000 ) ) ;
#1945 = VERTEX_POINT ( 'NONE', #1790 ) ;
#1946 = VERTEX_POINT ( 'NONE', #280 ) ;
#1947 = DIRECTION ( 'NONE',  ( 0.000000000000000000, 1.000000000000000000, 0.000000000000000000 ) ) ;
#1948 = EDGE_CURVE ( 'NONE', #915, #177, #421, .T. ) ;
#1949 = FACE_OUTER_BOUND ( 'NONE', #1424, .T. ) ;
#1950 = PLANE ( 'NONE',  #440 ) ;
#1951 = ADVANCED_FACE ( 'NONE', ( #1360 ), #1171, .T. ) ;
#1952 = CIRCLE ( 'NONE', #1010, 0.009599999999999997424 ) ;
#1953 = DIRECTION ( 'NONE',  ( -1.000000000000000000, -1.850371707708589879E-16, 0.000000000000000000 ) ) ;
#1954 = ORIENTED_EDGE ( 'NONE', *, *, #385, .T. ) ;
#1955 = CIRCLE ( 'NONE', #654, 0.01000000000000000194 ) ;
#1956 = VECTOR ( 'NONE', #1343, 1.000000000000000000 ) ;
#1957 = CIRCLE ( 'NONE', #1357, 0.009599999999999997424 ) ;
#1958 = DIRECTION ( 'NONE',  ( 1.000000000000000000, 1.850371707708589879E-16, 0.000000000000000000 ) ) ;
#1959 = CARTESIAN_POINT ( 'NONE',  ( -0.06250000000000000000, 0.07699999999999999900, 0.05589999999999999830 ) ) ;
#1960 = CARTESIAN_POINT ( 'NONE',  ( -1.850371707708589817E-17, 0.1019999999999999934, 0.08690000000000000502 ) ) ;
#1961 = CARTESIAN_POINT ( 'NONE',  ( -0.05859999999999999931, 0.05210000000000000048, 0.05190000000000000169 ) ) ;
#1962 = ORIENTED_EDGE ( 'NONE', *, *, #1811, .T. ) ;
#1963 = ADVANCED_FACE ( 'NONE', ( #1249 ), #1370, .T. ) ;
ENDSEC;
END-ISO-10303-21;
