Data from Parasolid IGES Translator 28.0.241, Copyright(c) 2006 Siemens S      1
PLM Software. All Rights Reserved.                                      S      2
1H,,1H;,6HNoname,29H686b71ce7a9bce062bccdb80.iges,27HBy Siemens PLM IncoG      1
rporated,27HXPlus GENERIC/IGES 28.0.241,32,38, 6,308,15,6HNoname,1.000, G      2
6,1HM,1,1.000,15H20250707.070551,1.0e-08,0.00,6HNoname,6HNoname,11,0,15HG      3
20250707.070551;                                                        G      4
     314       1       0       1       0       0       0       000010001D      1
     314       1       0       2       0       0       0               0D      2
     110       3       0       1       0       0       0       000010001D      3
     110       1       0       1       0       0       0               0D      4
     110       4       0       1       0       0       0       000010001D      5
     110       1       0       1       0       0       0               0D      6
     120       5       0       1       0       0       0       000010001D      7
     120       1       0       1       0       0       0               0D      8
     126       6       0       1       0       0       0       000010501D      9
     126       1       0       2       0       0       0               0D     10
     126       8       0       1       0       0       0       000010501D     11
     126       1       0       2       0       0       0               0D     12
     126      10       0       1       0       0       0       000010501D     13
     126       1       0       2       0       0       0               0D     14
     126      12       0       1       0       0       0       000010501D     15
     126       1       0       2       0       0       0               0D     16
     126      14       0       1       0       0       0       000010501D     17
     126       1       0       2       0       0       0               0D     18
     126      16       0       1       0       0       0       000010501D     19
     126       1       0       2       0       0       0               0D     20
     126      18       0       1       0       0       0       000010501D     21
     126       1       0       2       0       0       0               0D     22
     126      20       0       1       0       0       0       000010501D     23
     126       1       0       2       0       0       0               0D     24
     102      22       0       1       0       0       0       000010501D     25
     102       1       0       1       0       0       0               0D     26
     124      23       0       1       0       0       0       000010001D     27
     124       1       0       1       0       0       0               0D     28
     100      24       0       1       0       0      27       000010001D     29
     100       1       0       1       0       0       0               0D     30
     110      25       0       1       0       0       0       000010001D     31
     110       1       0       1       0       0       0               0D     32
     124      26       0       1       0       0       0       000010001D     33
     124       1       0       1       0       0       0               0D     34
     100      27       0       1       0       0      33       000010001D     35
     100       1       0       1       0       0       0               0D     36
     110      28       0       1       0       0       0       000010001D     37
     110       1       0       1       0       0       0               0D     38
     102      29       0       1       0       0       0       000010001D     39
     102       1       0       1       0       0       0               0D     40
     142      30       0       1       0       0       0       000010001D     41
     142       1       0       1       0       0       0               0D     42
     144      31       0       1       0       0       0       000000001D     43
     144       1      -1       1       0       0       0               0D     44
     314      32       0       1       0       0       0       000010001D     45
     314       1       0       2       0       0       0               0D     46
     110      34       0       1       0       0       0       000010001D     47
     110       1       0       1       0       0       0               0D     48
     110      35       0       1       0       0       0       000010001D     49
     110       1       0       1       0       0       0               0D     50
     120      36       0       1       0       0       0       000010001D     51
     120       1       0       1       0       0       0               0D     52
     126      37       0       1       0       0       0       000010501D     53
     126       1       0       4       0       0       0               0D     54
     126      41       0       1       0       0       0       000010501D     55
     126       1       0       2       0       0       0               0D     56
     126      43       0       1       0       0       0       000010501D     57
     126       1       0       3       0       0       0               0D     58
     126      46       0       1       0       0       0       000010501D     59
     126       1       0       2       0       0       0               0D     60
     102      48       0       1       0       0       0       000010501D     61
     102       1       0       1       0       0       0               0D     62
     124      49       0       1       0       0       0       000010001D     63
     124       1       0       1       0       0       0               0D     64
     100      50       0       1       0       0      63       000010001D     65
     100       1       0       1       0       0       0               0D     66
     110      51       0       1       0       0       0       000010001D     67
     110       1       0       1       0       0       0               0D     68
     124      52       0       1       0       0       0       000010001D     69
     124       1       0       1       0       0       0               0D     70
     100      53       0       1       0       0      69       000010001D     71
     100       1       0       1       0       0       0               0D     72
     110      54       0       1       0       0       0       000010001D     73
     110       1       0       1       0       0       0               0D     74
     102      55       0       1       0       0       0       000010001D     75
     102       1       0       1       0       0       0               0D     76
     142      56       0       1       0       0       0       000010001D     77
     142       1       0       1       0       0       0               0D     78
     144      57       0       1       0       0       0       000000001D     79
     144       1     -45       1       0       0       0               0D     80
     314      58       0       1       0       0       0       000010001D     81
     314       1       0       2       0       0       0               0D     82
     110      60       0       1       0       0       0       000010001D     83
     110       1       0       1       0       0       0               0D     84
     122      61       0       1       0       0       0       000010001D     85
     122       1       0       1       0       0       0               0D     86
     126      62       0       1       0       0       0       000010501D     87
     126       1       0      69       0       0       0               0D     88
     102     131       0       1       0       0       0       000010501D     89
     102       1       0       1       0       0       0               0D     90
     124     132       0       1       0       0       0       000010001D     91
     124       1       0       1       0       0       0               0D     92
     100     133       0       1       0       0      91       000010001D     93
     100       1       0       1       0       0       0               0D     94
     102     134       0       1       0       0       0       000010001D     95
     102       1       0       1       0       0       0               0D     96
     142     135       0       1       0       0       0       000010001D     97
     142       1       0       1       0       0       0               0D     98
     126     136       0       1       0       0       0       000010501D     99
     126       1       0      69       0       0       0               0D    100
     102     205       0       1       0       0       0       000010501D    101
     102       1       0       1       0       0       0               0D    102
     124     206       0       1       0       0       0       000010001D    103
     124       1       0       1       0       0       0               0D    104
     100     207       0       1       0       0     103       000010001D    105
     100       1       0       1       0       0       0               0D    106
     102     208       0       1       0       0       0       000010001D    107
     102       1       0       1       0       0       0               0D    108
     142     209       0       1       0       0       0       000010001D    109
     142       1       0       1       0       0       0               0D    110
     144     210       0       1       0       0       0       000000001D    111
     144       1     -81       1       0       0       0               0D    112
     314     211       0       1       0       0       0       000010001D    113
     314       1       0       2       0       0       0               0D    114
     110     213       0       1       0       0       0       000010001D    115
     110       1       0       1       0       0       0               0D    116
     122     214       0       1       0       0       0       000010001D    117
     122       1       0       1       0       0       0               0D    118
     126     215       0       1       0       0       0       000010501D    119
     126       1       0      69       0       0       0               0D    120
     102     284       0       1       0       0       0       000010501D    121
     102       1       0       1       0       0       0               0D    122
     124     285       0       1       0       0       0       000010001D    123
     124       1       0       1       0       0       0               0D    124
     100     286       0       1       0       0     123       000010001D    125
     100       1       0       1       0       0       0               0D    126
     102     287       0       1       0       0       0       000010001D    127
     102       1       0       1       0       0       0               0D    128
     142     288       0       1       0       0       0       000010001D    129
     142       1       0       1       0       0       0               0D    130
     126     289       0       1       0       0       0       000010501D    131
     126       1       0      69       0       0       0               0D    132
     102     358       0       1       0       0       0       000010501D    133
     102       1       0       1       0       0       0               0D    134
     124     359       0       1       0       0       0       000010001D    135
     124       1       0       1       0       0       0               0D    136
     100     360       0       1       0       0     135       000010001D    137
     100       1       0       1       0       0       0               0D    138
     102     361       0       1       0       0       0       000010001D    139
     102       1       0       1       0       0       0               0D    140
     142     362       0       1       0       0       0       000010001D    141
     142       1       0       1       0       0       0               0D    142
     144     363       0       1       0       0       0       000000001D    143
     144       1    -113       1       0       0       0               0D    144
     314     364       0       1       0       0       0       000010001D    145
     314       1       0       2       0       0       0               0D    146
     110     366       0       1       0       0       0       000010001D    147
     110       1       0       1       0       0       0               0D    148
     110     367       0       1       0       0       0       000010001D    149
     110       1       0       1       0       0       0               0D    150
     120     368       0       1       0       0       0       000010001D    151
     120       1       0       1       0       0       0               0D    152
     126     369       0       1       0       0       0       000010501D    153
     126       1       0       2       0       0       0               0D    154
     126     371       0       1       0       0       0       000010501D    155
     126       1       0       3       0       0       0               0D    156
     126     374       0       1       0       0       0       000010501D    157
     126       1       0       3       0       0       0               0D    158
     126     377       0       1       0       0       0       000010501D    159
     126       1       0       2       0       0       0               0D    160
     102     379       0       1       0       0       0       000010501D    161
     102       1       0       1       0       0       0               0D    162
     124     380       0       1       0       0       0       000010001D    163
     124       1       0       1       0       0       0               0D    164
     100     381       0       1       0       0     163       000010001D    165
     100       1       0       1       0       0       0               0D    166
     110     382       0       1       0       0       0       000010001D    167
     110       1       0       1       0       0       0               0D    168
     124     383       0       1       0       0       0       000010001D    169
     124       1       0       1       0       0       0               0D    170
     100     384       0       1       0       0     169       000010001D    171
     100       1       0       1       0       0       0               0D    172
     110     385       0       1       0       0       0       000010001D    173
     110       1       0       1       0       0       0               0D    174
     102     386       0       1       0       0       0       000010001D    175
     102       1       0       1       0       0       0               0D    176
     142     387       0       1       0       0       0       000010001D    177
     142       1       0       1       0       0       0               0D    178
     144     388       0       1       0       0       0       000000001D    179
     144       1    -145       1       0       0       0               0D    180
     314     389       0       1       0       0       0       000010001D    181
     314       1       0       2       0       0       0               0D    182
     110     391       0       1       0       0       0       000010001D    183
     110       1       0       1       0       0       0               0D    184
     110     392       0       1       0       0       0       000010001D    185
     110       1       0       1       0       0       0               0D    186
     120     393       0       1       0       0       0       000010001D    187
     120       1       0       1       0       0       0               0D    188
     126     394       0       1       0       0       0       000010501D    189
     126       1       0       3       0       0       0               0D    190
     126     397       0       1       0       0       0       000010501D    191
     126       1       0       2       0       0       0               0D    192
     126     399       0       1       0       0       0       000010501D    193
     126       1       0       2       0       0       0               0D    194
     126     401       0       1       0       0       0       000010501D    195
     126       1       0       2       0       0       0               0D    196
     126     403       0       1       0       0       0       000010501D    197
     126       1       0       4       0       0       0               0D    198
     126     407       0       1       0       0       0       000010501D    199
     126       1       0       2       0       0       0               0D    200
     126     409       0       1       0       0       0       000010501D    201
     126       1       0       2       0       0       0               0D    202
     126     411       0       1       0       0       0       000010501D    203
     126       1       0       2       0       0       0               0D    204
     102     413       0       1       0       0       0       000010501D    205
     102       1       0       1       0       0       0               0D    206
     124     414       0       1       0       0       0       000010001D    207
     124       1       0       1       0       0       0               0D    208
     100     415       0       1       0       0     207       000010001D    209
     100       1       0       1       0       0       0               0D    210
     110     416       0       1       0       0       0       000010001D    211
     110       1       0       1       0       0       0               0D    212
     124     417       0       1       0       0       0       000010001D    213
     124       1       0       1       0       0       0               0D    214
     100     418       0       1       0       0     213       000010001D    215
     100       1       0       1       0       0       0               0D    216
     110     419       0       1       0       0       0       000010001D    217
     110       1       0       1       0       0       0               0D    218
     102     420       0       1       0       0       0       000010001D    219
     102       1       0       1       0       0       0               0D    220
     142     421       0       1       0       0       0       000010001D    221
     142       1       0       1       0       0       0               0D    222
     144     422       0       1       0       0       0       000000001D    223
     144       1    -181       1       0       0       0               0D    224
     314     423       0       1       0       0       0       000010001D    225
     314       1       0       2       0       0       0               0D    226
     110     425       0       1       0       0       0       000010001D    227
     110       1       0       1       0       0       0               0D    228
     122     426       0       1       0       0       0       000010001D    229
     122       1       0       1       0       0       0               0D    230
     126     427       0       1       0       0       0       000010501D    231
     126       1       0      69       0       0       0               0D    232
     102     496       0       1       0       0       0       000010501D    233
     102       1       0       1       0       0       0               0D    234
     124     497       0       1       0       0       0       000010001D    235
     124       1       0       1       0       0       0               0D    236
     100     498       0       1       0       0     235       000010001D    237
     100       1       0       1       0       0       0               0D    238
     102     499       0       1       0       0       0       000010001D    239
     102       1       0       1       0       0       0               0D    240
     142     500       0       1       0       0       0       000010001D    241
     142       1       0       1       0       0       0               0D    242
     126     501       0       1       0       0       0       000010501D    243
     126       1       0      68       0       0       0               0D    244
     102     569       0       1       0       0       0       000010501D    245
     102       1       0       1       0       0       0               0D    246
     124     570       0       1       0       0       0       000010001D    247
     124       1       0       1       0       0       0               0D    248
     100     571       0       1       0       0     247       000010001D    249
     100       1       0       1       0       0       0               0D    250
     102     572       0       1       0       0       0       000010001D    251
     102       1       0       1       0       0       0               0D    252
     142     573       0       1       0       0       0       000010001D    253
     142       1       0       1       0       0       0               0D    254
     144     574       0       1       0       0       0       000000001D    255
     144       1    -225       1       0       0       0               0D    256
     314     575       0       1       0       0       0       000010001D    257
     314       1       0       2       0       0       0               0D    258
     110     577       0       1       0       0       0       000010001D    259
     110       1       0       1       0       0       0               0D    260
     122     578       0       1       0       0       0       000010001D    261
     122       1       0       1       0       0       0               0D    262
     126     579       0       1       0       0       0       000010501D    263
     126       1       0      68       0       0       0               0D    264
     102     647       0       1       0       0       0       000010501D    265
     102       1       0       1       0       0       0               0D    266
     124     648       0       1       0       0       0       000010001D    267
     124       1       0       1       0       0       0               0D    268
     100     649       0       1       0       0     267       000010001D    269
     100       1       0       1       0       0       0               0D    270
     102     650       0       1       0       0       0       000010001D    271
     102       1       0       1       0       0       0               0D    272
     142     651       0       1       0       0       0       000010001D    273
     142       1       0       1       0       0       0               0D    274
     126     652       0       1       0       0       0       000010501D    275
     126       1       0      68       0       0       0               0D    276
     102     720       0       1       0       0       0       000010501D    277
     102       1       0       1       0       0       0               0D    278
     124     721       0       1       0       0       0       000010001D    279
     124       1       0       1       0       0       0               0D    280
     100     722       0       1       0       0     279       000010001D    281
     100       1       0       1       0       0       0               0D    282
     102     723       0       1       0       0       0       000010001D    283
     102       1       0       1       0       0       0               0D    284
     142     724       0       1       0       0       0       000010001D    285
     142       1       0       1       0       0       0               0D    286
     144     725       0       1       0       0       0       000000001D    287
     144       1    -257       1       0       0       0               0D    288
     314     726       0       1       0       0       0       000010001D    289
     314       1       0       2       0       0       0               0D    290
     110     728       0       1       0       0       0       000010001D    291
     110       1       0       1       0       0       0               0D    292
     122     729       0       1       0       0       0       000010001D    293
     122       1       0       1       0       0       0               0D    294
     126     730       0       1       0       0       0       000010501D    295
     126       1       0      68       0       0       0               0D    296
     102     798       0       1       0       0       0       000010501D    297
     102       1       0       1       0       0       0               0D    298
     124     799       0       1       0       0       0       000010001D    299
     124       1       0       1       0       0       0               0D    300
     100     800       0       1       0       0     299       000010001D    301
     100       1       0       1       0       0       0               0D    302
     102     801       0       1       0       0       0       000010001D    303
     102       1       0       1       0       0       0               0D    304
     142     802       0       1       0       0       0       000010001D    305
     142       1       0       1       0       0       0               0D    306
     126     803       0       1       0       0       0       000010501D    307
     126       1       0      69       0       0       0               0D    308
     102     872       0       1       0       0       0       000010501D    309
     102       1       0       1       0       0       0               0D    310
     124     873       0       1       0       0       0       000010001D    311
     124       1       0       1       0       0       0               0D    312
     100     874       0       1       0       0     311       000010001D    313
     100       1       0       1       0       0       0               0D    314
     102     875       0       1       0       0       0       000010001D    315
     102       1       0       1       0       0       0               0D    316
     142     876       0       1       0       0       0       000010001D    317
     142       1       0       1       0       0       0               0D    318
     144     877       0       1       0       0       0       000000001D    319
     144       1    -289       1       0       0       0               0D    320
     314     878       0       1       0       0       0       000010001D    321
     314       1       0       2       0       0       0               0D    322
     110     880       0       1       0       0       0       000010001D    323
     110       1       0       1       0       0       0               0D    324
     110     881       0       1       0       0       0       000010001D    325
     110       1       0       1       0       0       0               0D    326
     120     882       0       1       0       0       0       000010001D    327
     120       1       0       1       0       0       0               0D    328
     126     883       0       1       0       0       0       000010501D    329
     126       1       0       3       0       0       0               0D    330
     126     886       0       1       0       0       0       000010501D    331
     126       1       0       2       0       0       0               0D    332
     126     888       0       1       0       0       0       000010501D    333
     126       1       0       2       0       0       0               0D    334
     126     890       0       1       0       0       0       000010501D    335
     126       1       0       2       0       0       0               0D    336
     126     892       0       1       0       0       0       000010501D    337
     126       1       0       2       0       0       0               0D    338
     126     894       0       1       0       0       0       000010501D    339
     126       1       0       2       0       0       0               0D    340
     126     896       0       1       0       0       0       000010501D    341
     126       1       0       2       0       0       0               0D    342
     126     898       0       1       0       0       0       000010501D    343
     126       1       0       2       0       0       0               0D    344
     102     900       0       1       0       0       0       000010501D    345
     102       1       0       1       0       0       0               0D    346
     124     901       0       1       0       0       0       000010001D    347
     124       1       0       1       0       0       0               0D    348
     100     902       0       1       0       0     347       000010001D    349
     100       1       0       1       0       0       0               0D    350
     110     903       0       1       0       0       0       000010001D    351
     110       1       0       1       0       0       0               0D    352
     124     904       0       1       0       0       0       000010001D    353
     124       1       0       1       0       0       0               0D    354
     100     905       0       1       0       0     353       000010001D    355
     100       1       0       1       0       0       0               0D    356
     110     906       0       1       0       0       0       000010001D    357
     110       1       0       1       0       0       0               0D    358
     102     907       0       1       0       0       0       000010001D    359
     102       1       0       1       0       0       0               0D    360
     142     908       0       1       0       0       0       000010001D    361
     142       1       0       1       0       0       0               0D    362
     144     909       0       1       0       0       0       000000001D    363
     144       1    -321       1       0       0       0               0D    364
314,61.5686297416687,81.17647171020508,92.9411768913269,10HMixed       1P      1
Color;                                                                 1P      2
110,0.,0.02,0.,0.,-0.98,0.;                                            3P      3
110,0.,0.022,-0.0545,0.,0.,-0.0545;                                    5P      4
120,3,5,0.,6.28318530717959;                                           7P      5
126,1,1,1,0,1,0,-6.28318530717959,-6.28318530717959,0.,0.,1.,1.,       9P      6
0.,6.28318530717959,0.,0.,0.,0.,-6.28318530717959,0.,0.,0.,1.;         9P      7
126,1,1,1,0,1,0,0.,0.,1.,1.,1.,1.,0.,0.,0.,0.,6.28318530717959,       11P      8
0.,0.,1.,0.,0.,1.;                                                    11P      9
126,1,1,1,0,1,0,-0.002,-0.002,0.02,0.02,1.,1.,0.,                     13P     10
6.28318530717959,0.,1.,6.28318530717959,0.,-0.002,0.02,0.,0.,1.;      13P     11
126,1,1,1,0,1,0,0.,0.,1.,1.,1.,1.,1.,6.28318530717959,0.,1.,0.,       15P     12
0.,0.,1.,0.,0.,1.;                                                    15P     13
126,1,1,1,0,1,0,0.,0.,6.28318530717959,6.28318530717959,1.,1.,        17P     14
1.,0.,0.,1.,6.28318530717959,0.,0.,6.28318530717959,0.,0.,1.;         17P     15
126,1,1,1,0,1,0,0.,0.,1.,1.,1.,1.,1.,6.28318530717959,0.,1.,0.,       19P     16
0.,0.,1.,0.,0.,1.;                                                    19P     17
126,1,1,1,0,1,0,-0.02,-0.02,0.002,0.002,1.,1.,1.,0.,0.,0.,0.,0.,      21P     18
-0.02,0.002,0.,0.,1.;                                                 21P     19
126,1,1,1,0,1,0,0.,0.,1.,1.,1.,1.,0.,0.,0.,0.,6.28318530717959,       23P     20
0.,0.,1.,0.,0.,1.;                                                    23P     21
102,8,9,11,13,15,17,19,21,23;                                         25P     22
124,0.,-1.,0.,0.,0.,0.,1.,0.022,-1.,0.,0.,0.;                         27P     23
100,0.,0.,0.,0.0545,0.,0.0545,0.;                                     29P     24
110,0.,0.022,-0.0545,0.,0.,-0.0545;                                   31P     25
124,0.,1.,0.,0.,0.,0.,-1.,0.,-1.,0.,0.,0.;                            33P     26
100,0.,0.,0.,0.0545,0.,0.0545,-0.;                                    35P     27
110,0.,0.,-0.0545,0.,0.022,-0.0545;                                   37P     28
102,4,29,31,35,37;                                                    39P     29
142,1,7,25,39,2;                                                      41P     30
144,7,1,0,41;                                                         43P     31
314,61.5686297416687,81.17647171020508,92.9411768913269,10HMixed      45P     32
Color;                                                                45P     33
110,0.,-0.01,0.,0.,0.99,0.;                                           47P     34
110,0.,0.,0.065,0.,-0.01,0.065;                                       49P     35
120,47,49,0.,6.28318530717959;                                        51P     36
126,1,1,1,0,1,0,-9.42477796076938,-9.42477796076938,                  53P     37
-3.14159265358979,-3.14159265358979,1.,1.,1.,0.,0.,1.,                53P     38
6.28318530717959,0.,-9.42477796076938,-3.14159265358979,0.,0.,        53P     39
1.;                                                                   53P     40
126,1,1,1,0,1,0,0.,0.,0.01,0.01,1.,1.,1.,6.28318530717959,0.,0.,      55P     41
6.28318530717959,0.,0.,0.01,0.,0.,1.;                                 55P     42
126,1,1,1,0,1,0,3.14159265358979,3.14159265358979,                    57P     43
9.42477796076938,9.42477796076938,1.,1.,0.,6.28318530717959,0.,       57P     44
0.,0.,0.,3.14159265358979,9.42477796076938,0.,0.,1.;                  57P     45
126,1,1,1,0,1,0,-0.01,-0.01,0.,0.,1.,1.,0.,0.,0.,1.,0.,0.,-0.01,      59P     46
0.,0.,0.,1.;                                                          59P     47
102,4,53,55,57,59;                                                    61P     48
124,0.,-1.,0.,0.,0.,0.,1.,-0.01,-1.,0.,0.,0.;                         63P     49
100,0.,0.,0.,-0.065,-0.,-0.065,-0.;                                   65P     50
110,0.,-0.01,0.065,0.,0.,0.065;                                       67P     51
124,0.,1.,0.,0.,0.,0.,-1.,0.,-1.,0.,0.,0.;                            69P     52
100,0.,0.,0.,-0.065,0.,-0.065,0.;                                     71P     53
110,0.,0.,0.065,0.,-0.01,0.065;                                       73P     54
102,4,65,67,71,73;                                                    75P     55
142,1,51,61,75,2;                                                     77P     56
144,51,1,0,77;                                                        79P     57
314,61.5686297416687,81.17647171020508,92.9411768913269,10HMixed      81P     58
Color;                                                                81P     59
110,-0.06578,-0.01,-0.06578,0.06578,-0.01,-0.06578;                   83P     60
122,83,-0.06578,-0.01,0.06578;                                        85P     61
126,64,2,1,1,1,1,3.14159265358979,3.14159265358979,                   87P     62
3.14159265358979,3.33794219443916,3.33794219443916,                   87P     63
3.53429173528852,3.53429173528852,3.73064127613788,                   87P     64
3.73064127613788,3.92699081698724,3.92699081698724,                   87P     65
4.1233403578366,4.1233403578366,4.31968989868597,                     87P     66
4.31968989868597,4.51603943953533,4.51603943953533,                   87P     67
4.71238898038469,4.71238898038469,4.90873852123405,                   87P     68
4.90873852123405,5.10508806208341,5.10508806208341,                   87P     69
5.30143760293278,5.30143760293278,5.49778714378214,                   87P     70
5.49778714378214,5.6941366846315,5.6941366846315,                     87P     71
5.89048622548086,5.89048622548086,6.08683576633022,                   87P     72
6.08683576633022,6.28318530717959,6.28318530717959,                   87P     73
6.47953484802895,6.47953484802895,6.67588438887831,                   87P     74
6.67588438887831,6.87223392972767,6.87223392972767,                   87P     75
7.06858347057703,7.06858347057703,7.2649330114264,                    87P     76
7.2649330114264,7.46128255227576,7.46128255227576,                    87P     77
7.65763209312512,7.65763209312512,7.85398163397448,                   87P     78
7.85398163397448,8.05033117482385,8.05033117482385,                   87P     79
8.24668071567321,8.24668071567321,8.44303025652257,                   87P     80
8.44303025652257,8.63937979737193,8.63937979737193,                   87P     81
8.83572933822129,8.83572933822129,9.03207887907065,                   87P     82
9.03207887907065,9.22842841992002,9.22842841992002,                   87P     83
9.42477796076938,9.42477796076938,9.42477796076938,1.,1.,1.,1.,       87P     84
1.,1.,1.,1.,1.,1.,1.,1.,1.,1.,1.,1.,1.,1.,1.,1.,1.,1.,1.,1.,1.,       87P     85
1.,1.,1.,1.,1.,1.,1.,1.,1.,1.,1.,1.,1.,1.,1.,1.,1.,1.,1.,1.,1.,       87P     86
1.,1.,1.,1.,1.,1.,1.,1.,1.,1.,1.,1.,1.,1.,1.,1.,1.,1.,1.,0.5,         87P     87
0.99407114624506,0.,0.45133823944804,0.99407114624506,0.,             87P     88
0.40361150098017,0.98457770770911,0.,0.35588476251231,                87P     89
0.97508426917315,0.,0.31092715792239,0.9564622196202,0.,              87P     90
0.26596955333247,0.93784017006725,0.,0.22550877815237,                87P     91
0.91080514441825,0.,0.18504800297227,0.88377011876926,0.,             87P     92
0.15063894210151,0.84936105789849,0.,0.11622988123074,                87P     93
0.81495199702773,0.,0.08919485558175,0.77449122184763,0.,             87P     94
0.06215982993275,0.73403044666753,0.,0.0435377803798,                 87P     95
0.68907284207761,0.,0.02491573082685,0.64411523748769,0.,             87P     96
0.01542229229089,0.59638849901983,0.,0.00592885375494,                87P     97
0.54866176055196,0.,0.00592885375494,0.5,0.,0.00592885375494,         87P     98
0.45133823944804,0.,0.01542229229089,0.40361150098017,0.,             87P     99
0.02491573082685,0.35588476251231,0.,0.0435377803798,                 87P    100
0.31092715792239,0.,0.06215982993275,0.26596955333247,0.,             87P    101
0.08919485558175,0.22550877815237,0.,0.11622988123074,                87P    102
0.18504800297227,0.,0.15063894210151,0.15063894210151,0.,             87P    103
0.18504800297227,0.11622988123074,0.,0.22550877815237,                87P    104
0.08919485558175,0.,0.26596955333247,0.06215982993275,0.,             87P    105
0.31092715792239,0.0435377803798,0.,0.35588476251231,                 87P    106
0.02491573082685,0.,0.40361150098017,0.01542229229089,0.,             87P    107
0.45133823944804,0.00592885375494,0.,0.5,0.00592885375494,0.,         87P    108
0.54866176055196,0.00592885375494,0.,0.59638849901983,                87P    109
0.01542229229089,0.,0.64411523748769,0.02491573082685,0.,             87P    110
0.68907284207761,0.0435377803798,0.,0.73403044666753,                 87P    111
0.06215982993275,0.,0.77449122184763,0.08919485558175,0.,             87P    112
0.81495199702773,0.11622988123074,0.,0.84936105789849,                87P    113
0.15063894210151,0.,0.88377011876926,0.18504800297227,0.,             87P    114
0.91080514441825,0.22550877815237,0.,0.93784017006725,                87P    115
0.26596955333247,0.,0.9564622196202,0.31092715792239,0.,              87P    116
0.97508426917315,0.35588476251231,0.,0.98457770770911,                87P    117
0.40361150098017,0.,0.99407114624506,0.45133823944804,0.,             87P    118
0.99407114624506,0.5,0.,0.99407114624506,0.54866176055196,0.,         87P    119
0.98457770770911,0.59638849901983,0.,0.97508426917315,                87P    120
0.64411523748769,0.,0.9564622196202,0.68907284207761,0.,              87P    121
0.93784017006725,0.73403044666753,0.,0.91080514441825,                87P    122
0.77449122184763,0.,0.88377011876926,0.81495199702773,0.,             87P    123
0.84936105789849,0.84936105789849,0.,0.81495199702773,                87P    124
0.88377011876926,0.,0.77449122184763,0.91080514441825,0.,             87P    125
0.73403044666753,0.93784017006725,0.,0.68907284207761,                87P    126
0.9564622196202,0.,0.64411523748769,0.97508426917315,0.,              87P    127
0.59638849901983,0.98457770770911,0.,0.54866176055196,                87P    128
0.99407114624506,0.,0.5,0.99407114624506,0.,3.14159265358979,         87P    129
9.42477796076938,0.,0.,1.;                                            87P    130
102,1,87;                                                             89P    131
124,0.,1.,0.,0.,0.,0.,-1.,-0.01,-1.,0.,0.,0.;                         91P    132
100,0.,0.,0.,-0.065,0.,-0.065,0.;                                     93P    133
102,1,93;                                                             95P    134
142,1,85,89,95,2;                                                     97P    135
126,64,2,1,1,1,1,-9.42477796076938,-9.42477796076938,                 99P    136
-9.42477796076938,-9.22842841992002,-9.22842841992002,                99P    137
-9.03207887907065,-9.03207887907065,-8.83572933822129,                99P    138
-8.83572933822129,-8.63937979737193,-8.63937979737193,                99P    139
-8.44303025652257,-8.44303025652257,-8.24668071567321,                99P    140
-8.24668071567321,-8.05033117482384,-8.05033117482384,                99P    141
-7.85398163397448,-7.85398163397448,-7.65763209312512,                99P    142
-7.65763209312512,-7.46128255227576,-7.46128255227576,                99P    143
-7.2649330114264,-7.2649330114264,-7.06858347057703,                  99P    144
-7.06858347057703,-6.87223392972767,-6.87223392972767,                99P    145
-6.67588438887831,-6.67588438887831,-6.47953484802895,                99P    146
-6.47953484802895,-6.28318530717959,-6.28318530717959,                99P    147
-6.08683576633022,-6.08683576633022,-5.89048622548086,                99P    148
-5.89048622548086,-5.6941366846315,-5.6941366846315,                  99P    149
-5.49778714378214,-5.49778714378214,-5.30143760293278,                99P    150
-5.30143760293278,-5.10508806208341,-5.10508806208341,                99P    151
-4.90873852123405,-4.90873852123405,-4.71238898038469,                99P    152
-4.71238898038469,-4.51603943953533,-4.51603943953533,                99P    153
-4.31968989868597,-4.31968989868597,-4.1233403578366,                 99P    154
-4.1233403578366,-3.92699081698724,-3.92699081698724,                 99P    155
-3.73064127613788,-3.73064127613788,-3.53429173528852,                99P    156
-3.53429173528852,-3.33794219443916,-3.33794219443916,                99P    157
-3.14159265358979,-3.14159265358979,-3.14159265358979,1.,1.,1.,       99P    158
1.,1.,1.,1.,1.,1.,1.,1.,1.,1.,1.,1.,1.,1.,1.,1.,1.,1.,1.,1.,1.,       99P    159
1.,1.,1.,1.,1.,1.,1.,1.,1.,1.,1.,1.,1.,1.,1.,1.,1.,1.,1.,1.,1.,       99P    160
1.,1.,1.,1.,1.,1.,1.,1.,1.,1.,1.,1.,1.,1.,1.,1.,1.,1.,1.,1.,0.5,      99P    161
0.93706293706294,0.,0.54304694202673,0.93706293706294,0.,             99P    162
0.58526674913292,0.92866489528113,0.,0.62748655623911,                99P    163
0.92026685349933,0.,0.66725674491481,0.90379350197172,0.,             99P    164
0.70702693359051,0.8873201504441,0.,0.74281915778829,                 99P    165
0.86340455083153,0.,0.77861138198607,0.83948895121896,0.,             99P    166
0.80905016660251,0.80905016660251,0.,0.83948895121896,                99P    167
0.77861138198606,0.,0.86340455083153,0.74281915778829,0.,             99P    168
0.88732015044411,0.70702693359051,0.,0.90379350197172,                99P    169
0.66725674491481,0.,0.92026685349933,0.62748655623911,0.,             99P    170
0.92866489528113,0.58526674913292,0.,0.93706293706294,                99P    171
0.54304694202673,0.,0.93706293706294,0.5,0.,0.93706293706294,         99P    172
0.45695305797327,0.,0.92866489528113,0.41473325086708,0.,             99P    173
0.92026685349933,0.37251344376089,0.,0.90379350197172,                99P    174
0.33274325508519,0.,0.88732015044411,0.29297306640949,0.,             99P    175
0.86340455083153,0.25718084221171,0.,0.83948895121896,                99P    176
0.22138861801394,0.,0.80905016660251,0.19094983339749,0.,             99P    177
0.77861138198606,0.16051104878104,0.,0.74281915778829,                99P    178
0.13659544916847,0.,0.70702693359051,0.11267984955589,0.,             99P    179
0.66725674491481,0.09620649802828,0.,0.62748655623911,                99P    180
0.07973314650067,0.,0.58526674913292,0.07133510471887,0.,             99P    181
0.54304694202673,0.06293706293706,0.,0.5,0.06293706293706,0.,         99P    182
0.45695305797327,0.06293706293706,0.,0.41473325086708,                99P    183
0.07133510471887,0.,0.37251344376089,0.07973314650067,0.,             99P    184
0.33274325508519,0.09620649802828,0.,0.29297306640949,                99P    185
0.11267984955589,0.,0.25718084221171,0.13659544916847,0.,             99P    186
0.22138861801393,0.16051104878104,0.,0.19094983339749,                99P    187
0.19094983339749,0.,0.16051104878104,0.22138861801393,0.,             99P    188
0.13659544916847,0.25718084221171,0.,0.11267984955589,                99P    189
0.29297306640949,0.,0.09620649802828,0.33274325508519,0.,             99P    190
0.07973314650067,0.37251344376089,0.,0.07133510471887,                99P    191
0.41473325086708,0.,0.06293706293706,0.45695305797327,0.,             99P    192
0.06293706293706,0.5,0.,0.06293706293706,0.54304694202673,0.,         99P    193
0.07133510471887,0.58526674913292,0.,0.07973314650067,                99P    194
0.62748655623911,0.,0.09620649802828,0.66725674491481,0.,             99P    195
0.11267984955589,0.70702693359051,0.,0.13659544916847,                99P    196
0.74281915778829,0.,0.16051104878104,0.77861138198607,0.,             99P    197
0.19094983339749,0.80905016660251,0.,0.22138861801393,                99P    198
0.83948895121896,0.,0.25718084221171,0.86340455083153,0.,             99P    199
0.29297306640949,0.88732015044411,0.,0.33274325508519,                99P    200
0.90379350197172,0.,0.37251344376089,0.92026685349933,0.,             99P    201
0.41473325086708,0.92866489528113,0.,0.45695305797327,                99P    202
0.93706293706294,0.,0.5,0.93706293706294,0.,-9.42477796076938,        99P    203
-3.14159265358979,0.,0.,1.;                                           99P    204
102,1,99;                                                            101P    205
124,0.,-1.,0.,0.,0.,0.,1.,-0.01,-1.,0.,0.,0.;                        103P    206
100,0.,0.,0.,-0.0575,-0.,-0.0575,-0.;                                105P    207
102,1,105;                                                           107P    208
142,1,85,101,107,2;                                                  109P    209
144,85,1,1,97,109;                                                   111P    210
314,61.5686297416687,81.17647171020508,92.9411768913269,10HMixed     113P    211
Color;                                                               113P    212
110,0.06578,0.,-0.06578,-0.06578,0.,-0.06578;                        115P    213
122,115,0.06578,0.,0.06578;                                          117P    214
126,64,2,1,1,1,1,-9.42477796076938,-9.42477796076938,                119P    215
-9.42477796076938,-9.22842841992002,-9.22842841992002,               119P    216
-9.03207887907065,-9.03207887907065,-8.83572933822129,               119P    217
-8.83572933822129,-8.63937979737193,-8.63937979737193,               119P    218
-8.44303025652257,-8.44303025652257,-8.24668071567321,               119P    219
-8.24668071567321,-8.05033117482385,-8.05033117482385,               119P    220
-7.85398163397448,-7.85398163397448,-7.65763209312512,               119P    221
-7.65763209312512,-7.46128255227576,-7.46128255227576,               119P    222
-7.2649330114264,-7.2649330114264,-7.06858347057703,                 119P    223
-7.06858347057703,-6.87223392972767,-6.87223392972767,               119P    224
-6.67588438887831,-6.67588438887831,-6.47953484802895,               119P    225
-6.47953484802895,-6.28318530717959,-6.28318530717959,               119P    226
-6.08683576633022,-6.08683576633022,-5.89048622548086,               119P    227
-5.89048622548086,-5.6941366846315,-5.6941366846315,                 119P    228
-5.49778714378214,-5.49778714378214,-5.30143760293278,               119P    229
-5.30143760293278,-5.10508806208341,-5.10508806208341,               119P    230
-4.90873852123405,-4.90873852123405,-4.71238898038469,               119P    231
-4.71238898038469,-4.51603943953533,-4.51603943953533,               119P    232
-4.31968989868597,-4.31968989868597,-4.1233403578366,                119P    233
-4.1233403578366,-3.92699081698724,-3.92699081698724,                119P    234
-3.73064127613788,-3.73064127613788,-3.53429173528852,               119P    235
-3.53429173528852,-3.33794219443916,-3.33794219443916,               119P    236
-3.14159265358979,-3.14159265358979,-3.14159265358979,1.,1.,1.,      119P    237
1.,1.,1.,1.,1.,1.,1.,1.,1.,1.,1.,1.,1.,1.,1.,1.,1.,1.,1.,1.,1.,      119P    238
1.,1.,1.,1.,1.,1.,1.,1.,1.,1.,1.,1.,1.,1.,1.,1.,1.,1.,1.,1.,1.,      119P    239
1.,1.,1.,1.,1.,1.,1.,1.,1.,1.,1.,1.,1.,1.,1.,1.,1.,1.,1.,1.,0.5,     119P    240
0.99407114624506,0.,0.45133823944804,0.99407114624506,0.,            119P    241
0.40361150098017,0.98457770770911,0.,0.35588476251231,               119P    242
0.97508426917315,0.,0.31092715792239,0.9564622196202,0.,             119P    243
0.26596955333247,0.93784017006725,0.,0.22550877815237,               119P    244
0.91080514441825,0.,0.18504800297227,0.88377011876926,0.,            119P    245
0.15063894210151,0.84936105789849,0.,0.11622988123074,               119P    246
0.81495199702773,0.,0.08919485558175,0.77449122184763,0.,            119P    247
0.06215982993275,0.73403044666753,0.,0.0435377803798,                119P    248
0.68907284207761,0.,0.02491573082685,0.64411523748769,0.,            119P    249
0.01542229229089,0.59638849901983,0.,0.00592885375494,               119P    250
0.54866176055196,0.,0.00592885375494,0.5,0.,0.00592885375494,        119P    251
0.45133823944804,0.,0.01542229229089,0.40361150098017,0.,            119P    252
0.02491573082685,0.35588476251231,0.,0.0435377803798,                119P    253
0.31092715792239,0.,0.06215982993275,0.26596955333247,0.,            119P    254
0.08919485558175,0.22550877815237,0.,0.11622988123074,               119P    255
0.18504800297227,0.,0.15063894210151,0.15063894210151,0.,            119P    256
0.18504800297227,0.11622988123074,0.,0.22550877815237,               119P    257
0.08919485558175,0.,0.26596955333247,0.06215982993275,0.,            119P    258
0.31092715792239,0.0435377803798,0.,0.35588476251231,                119P    259
0.02491573082685,0.,0.40361150098017,0.01542229229089,0.,            119P    260
0.45133823944804,0.00592885375494,0.,0.5,0.00592885375494,0.,        119P    261
0.54866176055196,0.00592885375494,0.,0.59638849901983,               119P    262
0.01542229229089,0.,0.64411523748769,0.02491573082685,0.,            119P    263
0.68907284207761,0.0435377803798,0.,0.73403044666753,                119P    264
0.06215982993275,0.,0.77449122184763,0.08919485558175,0.,            119P    265
0.81495199702773,0.11622988123074,0.,0.84936105789849,               119P    266
0.15063894210151,0.,0.88377011876926,0.18504800297227,0.,            119P    267
0.91080514441825,0.22550877815237,0.,0.93784017006725,               119P    268
0.26596955333247,0.,0.9564622196202,0.31092715792239,0.,             119P    269
0.97508426917315,0.35588476251231,0.,0.98457770770911,               119P    270
0.40361150098017,0.,0.99407114624506,0.45133823944804,0.,            119P    271
0.99407114624506,0.5,0.,0.99407114624506,0.54866176055196,0.,        119P    272
0.98457770770911,0.59638849901983,0.,0.97508426917315,               119P    273
0.64411523748769,0.,0.9564622196202,0.68907284207761,0.,             119P    274
0.93784017006725,0.73403044666753,0.,0.91080514441825,               119P    275
0.77449122184763,0.,0.88377011876926,0.81495199702773,0.,            119P    276
0.84936105789849,0.84936105789849,0.,0.81495199702773,               119P    277
0.88377011876926,0.,0.77449122184763,0.91080514441825,0.,            119P    278
0.73403044666753,0.93784017006725,0.,0.68907284207761,               119P    279
0.9564622196202,0.,0.64411523748769,0.97508426917315,0.,             119P    280
0.59638849901983,0.98457770770911,0.,0.54866176055196,               119P    281
0.99407114624506,0.,0.5,0.99407114624506,0.,-9.42477796076938,       119P    282
-3.14159265358979,0.,0.,1.;                                          119P    283
102,1,119;                                                           121P    284
124,0.,-1.,0.,0.,0.,0.,1.,0.,-1.,0.,0.,0.;                           123P    285
100,0.,0.,0.,-0.065,-0.,-0.065,-0.;                                  125P    286
102,1,125;                                                           127P    287
142,1,117,121,127,2;                                                 129P    288
126,64,2,1,1,1,1,-9.42477796076938,-9.42477796076938,                131P    289
-9.42477796076938,-9.22842841992002,-9.22842841992002,               131P    290
-9.03207887907065,-9.03207887907065,-8.83572933822129,               131P    291
-8.83572933822129,-8.63937979737193,-8.63937979737193,               131P    292
-8.44303025652257,-8.44303025652257,-8.24668071567321,               131P    293
-8.24668071567321,-8.05033117482385,-8.05033117482385,               131P    294
-7.85398163397448,-7.85398163397448,-7.65763209312512,               131P    295
-7.65763209312512,-7.46128255227576,-7.46128255227576,               131P    296
-7.2649330114264,-7.2649330114264,-7.06858347057703,                 131P    297
-7.06858347057703,-6.87223392972767,-6.87223392972767,               131P    298
-6.67588438887831,-6.67588438887831,-6.47953484802895,               131P    299
-6.47953484802895,-6.28318530717959,-6.28318530717959,               131P    300
-6.08683576633022,-6.08683576633022,-5.89048622548086,               131P    301
-5.89048622548086,-5.6941366846315,-5.6941366846315,                 131P    302
-5.49778714378214,-5.49778714378214,-5.30143760293278,               131P    303
-5.30143760293278,-5.10508806208341,-5.10508806208341,               131P    304
-4.90873852123405,-4.90873852123405,-4.71238898038469,               131P    305
-4.71238898038469,-4.51603943953533,-4.51603943953533,               131P    306
-4.31968989868597,-4.31968989868597,-4.1233403578366,                131P    307
-4.1233403578366,-3.92699081698724,-3.92699081698724,                131P    308
-3.73064127613788,-3.73064127613788,-3.53429173528852,               131P    309
-3.53429173528852,-3.33794219443916,-3.33794219443916,               131P    310
-3.14159265358979,-3.14159265358979,-3.14159265358979,1.,1.,1.,      131P    311
1.,1.,1.,1.,1.,1.,1.,1.,1.,1.,1.,1.,1.,1.,1.,1.,1.,1.,1.,1.,1.,      131P    312
1.,1.,1.,1.,1.,1.,1.,1.,1.,1.,1.,1.,1.,1.,1.,1.,1.,1.,1.,1.,1.,      131P    313
1.,1.,1.,1.,1.,1.,1.,1.,1.,1.,1.,1.,1.,1.,1.,1.,1.,1.,1.,1.,0.5,     131P    314
0.04773487382183,0.,0.45545577303321,0.04773487382183,0.,            131P    315
0.41176745089724,0.05642502140474,0.,0.36807912876126,               131P    316
0.06511516898765,0.,0.32692562917511,0.08216150665535,0.,            131P    317
0.28577212958895,0.09920784432306,0.,0.24873495846255,               131P    318
0.12395529087868,0.,0.21169778733616,0.1487027374343,0.,             131P    319
0.18020026238523,0.18020026238523,0.,0.14870273743429,               131P    320
0.21169778733616,0.,0.12395529087868,0.24873495846255,0.,            131P    321
0.09920784432306,0.28577212958895,0.,0.08216150665535,               131P    322
0.32692562917511,0.,0.06511516898765,0.36807912876126,0.,            131P    323
0.05642502140474,0.41176745089724,0.,0.04773487382183,               131P    324
0.45545577303321,0.,0.04773487382183,0.5,0.,0.04773487382183,        131P    325
0.54454422696679,0.,0.05642502140474,0.58823254910276,0.,            131P    326
0.06511516898765,0.63192087123873,0.,0.08216150665535,               131P    327
0.67307437082489,0.,0.09920784432306,0.71422787041105,0.,            131P    328
0.12395529087868,0.75126504153745,0.,0.14870273743429,               131P    329
0.78830221266384,0.,0.18020026238523,0.81979973761477,0.,            131P    330
0.21169778733616,0.85129726256571,0.,0.24873495846255,               131P    331
0.87604470912132,0.,0.28577212958895,0.90079215567694,0.,            131P    332
0.32692562917511,0.91783849334465,0.,0.36807912876126,               131P    333
0.93488483101235,0.,0.41176745089724,0.94357497859526,0.,            131P    334
0.45545577303321,0.95226512617817,0.,0.5,0.95226512617817,0.,        131P    335
0.54454422696679,0.95226512617817,0.,0.58823254910276,               131P    336
0.94357497859526,0.,0.63192087123874,0.93488483101235,0.,            131P    337
0.67307437082489,0.91783849334465,0.,0.71422787041105,               131P    338
0.90079215567694,0.,0.75126504153745,0.87604470912132,0.,            131P    339
0.78830221266384,0.85129726256571,0.,0.81979973761477,               131P    340
0.81979973761477,0.,0.85129726256571,0.78830221266384,0.,            131P    341
0.87604470912132,0.75126504153745,0.,0.90079215567694,               131P    342
0.71422787041105,0.,0.91783849334465,0.67307437082489,0.,            131P    343
0.93488483101235,0.63192087123874,0.,0.94357497859526,               131P    344
0.58823254910276,0.,0.95226512617817,0.54454422696679,0.,            131P    345
0.95226512617817,0.5,0.,0.95226512617817,0.45545577303321,0.,        131P    346
0.94357497859526,0.41176745089724,0.,0.93488483101235,               131P    347
0.36807912876126,0.,0.91783849334465,0.32692562917511,0.,            131P    348
0.90079215567694,0.28577212958895,0.,0.87604470912132,               131P    349
0.24873495846255,0.,0.85129726256571,0.21169778733616,0.,            131P    350
0.81979973761477,0.18020026238523,0.,0.78830221266384,               131P    351
0.14870273743429,0.,0.75126504153745,0.12395529087868,0.,            131P    352
0.71422787041105,0.09920784432306,0.,0.67307437082489,               131P    353
0.08216150665535,0.,0.63192087123874,0.06511516898765,0.,            131P    354
0.58823254910276,0.05642502140474,0.,0.54454422696679,               131P    355
0.04773487382183,0.,0.5,0.04773487382183,0.,-9.42477796076938,       131P    356
-3.14159265358979,0.,0.,1.;                                          131P    357
102,1,131;                                                           133P    358
124,0.,-1.,0.,0.,0.,0.,-1.,0.,1.,0.,0.,0.;                           135P    359
100,0.,0.,0.,-0.0595,-0.,-0.0595,-0.;                                137P    360
102,1,137;                                                           139P    361
142,1,117,133,139,2;                                                 141P    362
144,117,1,1,129,141;                                                 143P    363
314,61.5686297416687,81.17647171020508,92.9411768913269,10HMixed     145P    364
Color;                                                               145P    365
110,0.,0.02,0.,0.,-0.98,0.;                                          147P    366
110,0.,0.,-0.0595,0.,0.025,-0.0595;                                  149P    367
120,147,149,0.,6.28318530717959;                                     151P    368
126,1,1,1,0,1,0,0.,0.,6.28318530717959,6.28318530717959,1.,1.,       153P    369
1.,0.,0.,1.,6.28318530717959,0.,0.,6.28318530717959,0.,0.,1.;        153P    370
126,1,1,1,0,1,0,-0.005,-0.005,0.02,0.02,1.,1.,1.,                    155P    371
6.28318530717959,0.,-0.,6.28318530717959,0.,-0.005,0.02,0.,0.,       155P    372
1.;                                                                  155P    373
126,1,1,1,0,1,0,3.14159265358979,3.14159265358979,                   157P    374
9.42477796076938,9.42477796076938,1.,1.,-0.,6.28318530717959,0.,     157P    375
-0.,0.,0.,3.14159265358979,9.42477796076938,0.,0.,1.;                157P    376
126,1,1,1,0,1,0,-0.02,-0.02,0.005,0.005,1.,1.,-0.,0.,0.,1.,0.,       159P    377
0.,-0.02,0.005,0.,0.,1.;                                             159P    378
102,4,153,155,157,159;                                               161P    379
124,0.,1.,0.,0.,0.,0.,-1.,0.025,-1.,0.,0.,0.;                        163P    380
100,0.,0.,0.,0.0595,0.,0.0595,-0.;                                   165P    381
110,0.,0.025,-0.0595,0.,0.,-0.0595;                                  167P    382
124,0.,1.,0.,0.,0.,0.,1.,0.,1.,0.,0.,0.;                             169P    383
100,0.,0.,0.,-0.0595,0.,-0.0595,0.;                                  171P    384
110,0.,0.,-0.0595,0.,0.025,-0.0595;                                  173P    385
102,4,165,167,171,173;                                               175P    386
142,1,151,161,175,2;                                                 177P    387
144,151,1,0,177;                                                     179P    388
314,61.5686297416687,81.17647171020508,92.9411768913269,10HMixed     181P    389
Color;                                                               181P    390
110,0.,-0.025,0.,0.,0.975,0.;                                        183P    391
110,0.,-0.01,0.0575,0.,0.,0.0575;                                    185P    392
120,183,185,0.,6.28318530717959;                                     187P    393
126,1,1,1,0,1,0,3.14159265358979,3.14159265358979,                   189P    394
9.42477796076938,9.42477796076938,1.,1.,0.,6.28318530717959,0.,      189P    395
0.,0.,0.,3.14159265358979,9.42477796076938,0.,0.,1.;                 189P    396
126,1,1,1,0,1,0,0.,0.,1.,1.,1.,1.,0.,0.,0.,0.,6.28318530717959,      191P    397
0.,0.,1.,0.,0.,1.;                                                   191P    398
126,1,1,1,0,1,0,0.015,0.015,0.025,0.025,1.,1.,0.,                    193P    399
6.28318530717959,0.,1.,6.28318530717959,0.,0.015,0.025,0.,0.,1.;     193P    400
126,1,1,1,0,1,0,0.,0.,1.,1.,1.,1.,1.,6.28318530717959,0.,1.,0.,      195P    401
0.,0.,1.,0.,0.,1.;                                                   195P    402
126,1,1,1,0,1,0,-9.42477796076938,-9.42477796076938,                 197P    403
-3.14159265358979,-3.14159265358979,1.,1.,1.,0.,0.,1.,               197P    404
6.28318530717959,0.,-9.42477796076938,-3.14159265358979,0.,0.,       197P    405
1.;                                                                  197P    406
126,1,1,1,0,1,0,0.,0.,1.,1.,1.,1.,1.,6.28318530717959,0.,1.,0.,      199P    407
0.,0.,1.,0.,0.,1.;                                                   199P    408
126,1,1,1,0,1,0,-0.025,-0.025,-0.015,-0.015,1.,1.,1.,0.,0.,0.,       201P    409
0.,0.,-0.025,-0.015,0.,0.,1.;                                        201P    410
126,1,1,1,0,1,0,0.,0.,1.,1.,1.,1.,0.,0.,0.,0.,6.28318530717959,      203P    411
0.,0.,1.,0.,0.,1.;                                                   203P    412
102,8,189,191,193,195,197,199,201,203;                               205P    413
124,0.,1.,0.,0.,0.,0.,-1.,-0.01,-1.,0.,0.,0.;                        207P    414
100,0.,0.,0.,-0.0575,0.,-0.0575,0.;                                  209P    415
110,0.,-0.01,0.0575,0.,0.,0.0575;                                    211P    416
124,0.,-1.,0.,0.,0.,0.,1.,0.,-1.,0.,0.,0.;                           213P    417
100,0.,0.,0.,-0.0575,-0.,-0.0575,-0.;                                215P    418
110,0.,0.,0.0575,0.,-0.01,0.0575;                                    217P    419
102,4,209,211,215,217;                                               219P    420
142,1,187,205,219,2;                                                 221P    421
144,187,1,0,221;                                                     223P    422
314,61.5686297416687,81.17647171020508,92.9411768913269,10HMixed     225P    423
Color;                                                               225P    424
110,-0.05819,0.,-0.05819,0.05819,0.,-0.05819;                        227P    425
122,227,-0.05819,0.,0.05819;                                         229P    426
126,64,2,1,1,1,1,3.14159265358979,3.14159265358979,                  231P    427
3.14159265358979,3.33794219443916,3.33794219443916,                  231P    428
3.53429173528852,3.53429173528852,3.73064127613788,                  231P    429
3.73064127613788,3.92699081698724,3.92699081698724,                  231P    430
4.1233403578366,4.1233403578366,4.31968989868597,                    231P    431
4.31968989868597,4.51603943953533,4.51603943953533,                  231P    432
4.71238898038469,4.71238898038469,4.90873852123405,                  231P    433
4.90873852123405,5.10508806208341,5.10508806208341,                  231P    434
5.30143760293278,5.30143760293278,5.49778714378214,                  231P    435
5.49778714378214,5.6941366846315,5.6941366846315,                    231P    436
5.89048622548086,5.89048622548086,6.08683576633022,                  231P    437
6.08683576633022,6.28318530717959,6.28318530717959,                  231P    438
6.47953484802895,6.47953484802895,6.67588438887831,                  231P    439
6.67588438887831,6.87223392972767,6.87223392972767,                  231P    440
7.06858347057703,7.06858347057703,7.2649330114264,                   231P    441
7.2649330114264,7.46128255227576,7.46128255227576,                   231P    442
7.65763209312512,7.65763209312512,7.85398163397448,                  231P    443
7.85398163397448,8.05033117482385,8.05033117482385,                  231P    444
8.24668071567321,8.24668071567321,8.44303025652257,                  231P    445
8.44303025652257,8.63937979737193,8.63937979737193,                  231P    446
8.83572933822129,8.83572933822129,9.03207887907065,                  231P    447
9.03207887907065,9.22842841992002,9.22842841992002,                  231P    448
9.42477796076938,9.42477796076938,9.42477796076938,1.,1.,1.,1.,      231P    449
1.,1.,1.,1.,1.,1.,1.,1.,1.,1.,1.,1.,1.,1.,1.,1.,1.,1.,1.,1.,1.,      231P    450
1.,1.,1.,1.,1.,1.,1.,1.,1.,1.,1.,1.,1.,1.,1.,1.,1.,1.,1.,1.,1.,      231P    451
1.,1.,1.,1.,1.,1.,1.,1.,1.,1.,1.,1.,1.,1.,1.,1.,1.,1.,1.,0.5,        231P    452
0.99407114624506,0.,0.45133823944804,0.99407114624506,0.,            231P    453
0.40361150098017,0.98457770770911,0.,0.35588476251231,               231P    454
0.97508426917315,0.,0.31092715792239,0.9564622196202,0.,             231P    455
0.26596955333247,0.93784017006725,0.,0.22550877815237,               231P    456
0.91080514441825,0.,0.18504800297227,0.88377011876926,0.,            231P    457
0.15063894210151,0.84936105789849,0.,0.11622988123074,               231P    458
0.81495199702773,0.,0.08919485558175,0.77449122184763,0.,            231P    459
0.06215982993275,0.73403044666753,0.,0.0435377803798,                231P    460
0.68907284207761,0.,0.02491573082685,0.64411523748769,0.,            231P    461
0.01542229229089,0.59638849901983,0.,0.00592885375494,               231P    462
0.54866176055196,0.,0.00592885375494,0.5,0.,0.00592885375494,        231P    463
0.45133823944804,0.,0.01542229229089,0.40361150098017,0.,            231P    464
0.02491573082685,0.35588476251231,0.,0.0435377803798,                231P    465
0.31092715792239,0.,0.06215982993275,0.26596955333247,0.,            231P    466
0.08919485558175,0.22550877815237,0.,0.11622988123074,               231P    467
0.18504800297227,0.,0.15063894210151,0.15063894210151,0.,            231P    468
0.18504800297227,0.11622988123074,0.,0.22550877815237,               231P    469
0.08919485558175,0.,0.26596955333247,0.06215982993275,0.,            231P    470
0.31092715792239,0.0435377803798,0.,0.35588476251231,                231P    471
0.02491573082685,0.,0.40361150098017,0.01542229229089,0.,            231P    472
0.45133823944804,0.00592885375494,0.,0.5,0.00592885375494,0.,        231P    473
0.54866176055196,0.00592885375494,0.,0.59638849901983,               231P    474
0.01542229229089,0.,0.64411523748769,0.02491573082685,0.,            231P    475
0.68907284207761,0.0435377803798,0.,0.73403044666753,                231P    476
0.06215982993275,0.,0.77449122184763,0.08919485558175,0.,            231P    477
0.81495199702773,0.11622988123074,0.,0.84936105789849,               231P    478
0.15063894210151,0.,0.88377011876926,0.18504800297227,0.,            231P    479
0.91080514441825,0.22550877815237,0.,0.93784017006725,               231P    480
0.26596955333247,0.,0.9564622196202,0.31092715792239,0.,             231P    481
0.97508426917315,0.35588476251231,0.,0.98457770770911,               231P    482
0.40361150098017,0.,0.99407114624506,0.45133823944804,0.,            231P    483
0.99407114624506,0.5,0.,0.99407114624506,0.54866176055196,0.,        231P    484
0.98457770770911,0.59638849901983,0.,0.97508426917315,               231P    485
0.64411523748769,0.,0.9564622196202,0.68907284207761,0.,             231P    486
0.93784017006725,0.73403044666753,0.,0.91080514441825,               231P    487
0.77449122184763,0.,0.88377011876926,0.81495199702773,0.,            231P    488
0.84936105789849,0.84936105789849,0.,0.81495199702773,               231P    489
0.88377011876926,0.,0.77449122184763,0.91080514441825,0.,            231P    490
0.73403044666753,0.93784017006725,0.,0.68907284207761,               231P    491
0.9564622196202,0.,0.64411523748769,0.97508426917315,0.,             231P    492
0.59638849901983,0.98457770770911,0.,0.54866176055196,               231P    493
0.99407114624506,0.,0.5,0.99407114624506,0.,3.14159265358979,        231P    494
9.42477796076938,0.,0.,1.;                                           231P    495
102,1,231;                                                           233P    496
124,0.,1.,0.,0.,0.,0.,-1.,0.,-1.,0.,0.,0.;                           235P    497
100,0.,0.,0.,-0.0575,0.,-0.0575,0.;                                  237P    498
102,1,237;                                                           239P    499
142,1,229,233,239,2;                                                 241P    500
126,64,2,1,1,1,1,-6.28318530717959,-6.28318530717959,                243P    501
-6.28318530717959,-6.08683576633022,-6.08683576633022,               243P    502
-5.89048622548086,-5.89048622548086,-5.6941366846315,                243P    503
-5.6941366846315,-5.49778714378214,-5.49778714378214,                243P    504
-5.30143760293278,-5.30143760293278,-5.10508806208341,               243P    505
-5.10508806208341,-4.90873852123405,-4.90873852123405,               243P    506
-4.71238898038469,-4.71238898038469,-4.51603943953533,               243P    507
-4.51603943953533,-4.31968989868597,-4.31968989868597,               243P    508
-4.1233403578366,-4.1233403578366,-3.92699081698724,                 243P    509
-3.92699081698724,-3.73064127613788,-3.73064127613788,               243P    510
-3.53429173528852,-3.53429173528852,-3.33794219443916,               243P    511
-3.33794219443916,-3.14159265358979,-3.14159265358979,               243P    512
-2.94524311274043,-2.94524311274043,-2.74889357189107,               243P    513
-2.74889357189107,-2.55254403104171,-2.55254403104171,               243P    514
-2.35619449019234,-2.35619449019234,-2.15984494934298,               243P    515
-2.15984494934298,-1.96349540849362,-1.96349540849362,               243P    516
-1.76714586764426,-1.76714586764426,-1.5707963267949,                243P    517
-1.5707963267949,-1.37444678594553,-1.37444678594553,                243P    518
-1.17809724509617,-1.17809724509617,-0.98174770424681,               243P    519
-0.98174770424681,-0.78539816339745,-0.78539816339745,               243P    520
-0.58904862254809,-0.58904862254809,-0.39269908169872,               243P    521
-0.39269908169872,-0.19634954084936,-0.19634954084936,0.,0.,0.,      243P    522
1.,1.,1.,1.,1.,1.,1.,1.,1.,1.,1.,1.,1.,1.,1.,1.,1.,1.,1.,1.,1.,      243P    523
1.,1.,1.,1.,1.,1.,1.,1.,1.,1.,1.,1.,1.,1.,1.,1.,1.,1.,1.,1.,1.,      243P    524
1.,1.,1.,1.,1.,1.,1.,1.,1.,1.,1.,1.,1.,1.,1.,1.,1.,1.,1.,1.,1.,      243P    525
1.,1.,0.5,0.03170647877642,0.,0.45387711391162,0.03170647877642,     243P    526
0.,0.40864046614643,0.04070460747572,0.,0.36340381838123,            243P    527
0.04970273617501,0.,0.32079182794383,0.0673532005339,0.,             243P    528
0.27817983750642,0.08500366489278,0.,0.23983005929225,               243P    529
0.11062816746444,0.,0.20148028107807,0.13625267003609,0.,            243P    530
0.16886647555708,0.16886647555708,0.,0.13625267003609,               243P    531
0.20148028107807,0.,0.11062816746444,0.23983005929225,0.,            243P    532
0.08500366489278,0.27817983750642,0.,0.0673532005339,                243P    533
0.32079182794383,0.,0.04970273617501,0.36340381838123,0.,            243P    534
0.04070460747572,0.40864046614643,0.,0.03170647877642,               243P    535
0.45387711391162,0.,0.03170647877642,0.5,0.,0.03170647877642,        243P    536
0.54612288608838,0.,0.04070460747572,0.59135953385357,0.,            243P    537
0.04970273617501,0.63659618161877,0.,0.0673532005339,                243P    538
0.67920817205617,0.,0.08500366489278,0.72182016249357,0.,            243P    539
0.11062816746444,0.76016994070775,0.,0.13625267003609,               243P    540
0.79851971892193,0.,0.16886647555708,0.83113352444292,0.,            243P    541
0.20148028107807,0.86374732996391,0.,0.23983005929225,               243P    542
0.88937183253556,0.,0.27817983750643,0.91499633510722,0.,            243P    543
0.32079182794383,0.9326467994661,0.,0.36340381838123,                243P    544
0.95029726382499,0.,0.40864046614643,0.95929539252428,0.,            243P    545
0.45387711391162,0.96829352122358,0.,0.5,0.96829352122358,0.,        243P    546
0.54612288608838,0.96829352122358,0.,0.59135953385357,               243P    547
0.95929539252428,0.,0.63659618161877,0.95029726382499,0.,            243P    548
0.67920817205617,0.9326467994661,0.,0.72182016249358,                243P    549
0.91499633510722,0.,0.76016994070775,0.88937183253556,0.,            243P    550
0.79851971892193,0.86374732996391,0.,0.83113352444292,               243P    551
0.83113352444292,0.,0.86374732996391,0.79851971892193,0.,            243P    552
0.88937183253556,0.76016994070775,0.,0.91499633510722,               243P    553
0.72182016249358,0.,0.9326467994661,0.67920817205617,0.,             243P    554
0.95029726382499,0.63659618161877,0.,0.95929539252428,               243P    555
0.59135953385357,0.,0.96829352122358,0.54612288608838,0.,            243P    556
0.96829352122358,0.5,0.,0.96829352122358,0.45387711391162,0.,        243P    557
0.95929539252428,0.40864046614643,0.,0.95029726382499,               243P    558
0.36340381838123,0.,0.9326467994661,0.32079182794383,0.,             243P    559
0.91499633510722,0.27817983750642,0.,0.88937183253556,               243P    560
0.23983005929225,0.,0.86374732996391,0.20148028107807,0.,            243P    561
0.83113352444292,0.16886647555708,0.,0.79851971892193,               243P    562
0.13625267003609,0.,0.76016994070775,0.11062816746444,0.,            243P    563
0.72182016249357,0.08500366489278,0.,0.67920817205617,               243P    564
0.0673532005339,0.,0.63659618161877,0.04970273617501,0.,             243P    565
0.59135953385357,0.04070460747572,0.,0.54612288608838,               243P    566
0.03170647877642,0.,0.5,0.03170647877642,0.,-6.28318530717959,       243P    567
0.,0.,0.,1.;                                                         243P    568
102,1,243;                                                           245P    569
124,0.,-1.,0.,0.,0.,0.,1.,0.,-1.,0.,0.,0.;                           247P    570
100,0.,0.,0.,0.0545,0.,0.0545,0.;                                    249P    571
102,1,249;                                                           251P    572
142,1,229,245,251,2;                                                 253P    573
144,229,1,1,241,253;                                                 255P    574
314,61.5686297416687,81.17647171020508,92.9411768913269,10HMixed     257P    575
Color;                                                               257P    576
110,0.060214,0.025,-0.060214,-0.060214,0.025,-0.060214;              259P    577
122,259,0.060214,0.025,0.060214;                                     261P    578
126,64,2,1,1,1,1,-6.28318530717959,-6.28318530717959,                263P    579
-6.28318530717959,-6.08683576633022,-6.08683576633022,               263P    580
-5.89048622548086,-5.89048622548086,-5.6941366846315,                263P    581
-5.6941366846315,-5.49778714378214,-5.49778714378214,                263P    582
-5.30143760293278,-5.30143760293278,-5.10508806208341,               263P    583
-5.10508806208341,-4.90873852123405,-4.90873852123405,               263P    584
-4.71238898038469,-4.71238898038469,-4.51603943953533,               263P    585
-4.51603943953533,-4.31968989868597,-4.31968989868597,               263P    586
-4.1233403578366,-4.1233403578366,-3.92699081698724,                 263P    587
-3.92699081698724,-3.73064127613788,-3.73064127613788,               263P    588
-3.53429173528852,-3.53429173528852,-3.33794219443916,               263P    589
-3.33794219443916,-3.14159265358979,-3.14159265358979,               263P    590
-2.94524311274043,-2.94524311274043,-2.74889357189107,               263P    591
-2.74889357189107,-2.55254403104171,-2.55254403104171,               263P    592
-2.35619449019234,-2.35619449019234,-2.15984494934298,               263P    593
-2.15984494934298,-1.96349540849362,-1.96349540849362,               263P    594
-1.76714586764426,-1.76714586764426,-1.5707963267949,                263P    595
-1.5707963267949,-1.37444678594553,-1.37444678594553,                263P    596
-1.17809724509617,-1.17809724509617,-0.98174770424681,               263P    597
-0.98174770424681,-0.78539816339745,-0.78539816339745,               263P    598
-0.58904862254809,-0.58904862254809,-0.39269908169872,               263P    599
-0.39269908169872,-0.19634954084936,-0.19634954084936,0.,0.,0.,      263P    600
1.,1.,1.,1.,1.,1.,1.,1.,1.,1.,1.,1.,1.,1.,1.,1.,1.,1.,1.,1.,1.,      263P    601
1.,1.,1.,1.,1.,1.,1.,1.,1.,1.,1.,1.,1.,1.,1.,1.,1.,1.,1.,1.,1.,      263P    602
1.,1.,1.,1.,1.,1.,1.,1.,1.,1.,1.,1.,1.,1.,1.,1.,1.,1.,1.,1.,1.,      263P    603
1.,1.,0.5,0.00592885375494,0.,0.54866176055196,0.00592885375494,     263P    604
0.,0.59638849901983,0.01542229229089,0.,0.64411523748769,            263P    605
0.02491573082685,0.,0.68907284207761,0.0435377803798,0.,             263P    606
0.73403044666753,0.06215982993275,0.,0.77449122184763,               263P    607
0.08919485558175,0.,0.81495199702773,0.11622988123074,0.,            263P    608
0.84936105789849,0.15063894210151,0.,0.88377011876926,               263P    609
0.18504800297227,0.,0.91080514441825,0.22550877815237,0.,            263P    610
0.93784017006725,0.26596955333247,0.,0.9564622196202,                263P    611
0.31092715792239,0.,0.97508426917315,0.35588476251231,0.,            263P    612
0.98457770770911,0.40361150098017,0.,0.99407114624506,               263P    613
0.45133823944804,0.,0.99407114624506,0.5,0.,0.99407114624506,        263P    614
0.54866176055196,0.,0.98457770770911,0.59638849901983,0.,            263P    615
0.97508426917315,0.64411523748769,0.,0.9564622196202,                263P    616
0.68907284207761,0.,0.93784017006725,0.73403044666753,0.,            263P    617
0.91080514441825,0.77449122184763,0.,0.88377011876926,               263P    618
0.81495199702773,0.,0.84936105789849,0.84936105789849,0.,            263P    619
0.81495199702773,0.88377011876926,0.,0.77449122184763,               263P    620
0.91080514441825,0.,0.73403044666753,0.93784017006725,0.,            263P    621
0.68907284207761,0.9564622196202,0.,0.64411523748769,                263P    622
0.97508426917315,0.,0.59638849901983,0.98457770770911,0.,            263P    623
0.54866176055196,0.99407114624506,0.,0.5,0.99407114624506,0.,        263P    624
0.45133823944804,0.99407114624506,0.,0.40361150098017,               263P    625
0.98457770770911,0.,0.35588476251231,0.97508426917315,0.,            263P    626
0.31092715792239,0.9564622196202,0.,0.26596955333247,                263P    627
0.93784017006725,0.,0.22550877815237,0.91080514441825,0.,            263P    628
0.18504800297227,0.88377011876926,0.,0.15063894210151,               263P    629
0.84936105789849,0.,0.11622988123074,0.81495199702773,0.,            263P    630
0.08919485558175,0.77449122184763,0.,0.06215982993275,               263P    631
0.73403044666753,0.,0.0435377803798,0.68907284207761,0.,             263P    632
0.02491573082685,0.64411523748769,0.,0.01542229229089,               263P    633
0.59638849901983,0.,0.00592885375494,0.54866176055196,0.,            263P    634
0.00592885375494,0.5,0.,0.00592885375494,0.45133823944804,0.,        263P    635
0.01542229229089,0.40361150098017,0.,0.02491573082685,               263P    636
0.35588476251231,0.,0.0435377803798,0.31092715792239,0.,             263P    637
0.06215982993275,0.26596955333247,0.,0.08919485558175,               263P    638
0.22550877815237,0.,0.11622988123074,0.18504800297227,0.,            263P    639
0.15063894210151,0.15063894210151,0.,0.18504800297227,               263P    640
0.11622988123074,0.,0.22550877815237,0.08919485558175,0.,            263P    641
0.26596955333247,0.06215982993275,0.,0.31092715792239,               263P    642
0.0435377803798,0.,0.35588476251231,0.02491573082685,0.,             263P    643
0.40361150098017,0.01542229229089,0.,0.45133823944804,               263P    644
0.00592885375494,0.,0.5,0.00592885375494,0.,-6.28318530717959,       263P    645
0.,0.,0.,1.;                                                         263P    646
102,1,263;                                                           265P    647
124,0.,-1.,0.,0.,0.,0.,1.,0.025,-1.,0.,0.,0.;                        267P    648
100,0.,0.,0.,0.0595,0.,0.0595,0.;                                    269P    649
102,1,269;                                                           271P    650
142,1,261,265,271,2;                                                 273P    651
126,64,2,1,1,1,1,-6.28318530717959,-6.28318530717959,                275P    652
-6.28318530717959,-6.08683576633022,-6.08683576633022,               275P    653
-5.89048622548086,-5.89048622548086,-5.6941366846315,                275P    654
-5.6941366846315,-5.49778714378214,-5.49778714378214,                275P    655
-5.30143760293278,-5.30143760293278,-5.10508806208341,               275P    656
-5.10508806208341,-4.90873852123405,-4.90873852123405,               275P    657
-4.71238898038469,-4.71238898038469,-4.51603943953533,               275P    658
-4.51603943953533,-4.31968989868597,-4.31968989868597,               275P    659
-4.1233403578366,-4.1233403578366,-3.92699081698724,                 275P    660
-3.92699081698724,-3.73064127613788,-3.73064127613788,               275P    661
-3.53429173528852,-3.53429173528852,-3.33794219443916,               275P    662
-3.33794219443916,-3.14159265358979,-3.14159265358979,               275P    663
-2.94524311274043,-2.94524311274043,-2.74889357189107,               275P    664
-2.74889357189107,-2.55254403104171,-2.55254403104171,               275P    665
-2.35619449019234,-2.35619449019234,-2.15984494934298,               275P    666
-2.15984494934298,-1.96349540849362,-1.96349540849362,               275P    667
-1.76714586764426,-1.76714586764426,-1.5707963267949,                275P    668
-1.5707963267949,-1.37444678594553,-1.37444678594553,                275P    669
-1.17809724509617,-1.17809724509617,-0.98174770424681,               275P    670
-0.98174770424681,-0.78539816339745,-0.78539816339745,               275P    671
-0.58904862254809,-0.58904862254809,-0.39269908169872,               275P    672
-0.39269908169872,-0.19634954084936,-0.19634954084936,0.,0.,0.,      275P    673
1.,1.,1.,1.,1.,1.,1.,1.,1.,1.,1.,1.,1.,1.,1.,1.,1.,1.,1.,1.,1.,      275P    674
1.,1.,1.,1.,1.,1.,1.,1.,1.,1.,1.,1.,1.,1.,1.,1.,1.,1.,1.,1.,1.,      275P    675
1.,1.,1.,1.,1.,1.,1.,1.,1.,1.,1.,1.,1.,1.,1.,1.,1.,1.,1.,1.,1.,      275P    676
1.,1.,0.5,0.56227787557711,0.,0.50613383536369,0.56227787557711,     275P    677
0.,0.51214981080082,0.56108122366081,0.,0.51816578623794,            275P    678
0.55988457174452,0.,0.52383271118625,0.55753725457397,0.,            275P    679
0.52949963613456,0.55518993740343,0.,0.53459973384634,               275P    680
0.55178216106112,0.,0.53969983155812,0.54837438471881,0.,            275P    681
0.54403710813847,0.54403710813847,0.,0.54837438471881,               275P    682
0.53969983155812,0.,0.55178216106112,0.53459973384634,0.,            275P    683
0.55518993740343,0.52949963613456,0.,0.55753725457397,               275P    684
0.52383271118625,0.,0.55988457174452,0.51816578623794,0.,            275P    685
0.56108122366081,0.51214981080082,0.,0.56227787557711,               275P    686
0.50613383536369,0.,0.56227787557711,0.5,0.,0.56227787557711,        275P    687
0.49386616463631,0.,0.56108122366081,0.48785018919918,0.,            275P    688
0.55988457174452,0.48183421376206,0.,0.55753725457397,               275P    689
0.47616728881375,0.,0.55518993740343,0.47050036386544,0.,            275P    690
0.55178216106112,0.46540026615366,0.,0.54837438471881,               275P    691
0.46030016844188,0.,0.54403710813847,0.45596289186153,0.,            275P    692
0.53969983155812,0.45162561528119,0.,0.53459973384634,               275P    693
0.44821783893888,0.,0.52949963613456,0.44481006259657,0.,            275P    694
0.52383271118625,0.44246274542603,0.,0.51816578623794,               275P    695
0.44011542825548,0.,0.51214981080082,0.43891877633919,0.,            275P    696
0.50613383536369,0.43772212442289,0.,0.5,0.43772212442289,0.,        275P    697
0.49386616463631,0.43772212442289,0.,0.48785018919918,               275P    698
0.43891877633919,0.,0.48183421376206,0.44011542825548,0.,            275P    699
0.47616728881375,0.44246274542603,0.,0.47050036386544,               275P    700
0.44481006259657,0.,0.46540026615366,0.44821783893888,0.,            275P    701
0.46030016844188,0.45162561528119,0.,0.45596289186153,               275P    702
0.45596289186153,0.,0.45162561528119,0.46030016844188,0.,            275P    703
0.44821783893888,0.46540026615366,0.,0.44481006259657,               275P    704
0.47050036386544,0.,0.44246274542603,0.47616728881375,0.,            275P    705
0.44011542825548,0.48183421376206,0.,0.43891877633919,               275P    706
0.48785018919918,0.,0.43772212442289,0.49386616463631,0.,            275P    707
0.43772212442289,0.5,0.,0.43772212442289,0.50613383536369,0.,        275P    708
0.43891877633919,0.51214981080082,0.,0.44011542825548,               275P    709
0.51816578623794,0.,0.44246274542603,0.52383271118625,0.,            275P    710
0.44481006259657,0.52949963613456,0.,0.44821783893888,               275P    711
0.53459973384634,0.,0.45162561528119,0.53969983155812,0.,            275P    712
0.45596289186153,0.54403710813847,0.,0.46030016844188,               275P    713
0.54837438471881,0.,0.46540026615366,0.55178216106112,0.,            275P    714
0.47050036386544,0.55518993740343,0.,0.47616728881375,               275P    715
0.55753725457397,0.,0.48183421376206,0.55988457174452,0.,            275P    716
0.48785018919918,0.56108122366081,0.,0.49386616463631,               275P    717
0.56227787557711,0.,0.5,0.56227787557711,0.,-6.28318530717959,       275P    718
0.,0.,0.,1.;                                                         275P    719
102,1,275;                                                           277P    720
124,0.,-1.,0.,0.,0.,0.,-1.,0.025,1.,0.,0.,0.;                        279P    721
100,0.,0.,0.,0.0075,0.,0.0075,0.;                                    281P    722
102,1,281;                                                           283P    723
142,1,261,277,283,2;                                                 285P    724
144,261,1,1,273,285;                                                 287P    725
314,61.5686297416687,81.17647171020508,92.9411768913269,10HMixed     289P    726
Color;                                                               289P    727
110,-0.055154,0.022,-0.055154,0.055154,0.022,-0.055154;              291P    728
122,291,-0.055154,0.022,0.055154;                                    293P    729
126,64,2,1,1,1,1,0.,0.,0.,0.19634954084936,0.19634954084936,         295P    730
0.39269908169872,0.39269908169872,0.58904862254809,                  295P    731
0.58904862254809,0.78539816339745,0.78539816339745,                  295P    732
0.98174770424681,0.98174770424681,1.17809724509617,                  295P    733
1.17809724509617,1.37444678594553,1.37444678594553,                  295P    734
1.5707963267949,1.5707963267949,1.76714586764426,                    295P    735
1.76714586764426,1.96349540849362,1.96349540849362,                  295P    736
2.15984494934298,2.15984494934298,2.35619449019234,                  295P    737
2.35619449019234,2.55254403104171,2.55254403104171,                  295P    738
2.74889357189107,2.74889357189107,2.94524311274043,                  295P    739
2.94524311274043,3.14159265358979,3.14159265358979,                  295P    740
3.33794219443916,3.33794219443916,3.53429173528852,                  295P    741
3.53429173528852,3.73064127613788,3.73064127613788,                  295P    742
3.92699081698724,3.92699081698724,4.1233403578366,                   295P    743
4.1233403578366,4.31968989868597,4.31968989868597,                   295P    744
4.51603943953533,4.51603943953533,4.71238898038469,                  295P    745
4.71238898038469,4.90873852123405,4.90873852123405,                  295P    746
5.10508806208341,5.10508806208341,5.30143760293278,                  295P    747
5.30143760293278,5.49778714378214,5.49778714378214,                  295P    748
5.6941366846315,5.6941366846315,5.89048622548086,                    295P    749
5.89048622548086,6.08683576633022,6.08683576633022,                  295P    750
6.28318530717959,6.28318530717959,6.28318530717959,1.,1.,1.,1.,      295P    751
1.,1.,1.,1.,1.,1.,1.,1.,1.,1.,1.,1.,1.,1.,1.,1.,1.,1.,1.,1.,1.,      295P    752
1.,1.,1.,1.,1.,1.,1.,1.,1.,1.,1.,1.,1.,1.,1.,1.,1.,1.,1.,1.,1.,      295P    753
1.,1.,1.,1.,1.,1.,1.,1.,1.,1.,1.,1.,1.,1.,1.,1.,1.,1.,1.,0.5,        295P    754
0.00592885375494,0.,0.54866176055196,0.00592885375494,0.,            295P    755
0.59638849901983,0.01542229229089,0.,0.64411523748769,               295P    756
0.02491573082685,0.,0.68907284207761,0.0435377803798,0.,             295P    757
0.73403044666753,0.06215982993275,0.,0.77449122184763,               295P    758
0.08919485558175,0.,0.81495199702773,0.11622988123074,0.,            295P    759
0.84936105789849,0.15063894210151,0.,0.88377011876926,               295P    760
0.18504800297227,0.,0.91080514441825,0.22550877815237,0.,            295P    761
0.93784017006725,0.26596955333247,0.,0.9564622196202,                295P    762
0.31092715792239,0.,0.97508426917315,0.35588476251231,0.,            295P    763
0.98457770770911,0.40361150098017,0.,0.99407114624506,               295P    764
0.45133823944804,0.,0.99407114624506,0.5,0.,0.99407114624506,        295P    765
0.54866176055196,0.,0.98457770770911,0.59638849901983,0.,            295P    766
0.97508426917315,0.64411523748769,0.,0.9564622196202,                295P    767
0.68907284207761,0.,0.93784017006725,0.73403044666753,0.,            295P    768
0.91080514441825,0.77449122184763,0.,0.88377011876926,               295P    769
0.81495199702773,0.,0.84936105789849,0.84936105789849,0.,            295P    770
0.81495199702773,0.88377011876926,0.,0.77449122184763,               295P    771
0.91080514441825,0.,0.73403044666753,0.93784017006725,0.,            295P    772
0.68907284207761,0.9564622196202,0.,0.64411523748769,                295P    773
0.97508426917315,0.,0.59638849901983,0.98457770770911,0.,            295P    774
0.54866176055196,0.99407114624506,0.,0.5,0.99407114624506,0.,        295P    775
0.45133823944804,0.99407114624506,0.,0.40361150098017,               295P    776
0.98457770770911,0.,0.35588476251231,0.97508426917315,0.,            295P    777
0.31092715792239,0.9564622196202,0.,0.26596955333247,                295P    778
0.93784017006725,0.,0.22550877815237,0.91080514441825,0.,            295P    779
0.18504800297227,0.88377011876926,0.,0.15063894210151,               295P    780
0.84936105789849,0.,0.11622988123074,0.81495199702773,0.,            295P    781
0.08919485558175,0.77449122184763,0.,0.06215982993275,               295P    782
0.73403044666753,0.,0.0435377803798,0.68907284207761,0.,             295P    783
0.02491573082685,0.64411523748769,0.,0.01542229229089,               295P    784
0.59638849901983,0.,0.00592885375494,0.54866176055196,0.,            295P    785
0.00592885375494,0.5,0.,0.00592885375494,0.45133823944804,0.,        295P    786
0.01542229229089,0.40361150098017,0.,0.02491573082685,               295P    787
0.35588476251231,0.,0.0435377803798,0.31092715792239,0.,             295P    788
0.06215982993275,0.26596955333247,0.,0.08919485558175,               295P    789
0.22550877815237,0.,0.11622988123074,0.18504800297227,0.,            295P    790
0.15063894210151,0.15063894210151,0.,0.18504800297227,               295P    791
0.11622988123074,0.,0.22550877815237,0.08919485558175,0.,            295P    792
0.26596955333247,0.06215982993275,0.,0.31092715792239,               295P    793
0.0435377803798,0.,0.35588476251231,0.02491573082685,0.,             295P    794
0.40361150098017,0.01542229229089,0.,0.45133823944804,               295P    795
0.00592885375494,0.,0.5,0.00592885375494,0.,0.,6.28318530717959,     295P    796
0.,0.,1.;                                                            295P    797
102,1,295;                                                           297P    798
124,0.,1.,0.,0.,0.,0.,-1.,0.022,-1.,0.,0.,0.;                        299P    799
100,0.,0.,0.,0.0545,0.,0.0545,-0.;                                   301P    800
102,1,301;                                                           303P    801
142,1,293,297,303,2;                                                 305P    802
126,64,2,1,1,1,1,-9.42477796076938,-9.42477796076938,                307P    803
-9.42477796076938,-9.22842841992002,-9.22842841992002,               307P    804
-9.03207887907065,-9.03207887907065,-8.83572933822129,               307P    805
-8.83572933822129,-8.63937979737193,-8.63937979737193,               307P    806
-8.44303025652257,-8.44303025652257,-8.24668071567321,               307P    807
-8.24668071567321,-8.05033117482384,-8.05033117482384,               307P    808
-7.85398163397448,-7.85398163397448,-7.65763209312512,               307P    809
-7.65763209312512,-7.46128255227576,-7.46128255227576,               307P    810
-7.2649330114264,-7.2649330114264,-7.06858347057703,                 307P    811
-7.06858347057703,-6.87223392972767,-6.87223392972767,               307P    812
-6.67588438887831,-6.67588438887831,-6.47953484802895,               307P    813
-6.47953484802895,-6.28318530717959,-6.28318530717959,               307P    814
-6.08683576633022,-6.08683576633022,-5.89048622548086,               307P    815
-5.89048622548086,-5.6941366846315,-5.6941366846315,                 307P    816
-5.49778714378214,-5.49778714378214,-5.30143760293278,               307P    817
-5.30143760293278,-5.10508806208341,-5.10508806208341,               307P    818
-4.90873852123405,-4.90873852123405,-4.71238898038469,               307P    819
-4.71238898038469,-4.51603943953533,-4.51603943953533,               307P    820
-4.31968989868597,-4.31968989868597,-4.1233403578366,                307P    821
-4.1233403578366,-3.92699081698724,-3.92699081698724,                307P    822
-3.73064127613788,-3.73064127613788,-3.53429173528852,               307P    823
-3.53429173528852,-3.33794219443916,-3.33794219443916,               307P    824
-3.14159265358979,-3.14159265358979,-3.14159265358979,1.,1.,1.,      307P    825
1.,1.,1.,1.,1.,1.,1.,1.,1.,1.,1.,1.,1.,1.,1.,1.,1.,1.,1.,1.,1.,      307P    826
1.,1.,1.,1.,1.,1.,1.,1.,1.,1.,1.,1.,1.,1.,1.,1.,1.,1.,1.,1.,1.,      307P    827
1.,1.,1.,1.,1.,1.,1.,1.,1.,1.,1.,1.,1.,1.,1.,1.,1.,1.,1.,1.,0.5,     307P    828
0.56799144214382,0.,0.50669657255302,0.56799144214382,0.,            307P    829
0.51326447234218,0.56668500564804,0.,0.51983237213133,               307P    830
0.56537856915227,0.,0.52601919845105,0.5628159017826,0.,             307P    831
0.53220602477076,0.56025323441292,0.,0.53777402135518,               307P    832
0.55653281803921,0.,0.5433420179396,0.55281240166549,0.,             307P    833
0.54807720980254,0.54807720980254,0.,0.55281240166549,               307P    834
0.5433420179396,0.,0.55653281803921,0.53777402135518,0.,             307P    835
0.56025323441292,0.53220602477076,0.,0.5628159017826,                307P    836
0.52601919845105,0.,0.56537856915227,0.51983237213133,0.,            307P    837
0.56668500564804,0.51326447234218,0.,0.56799144214382,               307P    838
0.50669657255302,0.,0.56799144214382,0.5,0.,0.56799144214382,        307P    839
0.49330342744698,0.,0.56668500564804,0.48673552765782,0.,            307P    840
0.56537856915227,0.48016762786867,0.,0.5628159017826,                307P    841
0.47398080154895,0.,0.56025323441292,0.46779397522924,0.,            307P    842
0.55653281803921,0.46222597864482,0.,0.55281240166549,               307P    843
0.4566579820604,0.,0.54807720980254,0.45192279019746,0.,             307P    844
0.5433420179396,0.44718759833451,0.,0.53777402135518,                307P    845
0.44346718196079,0.,0.53220602477076,0.43974676558708,0.,            307P    846
0.52601919845105,0.4371840982174,0.,0.51983237213133,                307P    847
0.43462143084773,0.,0.51326447234218,0.43331499435196,0.,            307P    848
0.50669657255302,0.43200855785618,0.,0.5,0.43200855785618,0.,        307P    849
0.49330342744698,0.43200855785618,0.,0.48673552765782,               307P    850
0.43331499435196,0.,0.48016762786867,0.43462143084773,0.,            307P    851
0.47398080154895,0.4371840982174,0.,0.46779397522924,                307P    852
0.43974676558708,0.,0.46222597864482,0.44346718196079,0.,            307P    853
0.4566579820604,0.44718759833451,0.,0.45192279019746,                307P    854
0.45192279019746,0.,0.44718759833451,0.4566579820604,0.,             307P    855
0.44346718196079,0.46222597864482,0.,0.43974676558708,               307P    856
0.46779397522924,0.,0.4371840982174,0.47398080154895,0.,             307P    857
0.43462143084773,0.48016762786867,0.,0.43331499435196,               307P    858
0.48673552765782,0.,0.43200855785618,0.49330342744698,0.,            307P    859
0.43200855785618,0.5,0.,0.43200855785618,0.50669657255302,0.,        307P    860
0.43331499435196,0.51326447234218,0.,0.43462143084773,               307P    861
0.51983237213133,0.,0.4371840982174,0.52601919845105,0.,             307P    862
0.43974676558708,0.53220602477076,0.,0.44346718196079,               307P    863
0.53777402135518,0.,0.44718759833451,0.5433420179396,0.,             307P    864
0.45192279019746,0.54807720980254,0.,0.4566579820604,                307P    865
0.55281240166549,0.,0.46222597864482,0.55653281803921,0.,            307P    866
0.46779397522924,0.56025323441292,0.,0.47398080154895,               307P    867
0.5628159017826,0.,0.48016762786867,0.56537856915227,0.,             307P    868
0.48673552765782,0.56668500564804,0.,0.49330342744698,               307P    869
0.56799144214382,0.,0.5,0.56799144214382,0.,-9.42477796076938,       307P    870
-3.14159265358979,0.,0.,1.;                                          307P    871
102,1,307;                                                           309P    872
124,0.,-1.,0.,0.,0.,0.,1.,0.022,-1.,0.,0.,0.;                        311P    873
100,0.,0.,0.,-0.0075,-0.,-0.0075,-0.;                                313P    874
102,1,313;                                                           315P    875
142,1,293,309,315,2;                                                 317P    876
144,293,1,1,305,317;                                                 319P    877
314,61.5686297416687,81.17647171020508,92.9411768913269,10HMixed     321P    878
Color;                                                               321P    879
110,0.,0.,0.,0.,1.,0.;                                               323P    880
110,0.,0.022,0.0075,0.,0.025,0.0075;                                 325P    881
120,323,325,0.,6.28318530717959;                                     327P    882
126,1,1,1,0,1,0,3.14159265358979,3.14159265358979,                   329P    883
9.42477796076938,9.42477796076938,1.,1.,-0.,6.28318530717959,0.,     329P    884
-0.,0.,0.,3.14159265358979,9.42477796076938,0.,0.,1.;                329P    885
126,1,1,1,0,1,0,0.,0.,1.,1.,1.,1.,-0.,0.,0.,-0.,                     331P    886
6.28318530717959,0.,0.,1.,0.,0.,1.;                                  331P    887
126,1,1,1,0,1,0,0.022,0.022,0.025,0.025,1.,1.,-0.,                   333P    888
6.28318530717959,0.,1.,6.28318530717959,0.,0.022,0.025,0.,0.,1.;     333P    889
126,1,1,1,0,1,0,0.,0.,1.,1.,1.,1.,1.,6.28318530717959,0.,1.,0.,      335P    890
0.,0.,1.,0.,0.,1.;                                                   335P    891
126,1,1,1,0,1,0,0.,0.,6.28318530717959,6.28318530717959,1.,1.,       337P    892
1.,0.,0.,1.,6.28318530717959,0.,0.,6.28318530717959,0.,0.,1.;        337P    893
126,1,1,1,0,1,0,0.,0.,1.,1.,1.,1.,1.,6.28318530717959,0.,1.,0.,      339P    894
0.,0.,1.,0.,0.,1.;                                                   339P    895
126,1,1,1,0,1,0,-0.025,-0.025,-0.022,-0.022,1.,1.,1.,0.,0.,-0.,      341P    896
0.,0.,-0.025,-0.022,0.,0.,1.;                                        341P    897
126,1,1,1,0,1,0,0.,0.,1.,1.,1.,1.,-0.,0.,0.,-0.,                     343P    898
6.28318530717959,0.,0.,1.,0.,0.,1.;                                  343P    899
102,8,329,331,333,335,337,339,341,343;                               345P    900
124,0.,1.,0.,0.,0.,0.,-1.,0.022,-1.,0.,0.,0.;                        347P    901
100,0.,0.,0.,-0.0075,0.,-0.0075,0.;                                  349P    902
110,0.,0.022,0.0075,0.,0.025,0.0075;                                 351P    903
124,0.,1.,0.,0.,0.,0.,1.,0.025,1.,0.,0.,0.;                          353P    904
100,0.,0.,0.,0.0075,0.,0.0075,-0.;                                   355P    905
110,0.,0.025,0.0075,0.,0.022,0.0075;                                 357P    906
102,4,349,351,355,357;                                               359P    907
142,1,327,345,359,2;                                                 361P    908
144,327,1,0,361;                                                     363P    909
S      2G      4D    364P    909                                        T      1
