Data from Parasolid IGES Translator 28.0.241, Copyright(c) 2006 Siemens S      1
PLM Software. All Rights Reserved.                                      S      2
1H,,1H;,6HNoname,29H686b706e7a9bce062bccd6e1.iges,27HBy Siemens PLM IncoG      1
rporated,27HXPlus GENERIC/IGES 28.0.241,32,38, 6,308,15,6HNoname,1.000, G      2
6,1HM,1,1.000,15H20250707.065958,1.0e-08,0.00,6HNoname,6HNoname,11,0,15HG      3
20250707.065958;                                                        G      4
     314       1       0       1       0       0       0       000010001D      1
     314       1       0       2       0       0       0               0D      2
     110       3       0       1       0       0       0       000010001D      3
     110       1       0       1       0       0       0               0D      4
     122       4       0       1       0       0       0       000010001D      5
     122       1       0       1       0       0       0               0D      6
     126       5       0       1       0       0       0       000010501D      7
     126       1       0       2       0       0       0               0D      8
     126       7       0       1       0       0       0       000010501D      9
     126       1       0       2       0       0       0               0D     10
     126       9       0       1       0       0       0       000010501D     11
     126       1       0       2       0       0       0               0D     12
     126      11       0       1       0       0       0       000010501D     13
     126       1       0       2       0       0       0               0D     14
     102      13       0       1       0       0       0       000010501D     15
     102       1       0       1       0       0       0               0D     16
     110      14       0       1       0       0       0       000010001D     17
     110       1       0       1       0       0       0               0D     18
     110      15       0       1       0       0       0       000010001D     19
     110       1       0       1       0       0       0               0D     20
     110      16       0       1       0       0       0       000010001D     21
     110       1       0       1       0       0       0               0D     22
     110      17       0       1       0       0       0       000010001D     23
     110       1       0       1       0       0       0               0D     24
     102      18       0       1       0       0       0       000010001D     25
     102       1       0       1       0       0       0               0D     26
     142      19       0       1       0       0       0       000010001D     27
     142       1       0       1       0       0       0               0D     28
     144      20       0       1       0       0       0       000000001D     29
     144       1      -1       1       0       0       0               0D     30
     314      21       0       1       0       0       0       000010001D     31
     314       1       0       2       0       0       0               0D     32
     110      23       0       1       0       0       0       000010001D     33
     110       1       0       1       0       0       0               0D     34
     122      24       0       1       0       0       0       000010001D     35
     122       1       0       1       0       0       0               0D     36
     126      25       0       1       0       0       0       000010501D     37
     126       1       0       2       0       0       0               0D     38
     126      27       0       1       0       0       0       000010501D     39
     126       1       0       2       0       0       0               0D     40
     126      29       0       1       0       0       0       000010501D     41
     126       1       0       2       0       0       0               0D     42
     126      31       0       1       0       0       0       000010501D     43
     126       1       0       2       0       0       0               0D     44
     102      33       0       1       0       0       0       000010501D     45
     102       1       0       1       0       0       0               0D     46
     110      34       0       1       0       0       0       000010001D     47
     110       1       0       1       0       0       0               0D     48
     110      35       0       1       0       0       0       000010001D     49
     110       1       0       1       0       0       0               0D     50
     110      36       0       1       0       0       0       000010001D     51
     110       1       0       1       0       0       0               0D     52
     110      37       0       1       0       0       0       000010001D     53
     110       1       0       1       0       0       0               0D     54
     102      38       0       1       0       0       0       000010001D     55
     102       1       0       1       0       0       0               0D     56
     142      39       0       1       0       0       0       000010001D     57
     142       1       0       1       0       0       0               0D     58
     126      40       0       1       0       0       0       000010501D     59
     126       1       0      35       0       0       0               0D     60
     102      75       0       1       0       0       0       000010501D     61
     102       1       0       1       0       0       0               0D     62
     124      76       0       1       0       0       0       000010001D     63
     124       1       0       1       0       0       0               0D     64
     100      77       0       1       0       0      63       000010001D     65
     100       1       0       1       0       0       0               0D     66
     102      78       0       1       0       0       0       000010001D     67
     102       1       0       1       0       0       0               0D     68
     142      79       0       1       0       0       0       000010001D     69
     142       1       0       1       0       0       0               0D     70
     144      80       0       1       0       0       0       000000001D     71
     144       1     -31       1       0       0       0               0D     72
     314      81       0       1       0       0       0       000010001D     73
     314       1       0       2       0       0       0               0D     74
     110      83       0       1       0       0       0       000010001D     75
     110       1       0       1       0       0       0               0D     76
     122      84       0       1       0       0       0       000010001D     77
     122       1       0       1       0       0       0               0D     78
     126      85       0       1       0       0       0       000010501D     79
     126       1       0       3       0       0       0               0D     80
     126      88       0       1       0       0       0       000010501D     81
     126       1       0      19       0       0       0               0D     82
     126     107       0       1       0       0       0       000010501D     83
     126       1       0       2       0       0       0               0D     84
     126     109       0       1       0       0       0       000010501D     85
     126       1       0      19       0       0       0               0D     86
     126     128       0       1       0       0       0       000010501D     87
     126       1       0       3       0       0       0               0D     88
     126     131       0       1       0       0       0       000010501D     89
     126       1       0      17       0       0       0               0D     90
     126     148       0       1       0       0       0       000010501D     91
     126       1       0       2       0       0       0               0D     92
     126     150       0       1       0       0       0       000010501D     93
     126       1       0      19       0       0       0               0D     94
     102     169       0       1       0       0       0       000010501D     95
     102       1       0       1       0       0       0               0D     96
     110     170       0       1       0       0       0       000010001D     97
     110       1       0       1       0       0       0               0D     98
     124     171       0       1       0       0       0       000010001D     99
     124       1       0       1       0       0       0               0D    100
     100     172       0       1       0       0      99       000010001D    101
     100       1       0       1       0       0       0               0D    102
     110     173       0       1       0       0       0       000010001D    103
     110       1       0       1       0       0       0               0D    104
     124     174       0       1       0       0       0       000010001D    105
     124       1       0       1       0       0       0               0D    106
     100     175       0       1       0       0     105       000010001D    107
     100       1       0       1       0       0       0               0D    108
     110     176       0       1       0       0       0       000010001D    109
     110       1       0       1       0       0       0               0D    110
     124     177       0       1       0       0       0       000010001D    111
     124       1       0       1       0       0       0               0D    112
     100     178       0       1       0       0     111       000010001D    113
     100       1       0       1       0       0       0               0D    114
     110     179       0       1       0       0       0       000010001D    115
     110       1       0       1       0       0       0               0D    116
     124     180       0       1       0       0       0       000010001D    117
     124       1       0       1       0       0       0               0D    118
     100     181       0       1       0       0     117       000010001D    119
     100       1       0       1       0       0       0               0D    120
     102     182       0       1       0       0       0       000010001D    121
     102       1       0       1       0       0       0               0D    122
     142     183       0       1       0       0       0       000010001D    123
     142       1       0       1       0       0       0               0D    124
     126     184       0       1       0       0       0       000010501D    125
     126       1       0       3       0       0       0               0D    126
     126     187       0       1       0       0       0       000010501D    127
     126       1       0       3       0       0       0               0D    128
     126     190       0       1       0       0       0       000010501D    129
     126       1       0       3       0       0       0               0D    130
     126     193       0       1       0       0       0       000010501D    131
     126       1       0       2       0       0       0               0D    132
     102     195       0       1       0       0       0       000010501D    133
     102       1       0       1       0       0       0               0D    134
     110     196       0       1       0       0       0       000010001D    135
     110       1       0       1       0       0       0               0D    136
     110     197       0       1       0       0       0       000010001D    137
     110       1       0       1       0       0       0               0D    138
     110     198       0       1       0       0       0       000010001D    139
     110       1       0       1       0       0       0               0D    140
     110     199       0       1       0       0       0       000010001D    141
     110       1       0       1       0       0       0               0D    142
     102     200       0       1       0       0       0       000010001D    143
     102       1       0       1       0       0       0               0D    144
     142     201       0       1       0       0       0       000010001D    145
     142       1       0       1       0       0       0               0D    146
     126     202       0       1       0       0       0       000010501D    147
     126       1       0      35       0       0       0               0D    148
     102     237       0       1       0       0       0       000010501D    149
     102       1       0       1       0       0       0               0D    150
     124     238       0       1       0       0       0       000010001D    151
     124       1       0       1       0       0       0               0D    152
     100     239       0       1       0       0     151       000010001D    153
     100       1       0       1       0       0       0               0D    154
     102     240       0       1       0       0       0       000010001D    155
     102       1       0       1       0       0       0               0D    156
     142     241       0       1       0       0       0       000010001D    157
     142       1       0       1       0       0       0               0D    158
     126     242       0       1       0       0       0       000010501D    159
     126       1       0      35       0       0       0               0D    160
     102     277       0       1       0       0       0       000010501D    161
     102       1       0       1       0       0       0               0D    162
     124     278       0       1       0       0       0       000010001D    163
     124       1       0       1       0       0       0               0D    164
     100     279       0       1       0       0     163       000010001D    165
     100       1       0       1       0       0       0               0D    166
     102     280       0       1       0       0       0       000010001D    167
     102       1       0       1       0       0       0               0D    168
     142     281       0       1       0       0       0       000010001D    169
     142       1       0       1       0       0       0               0D    170
     126     282       0       1       0       0       0       000010501D    171
     126       1       0      35       0       0       0               0D    172
     102     317       0       1       0       0       0       000010501D    173
     102       1       0       1       0       0       0               0D    174
     124     318       0       1       0       0       0       000010001D    175
     124       1       0       1       0       0       0               0D    176
     100     319       0       1       0       0     175       000010001D    177
     100       1       0       1       0       0       0               0D    178
     102     320       0       1       0       0       0       000010001D    179
     102       1       0       1       0       0       0               0D    180
     142     321       0       1       0       0       0       000010001D    181
     142       1       0       1       0       0       0               0D    182
     126     322       0       1       0       0       0       000010501D    183
     126       1       0      35       0       0       0               0D    184
     102     357       0       1       0       0       0       000010501D    185
     102       1       0       1       0       0       0               0D    186
     124     358       0       1       0       0       0       000010001D    187
     124       1       0       1       0       0       0               0D    188
     100     359       0       1       0       0     187       000010001D    189
     100       1       0       1       0       0       0               0D    190
     102     360       0       1       0       0       0       000010001D    191
     102       1       0       1       0       0       0               0D    192
     142     361       0       1       0       0       0       000010001D    193
     142       1       0       1       0       0       0               0D    194
     144     362       0       1       0       0       0       000000001D    195
     144       1     -73       1       0       0       0               0D    196
     314     363       0       1       0       0       0       000010001D    197
     314       1       0       2       0       0       0               0D    198
     110     365       0       1       0       0       0       000010001D    199
     110       1       0       1       0       0       0               0D    200
     122     366       0       1       0       0       0       000010001D    201
     122       1       0       1       0       0       0               0D    202
     126     367       0       1       0       0       0       000010501D    203
     126       1       0       2       0       0       0               0D    204
     126     369       0       1       0       0       0       000010501D    205
     126       1       0       2       0       0       0               0D    206
     126     371       0       1       0       0       0       000010501D    207
     126       1       0       2       0       0       0               0D    208
     126     373       0       1       0       0       0       000010501D    209
     126       1       0       2       0       0       0               0D    210
     102     375       0       1       0       0       0       000010501D    211
     102       1       0       1       0       0       0               0D    212
     110     376       0       1       0       0       0       000010001D    213
     110       1       0       1       0       0       0               0D    214
     110     377       0       1       0       0       0       000010001D    215
     110       1       0       1       0       0       0               0D    216
     110     378       0       1       0       0       0       000010001D    217
     110       1       0       1       0       0       0               0D    218
     110     379       0       1       0       0       0       000010001D    219
     110       1       0       1       0       0       0               0D    220
     102     380       0       1       0       0       0       000010001D    221
     102       1       0       1       0       0       0               0D    222
     142     381       0       1       0       0       0       000010001D    223
     142       1       0       1       0       0       0               0D    224
     144     382       0       1       0       0       0       000000001D    225
     144       1    -197       1       0       0       0               0D    226
     314     383       0       1       0       0       0       000010001D    227
     314       1       0       2       0       0       0               0D    228
     110     385       0       1       0       0       0       000010001D    229
     110       1       0       1       0       0       0               0D    230
     110     386       0       1       0       0       0       000010001D    231
     110       1       0       1       0       0       0               0D    232
     120     387       0       1       0       0       0       000010001D    233
     120       1       0       1       0       0       0               0D    234
     126     388       0       1       0       0       0       000010501D    235
     126       1       0       2       0       0       0               0D    236
     126     390       0       1       0       0       0       000010501D    237
     126       1       0       2       0       0       0               0D    238
     126     392       0       1       0       0       0       000010501D    239
     126       1       0       2       0       0       0               0D    240
     126     394       0       1       0       0       0       000010501D    241
     126       1       0       2       0       0       0               0D    242
     102     396       0       1       0       0       0       000010501D    243
     102       1       0       1       0       0       0               0D    244
     124     397       0       1       0       0       0       000010001D    245
     124       1       0       1       0       0       0               0D    246
     100     398       0       1       0       0     245       000010001D    247
     100       1       0       1       0       0       0               0D    248
     110     399       0       1       0       0       0       000010001D    249
     110       1       0       1       0       0       0               0D    250
     124     400       0       1       0       0       0       000010001D    251
     124       1       0       1       0       0       0               0D    252
     100     401       0       1       0       0     251       000010001D    253
     100       1       0       1       0       0       0               0D    254
     110     402       0       1       0       0       0       000010001D    255
     110       1       0       1       0       0       0               0D    256
     102     403       0       1       0       0       0       000010001D    257
     102       1       0       1       0       0       0               0D    258
     142     404       0       1       0       0       0       000010001D    259
     142       1       0       1       0       0       0               0D    260
     144     405       0       1       0       0       0       000000001D    261
     144       1    -227       1       0       0       0               0D    262
     314     406       0       1       0       0       0       000010001D    263
     314       1       0       2       0       0       0               0D    264
     110     408       0       1       0       0       0       000010001D    265
     110       1       0       1       0       0       0               0D    266
     122     409       0       1       0       0       0       000010001D    267
     122       1       0       1       0       0       0               0D    268
     126     410       0       1       0       0       0       000010501D    269
     126       1       0       2       0       0       0               0D    270
     126     412       0       1       0       0       0       000010501D    271
     126       1       0       2       0       0       0               0D    272
     126     414       0       1       0       0       0       000010501D    273
     126       1       0       2       0       0       0               0D    274
     126     416       0       1       0       0       0       000010501D    275
     126       1       0       2       0       0       0               0D    276
     102     418       0       1       0       0       0       000010501D    277
     102       1       0       1       0       0       0               0D    278
     110     419       0       1       0       0       0       000010001D    279
     110       1       0       1       0       0       0               0D    280
     110     420       0       1       0       0       0       000010001D    281
     110       1       0       1       0       0       0               0D    282
     110     421       0       1       0       0       0       000010001D    283
     110       1       0       1       0       0       0               0D    284
     110     422       0       1       0       0       0       000010001D    285
     110       1       0       1       0       0       0               0D    286
     102     423       0       1       0       0       0       000010001D    287
     102       1       0       1       0       0       0               0D    288
     142     424       0       1       0       0       0       000010001D    289
     142       1       0       1       0       0       0               0D    290
     144     425       0       1       0       0       0       000000001D    291
     144       1    -263       1       0       0       0               0D    292
     314     426       0       1       0       0       0       000010001D    293
     314       1       0       2       0       0       0               0D    294
     110     428       0       1       0       0       0       000010001D    295
     110       1       0       1       0       0       0               0D    296
     110     429       0       1       0       0       0       000010001D    297
     110       1       0       1       0       0       0               0D    298
     120     430       0       1       0       0       0       000010001D    299
     120       1       0       1       0       0       0               0D    300
     126     431       0       1       0       0       0       000010501D    301
     126       1       0       4       0       0       0               0D    302
     126     435       0       1       0       0       0       000010501D    303
     126       1       0       2       0       0       0               0D    304
     126     437       0       1       0       0       0       000010501D    305
     126       1       0       4       0       0       0               0D    306
     126     441       0       1       0       0       0       000010501D    307
     126       1       0       2       0       0       0               0D    308
     102     443       0       1       0       0       0       000010501D    309
     102       1       0       1       0       0       0               0D    310
     124     444       0       1       0       0       0       000010001D    311
     124       1       0       1       0       0       0               0D    312
     100     445       0       1       0       0     311       000010001D    313
     100       1       0       1       0       0       0               0D    314
     110     446       0       1       0       0       0       000010001D    315
     110       1       0       1       0       0       0               0D    316
     124     447       0       1       0       0       0       000010001D    317
     124       1       0       1       0       0       0               0D    318
     100     448       0       1       0       0     317       000010001D    319
     100       1       0       1       0       0       0               0D    320
     110     449       0       1       0       0       0       000010001D    321
     110       1       0       1       0       0       0               0D    322
     102     450       0       1       0       0       0       000010001D    323
     102       1       0       1       0       0       0               0D    324
     142     451       0       1       0       0       0       000010001D    325
     142       1       0       1       0       0       0               0D    326
     144     452       0       1       0       0       0       000000001D    327
     144       1    -293       1       0       0       0               0D    328
     314     453       0       1       0       0       0       000010001D    329
     314       1       0       2       0       0       0               0D    330
     110     455       0       1       0       0       0       000010001D    331
     110       1       0       1       0       0       0               0D    332
     122     456       0       1       0       0       0       000010001D    333
     122       1       0       1       0       0       0               0D    334
     126     457       0       1       0       0       0       000010501D    335
     126       1       0       2       0       0       0               0D    336
     126     459       0       1       0       0       0       000010501D    337
     126       1       0       2       0       0       0               0D    338
     126     461       0       1       0       0       0       000010501D    339
     126       1       0       2       0       0       0               0D    340
     126     463       0       1       0       0       0       000010501D    341
     126       1       0       2       0       0       0               0D    342
     102     465       0       1       0       0       0       000010501D    343
     102       1       0       1       0       0       0               0D    344
     110     466       0       1       0       0       0       000010001D    345
     110       1       0       1       0       0       0               0D    346
     110     467       0       1       0       0       0       000010001D    347
     110       1       0       1       0       0       0               0D    348
     110     468       0       1       0       0       0       000010001D    349
     110       1       0       1       0       0       0               0D    350
     110     469       0       1       0       0       0       000010001D    351
     110       1       0       1       0       0       0               0D    352
     102     470       0       1       0       0       0       000010001D    353
     102       1       0       1       0       0       0               0D    354
     142     471       0       1       0       0       0       000010001D    355
     142       1       0       1       0       0       0               0D    356
     144     472       0       1       0       0       0       000000001D    357
     144       1    -329       1       0       0       0               0D    358
     314     473       0       1       0       0       0       000010001D    359
     314       1       0       2       0       0       0               0D    360
     110     475       0       1       0       0       0       000010001D    361
     110       1       0       1       0       0       0               0D    362
     110     476       0       1       0       0       0       000010001D    363
     110       1       0       1       0       0       0               0D    364
     120     477       0       1       0       0       0       000010001D    365
     120       1       0       1       0       0       0               0D    366
     126     478       0       1       0       0       0       000010501D    367
     126       1       0       4       0       0       0               0D    368
     126     482       0       1       0       0       0       000010501D    369
     126       1       0       2       0       0       0               0D    370
     126     484       0       1       0       0       0       000010501D    371
     126       1       0       4       0       0       0               0D    372
     126     488       0       1       0       0       0       000010501D    373
     126       1       0       2       0       0       0               0D    374
     102     490       0       1       0       0       0       000010501D    375
     102       1       0       1       0       0       0               0D    376
     124     491       0       1       0       0       0       000010001D    377
     124       1       0       1       0       0       0               0D    378
     100     492       0       1       0       0     377       000010001D    379
     100       1       0       1       0       0       0               0D    380
     110     493       0       1       0       0       0       000010001D    381
     110       1       0       1       0       0       0               0D    382
     124     494       0       1       0       0       0       000010001D    383
     124       1       0       1       0       0       0               0D    384
     100     495       0       1       0       0     383       000010001D    385
     100       1       0       1       0       0       0               0D    386
     110     496       0       1       0       0       0       000010001D    387
     110       1       0       1       0       0       0               0D    388
     102     497       0       1       0       0       0       000010001D    389
     102       1       0       1       0       0       0               0D    390
     142     498       0       1       0       0       0       000010001D    391
     142       1       0       1       0       0       0               0D    392
     144     499       0       1       0       0       0       000000001D    393
     144       1    -359       1       0       0       0               0D    394
     314     500       0       1       0       0       0       000010001D    395
     314       1       0       2       0       0       0               0D    396
     110     502       0       1       0       0       0       000010001D    397
     110       1       0       1       0       0       0               0D    398
     122     503       0       1       0       0       0       000010001D    399
     122       1       0       1       0       0       0               0D    400
     126     504       0       1       0       0       0       000010501D    401
     126       1       0       2       0       0       0               0D    402
     126     506       0       1       0       0       0       000010501D    403
     126       1       0       2       0       0       0               0D    404
     126     508       0       1       0       0       0       000010501D    405
     126       1       0       2       0       0       0               0D    406
     126     510       0       1       0       0       0       000010501D    407
     126       1       0       2       0       0       0               0D    408
     102     512       0       1       0       0       0       000010501D    409
     102       1       0       1       0       0       0               0D    410
     110     513       0       1       0       0       0       000010001D    411
     110       1       0       1       0       0       0               0D    412
     110     514       0       1       0       0       0       000010001D    413
     110       1       0       1       0       0       0               0D    414
     110     515       0       1       0       0       0       000010001D    415
     110       1       0       1       0       0       0               0D    416
     110     516       0       1       0       0       0       000010001D    417
     110       1       0       1       0       0       0               0D    418
     102     517       0       1       0       0       0       000010001D    419
     102       1       0       1       0       0       0               0D    420
     142     518       0       1       0       0       0       000010001D    421
     142       1       0       1       0       0       0               0D    422
     144     519       0       1       0       0       0       000000001D    423
     144       1    -395       1       0       0       0               0D    424
     314     520       0       1       0       0       0       000010001D    425
     314       1       0       2       0       0       0               0D    426
     110     522       0       1       0       0       0       000010001D    427
     110       1       0       1       0       0       0               0D    428
     110     523       0       1       0       0       0       000010001D    429
     110       1       0       1       0       0       0               0D    430
     120     524       0       1       0       0       0       000010001D    431
     120       1       0       1       0       0       0               0D    432
     126     525       0       1       0       0       0       000010501D    433
     126       1       0       4       0       0       0               0D    434
     126     529       0       1       0       0       0       000010501D    435
     126       1       0       2       0       0       0               0D    436
     126     531       0       1       0       0       0       000010501D    437
     126       1       0       4       0       0       0               0D    438
     126     535       0       1       0       0       0       000010501D    439
     126       1       0       2       0       0       0               0D    440
     102     537       0       1       0       0       0       000010501D    441
     102       1       0       1       0       0       0               0D    442
     124     538       0       1       0       0       0       000010001D    443
     124       1       0       1       0       0       0               0D    444
     100     539       0       1       0       0     443       000010001D    445
     100       1       0       1       0       0       0               0D    446
     110     540       0       1       0       0       0       000010001D    447
     110       1       0       1       0       0       0               0D    448
     124     541       0       1       0       0       0       000010001D    449
     124       1       0       1       0       0       0               0D    450
     100     542       0       1       0       0     449       000010001D    451
     100       1       0       1       0       0       0               0D    452
     110     543       0       1       0       0       0       000010001D    453
     110       1       0       1       0       0       0               0D    454
     102     544       0       1       0       0       0       000010001D    455
     102       1       0       1       0       0       0               0D    456
     142     545       0       1       0       0       0       000010001D    457
     142       1       0       1       0       0       0               0D    458
     144     546       0       1       0       0       0       000000001D    459
     144       1    -425       1       0       0       0               0D    460
     314     547       0       1       0       0       0       000010001D    461
     314       1       0       2       0       0       0               0D    462
     110     549       0       1       0       0       0       000010001D    463
     110       1       0       1       0       0       0               0D    464
     122     550       0       1       0       0       0       000010001D    465
     122       1       0       1       0       0       0               0D    466
     126     551       0       1       0       0       0       000010501D    467
     126       1       0       3       0       0       0               0D    468
     126     554       0       1       0       0       0       000010501D    469
     126       1       0      19       0       0       0               0D    470
     126     573       0       1       0       0       0       000010501D    471
     126       1       0       3       0       0       0               0D    472
     126     576       0       1       0       0       0       000010501D    473
     126       1       0      19       0       0       0               0D    474
     126     595       0       1       0       0       0       000010501D    475
     126       1       0       2       0       0       0               0D    476
     126     597       0       1       0       0       0       000010501D    477
     126       1       0      19       0       0       0               0D    478
     126     616       0       1       0       0       0       000010501D    479
     126       1       0       3       0       0       0               0D    480
     126     619       0       1       0       0       0       000010501D    481
     126       1       0      18       0       0       0               0D    482
     102     637       0       1       0       0       0       000010501D    483
     102       1       0       1       0       0       0               0D    484
     110     638       0       1       0       0       0       000010001D    485
     110       1       0       1       0       0       0               0D    486
     124     639       0       1       0       0       0       000010001D    487
     124       1       0       1       0       0       0               0D    488
     100     640       0       1       0       0     487       000010001D    489
     100       1       0       1       0       0       0               0D    490
     110     641       0       1       0       0       0       000010001D    491
     110       1       0       1       0       0       0               0D    492
     124     642       0       1       0       0       0       000010001D    493
     124       1       0       1       0       0       0               0D    494
     100     643       0       1       0       0     493       000010001D    495
     100       1       0       1       0       0       0               0D    496
     110     644       0       1       0       0       0       000010001D    497
     110       1       0       1       0       0       0               0D    498
     124     645       0       1       0       0       0       000010001D    499
     124       1       0       1       0       0       0               0D    500
     100     646       0       1       0       0     499       000010001D    501
     100       1       0       1       0       0       0               0D    502
     110     647       0       1       0       0       0       000010001D    503
     110       1       0       1       0       0       0               0D    504
     124     648       0       1       0       0       0       000010001D    505
     124       1       0       1       0       0       0               0D    506
     100     649       0       1       0       0     505       000010001D    507
     100       1       0       1       0       0       0               0D    508
     102     650       0       1       0       0       0       000010001D    509
     102       1       0       1       0       0       0               0D    510
     142     651       0       1       0       0       0       000010001D    511
     142       1       0       1       0       0       0               0D    512
     144     652       0       1       0       0       0       000000001D    513
     144       1    -461       1       0       0       0               0D    514
     314     653       0       1       0       0       0       000010001D    515
     314       1       0       2       0       0       0               0D    516
     110     655       0       1       0       0       0       000010001D    517
     110       1       0       1       0       0       0               0D    518
     122     656       0       1       0       0       0       000010001D    519
     122       1       0       1       0       0       0               0D    520
     126     657       0       1       0       0       0       000010501D    521
     126       1       0       3       0       0       0               0D    522
     126     660       0       1       0       0       0       000010501D    523
     126       1       0      19       0       0       0               0D    524
     126     679       0       1       0       0       0       000010501D    525
     126       1       0       2       0       0       0               0D    526
     126     681       0       1       0       0       0       000010501D    527
     126       1       0      18       0       0       0               0D    528
     126     699       0       1       0       0       0       000010501D    529
     126       1       0       3       0       0       0               0D    530
     126     702       0       1       0       0       0       000010501D    531
     126       1       0      19       0       0       0               0D    532
     126     721       0       1       0       0       0       000010501D    533
     126       1       0       2       0       0       0               0D    534
     126     723       0       1       0       0       0       000010501D    535
     126       1       0      19       0       0       0               0D    536
     102     742       0       1       0       0       0       000010501D    537
     102       1       0       1       0       0       0               0D    538
     110     743       0       1       0       0       0       000010001D    539
     110       1       0       1       0       0       0               0D    540
     124     744       0       1       0       0       0       000010001D    541
     124       1       0       1       0       0       0               0D    542
     100     745       0       1       0       0     541       000010001D    543
     100       1       0       1       0       0       0               0D    544
     110     746       0       1       0       0       0       000010001D    545
     110       1       0       1       0       0       0               0D    546
     124     747       0       1       0       0       0       000010001D    547
     124       1       0       1       0       0       0               0D    548
     100     748       0       1       0       0     547       000010001D    549
     100       1       0       1       0       0       0               0D    550
     110     749       0       1       0       0       0       000010001D    551
     110       1       0       1       0       0       0               0D    552
     124     750       0       1       0       0       0       000010001D    553
     124       1       0       1       0       0       0               0D    554
     100     751       0       1       0       0     553       000010001D    555
     100       1       0       1       0       0       0               0D    556
     110     752       0       1       0       0       0       000010001D    557
     110       1       0       1       0       0       0               0D    558
     124     753       0       1       0       0       0       000010001D    559
     124       1       0       1       0       0       0               0D    560
     100     754       0       1       0       0     559       000010001D    561
     100       1       0       1       0       0       0               0D    562
     102     755       0       1       0       0       0       000010001D    563
     102       1       0       1       0       0       0               0D    564
     142     756       0       1       0       0       0       000010001D    565
     142       1       0       1       0       0       0               0D    566
     126     757       0       1       0       0       0       000010501D    567
     126       1       0      33       0       0       0               0D    568
     102     790       0       1       0       0       0       000010501D    569
     102       1       0       1       0       0       0               0D    570
     124     791       0       1       0       0       0       000010001D    571
     124       1       0       1       0       0       0               0D    572
     100     792       0       1       0       0     571       000010001D    573
     100       1       0       1       0       0       0               0D    574
     102     793       0       1       0       0       0       000010001D    575
     102       1       0       1       0       0       0               0D    576
     142     794       0       1       0       0       0       000010001D    577
     142       1       0       1       0       0       0               0D    578
     126     795       0       1       0       0       0       000010501D    579
     126       1       0      33       0       0       0               0D    580
     102     828       0       1       0       0       0       000010501D    581
     102       1       0       1       0       0       0               0D    582
     124     829       0       1       0       0       0       000010001D    583
     124       1       0       1       0       0       0               0D    584
     100     830       0       1       0       0     583       000010001D    585
     100       1       0       1       0       0       0               0D    586
     102     831       0       1       0       0       0       000010001D    587
     102       1       0       1       0       0       0               0D    588
     142     832       0       1       0       0       0       000010001D    589
     142       1       0       1       0       0       0               0D    590
     126     833       0       1       0       0       0       000010501D    591
     126       1       0      33       0       0       0               0D    592
     102     866       0       1       0       0       0       000010501D    593
     102       1       0       1       0       0       0               0D    594
     124     867       0       1       0       0       0       000010001D    595
     124       1       0       1       0       0       0               0D    596
     100     868       0       1       0       0     595       000010001D    597
     100       1       0       1       0       0       0               0D    598
     102     869       0       1       0       0       0       000010001D    599
     102       1       0       1       0       0       0               0D    600
     142     870       0       1       0       0       0       000010001D    601
     142       1       0       1       0       0       0               0D    602
     126     871       0       1       0       0       0       000010501D    603
     126       1       0      33       0       0       0               0D    604
     102     904       0       1       0       0       0       000010501D    605
     102       1       0       1       0       0       0               0D    606
     124     905       0       1       0       0       0       000010001D    607
     124       1       0       1       0       0       0               0D    608
     100     906       0       1       0       0     607       000010001D    609
     100       1       0       1       0       0       0               0D    610
     102     907       0       1       0       0       0       000010001D    611
     102       1       0       1       0       0       0               0D    612
     142     908       0       1       0       0       0       000010001D    613
     142       1       0       1       0       0       0               0D    614
     126     909       0       1       0       0       0       000010501D    615
     126       1       0       3       0       0       0               0D    616
     126     912       0       1       0       0       0       000010501D    617
     126       1       0      18       0       0       0               0D    618
     126     930       0       1       0       0       0       000010501D    619
     126       1       0       3       0       0       0               0D    620
     126     933       0       1       0       0       0       000010501D    621
     126       1       0      19       0       0       0               0D    622
     126     952       0       1       0       0       0       000010501D    623
     126       1       0       3       0       0       0               0D    624
     126     955       0       1       0       0       0       000010501D    625
     126       1       0      19       0       0       0               0D    626
     126     974       0       1       0       0       0       000010501D    627
     126       1       0       3       0       0       0               0D    628
     126     977       0       1       0       0       0       000010501D    629
     126       1       0      19       0       0       0               0D    630
     102     996       0       1       0       0       0       000010501D    631
     102       1       0       1       0       0       0               0D    632
     110     997       0       1       0       0       0       000010001D    633
     110       1       0       1       0       0       0               0D    634
     124     998       0       1       0       0       0       000010001D    635
     124       1       0       1       0       0       0               0D    636
     100     999       0       1       0       0     635       000010001D    637
     100       1       0       1       0       0       0               0D    638
     110    1000       0       1       0       0       0       000010001D    639
     110       1       0       1       0       0       0               0D    640
     124    1001       0       1       0       0       0       000010001D    641
     124       1       0       1       0       0       0               0D    642
     100    1002       0       1       0       0     641       000010001D    643
     100       1       0       1       0       0       0               0D    644
     110    1003       0       1       0       0       0       000010001D    645
     110       1       0       1       0       0       0               0D    646
     124    1004       0       1       0       0       0       000010001D    647
     124       1       0       1       0       0       0               0D    648
     100    1005       0       1       0       0     647       000010001D    649
     100       1       0       1       0       0       0               0D    650
     110    1006       0       1       0       0       0       000010001D    651
     110       1       0       1       0       0       0               0D    652
     124    1007       0       1       0       0       0       000010001D    653
     124       1       0       1       0       0       0               0D    654
     100    1008       0       1       0       0     653       000010001D    655
     100       1       0       1       0       0       0               0D    656
     102    1009       0       1       0       0       0       000010001D    657
     102       1       0       1       0       0       0               0D    658
     142    1010       0       1       0       0       0       000010001D    659
     142       1       0       1       0       0       0               0D    660
     144    1011       0       1       0       0       0       000000001D    661
     144       1    -515       1       0       0       0               0D    662
     314    1012       0       1       0       0       0       000010001D    663
     314       1       0       2       0       0       0               0D    664
     110    1014       0       1       0       0       0       000010001D    665
     110       1       0       1       0       0       0               0D    666
     122    1015       0       1       0       0       0       000010001D    667
     122       1       0       1       0       0       0               0D    668
     126    1016       0       1       0       0       0       000010501D    669
     126       1       0       2       0       0       0               0D    670
     126    1018       0       1       0       0       0       000010501D    671
     126       1       0       2       0       0       0               0D    672
     126    1020       0       1       0       0       0       000010501D    673
     126       1       0       2       0       0       0               0D    674
     126    1022       0       1       0       0       0       000010501D    675
     126       1       0       2       0       0       0               0D    676
     102    1024       0       1       0       0       0       000010501D    677
     102       1       0       1       0       0       0               0D    678
     110    1025       0       1       0       0       0       000010001D    679
     110       1       0       1       0       0       0               0D    680
     110    1026       0       1       0       0       0       000010001D    681
     110       1       0       1       0       0       0               0D    682
     110    1027       0       1       0       0       0       000010001D    683
     110       1       0       1       0       0       0               0D    684
     110    1028       0       1       0       0       0       000010001D    685
     110       1       0       1       0       0       0               0D    686
     102    1029       0       1       0       0       0       000010001D    687
     102       1       0       1       0       0       0               0D    688
     142    1030       0       1       0       0       0       000010001D    689
     142       1       0       1       0       0       0               0D    690
     144    1031       0       1       0       0       0       000000001D    691
     144       1    -663       1       0       0       0               0D    692
     314    1032       0       1       0       0       0       000010001D    693
     314       1       0       2       0       0       0               0D    694
     110    1034       0       1       0       0       0       000010001D    695
     110       1       0       1       0       0       0               0D    696
     110    1035       0       1       0       0       0       000010001D    697
     110       1       0       1       0       0       0               0D    698
     120    1036       0       1       0       0       0       000010001D    699
     120       1       0       1       0       0       0               0D    700
     126    1037       0       1       0       0       0       000010501D    701
     126       1       0       4       0       0       0               0D    702
     126    1041       0       1       0       0       0       000010501D    703
     126       1       0       2       0       0       0               0D    704
     126    1043       0       1       0       0       0       000010501D    705
     126       1       0       4       0       0       0               0D    706
     126    1047       0       1       0       0       0       000010501D    707
     126       1       0       2       0       0       0               0D    708
     102    1049       0       1       0       0       0       000010501D    709
     102       1       0       1       0       0       0               0D    710
     124    1050       0       1       0       0       0       000010001D    711
     124       1       0       1       0       0       0               0D    712
     100    1051       0       1       0       0     711       000010001D    713
     100       1       0       1       0       0       0               0D    714
     110    1052       0       1       0       0       0       000010001D    715
     110       1       0       1       0       0       0               0D    716
     124    1053       0       1       0       0       0       000010001D    717
     124       1       0       1       0       0       0               0D    718
     100    1054       0       1       0       0     717       000010001D    719
     100       1       0       1       0       0       0               0D    720
     110    1055       0       1       0       0       0       000010001D    721
     110       1       0       1       0       0       0               0D    722
     102    1056       0       1       0       0       0       000010001D    723
     102       1       0       1       0       0       0               0D    724
     142    1057       0       1       0       0       0       000010001D    725
     142       1       0       1       0       0       0               0D    726
     144    1058       0       1       0       0       0       000000001D    727
     144       1    -693       1       0       0       0               0D    728
     314    1059       0       1       0       0       0       000010001D    729
     314       1       0       2       0       0       0               0D    730
     110    1061       0       1       0       0       0       000010001D    731
     110       1       0       1       0       0       0               0D    732
     122    1062       0       1       0       0       0       000010001D    733
     122       1       0       1       0       0       0               0D    734
     126    1063       0       1       0       0       0       000010501D    735
     126       1       0       2       0       0       0               0D    736
     126    1065       0       1       0       0       0       000010501D    737
     126       1       0       2       0       0       0               0D    738
     126    1067       0       1       0       0       0       000010501D    739
     126       1       0       2       0       0       0               0D    740
     126    1069       0       1       0       0       0       000010501D    741
     126       1       0       2       0       0       0               0D    742
     102    1071       0       1       0       0       0       000010501D    743
     102       1       0       1       0       0       0               0D    744
     110    1072       0       1       0       0       0       000010001D    745
     110       1       0       1       0       0       0               0D    746
     110    1073       0       1       0       0       0       000010001D    747
     110       1       0       1       0       0       0               0D    748
     110    1074       0       1       0       0       0       000010001D    749
     110       1       0       1       0       0       0               0D    750
     110    1075       0       1       0       0       0       000010001D    751
     110       1       0       1       0       0       0               0D    752
     102    1076       0       1       0       0       0       000010001D    753
     102       1       0       1       0       0       0               0D    754
     142    1077       0       1       0       0       0       000010001D    755
     142       1       0       1       0       0       0               0D    756
     144    1078       0       1       0       0       0       000000001D    757
     144       1    -729       1       0       0       0               0D    758
     314    1079       0       1       0       0       0       000010001D    759
     314       1       0       2       0       0       0               0D    760
     110    1081       0       1       0       0       0       000010001D    761
     110       1       0       1       0       0       0               0D    762
     110    1082       0       1       0       0       0       000010001D    763
     110       1       0       1       0       0       0               0D    764
     120    1083       0       1       0       0       0       000010001D    765
     120       1       0       1       0       0       0               0D    766
     126    1084       0       1       0       0       0       000010501D    767
     126       1       0       4       0       0       0               0D    768
     126    1088       0       1       0       0       0       000010501D    769
     126       1       0       2       0       0       0               0D    770
     126    1090       0       1       0       0       0       000010501D    771
     126       1       0       4       0       0       0               0D    772
     126    1094       0       1       0       0       0       000010501D    773
     126       1       0       2       0       0       0               0D    774
     102    1096       0       1       0       0       0       000010501D    775
     102       1       0       1       0       0       0               0D    776
     124    1097       0       1       0       0       0       000010001D    777
     124       1       0       1       0       0       0               0D    778
     100    1098       0       1       0       0     777       000010001D    779
     100       1       0       1       0       0       0               0D    780
     110    1099       0       1       0       0       0       000010001D    781
     110       1       0       1       0       0       0               0D    782
     124    1100       0       1       0       0       0       000010001D    783
     124       1       0       1       0       0       0               0D    784
     100    1101       0       1       0       0     783       000010001D    785
     100       1       0       1       0       0       0               0D    786
     110    1102       0       1       0       0       0       000010001D    787
     110       1       0       1       0       0       0               0D    788
     102    1103       0       1       0       0       0       000010001D    789
     102       1       0       1       0       0       0               0D    790
     142    1104       0       1       0       0       0       000010001D    791
     142       1       0       1       0       0       0               0D    792
     144    1105       0       1       0       0       0       000000001D    793
     144       1    -759       1       0       0       0               0D    794
     314    1106       0       1       0       0       0       000010001D    795
     314       1       0       2       0       0       0               0D    796
     110    1108       0       1       0       0       0       000010001D    797
     110       1       0       1       0       0       0               0D    798
     122    1109       0       1       0       0       0       000010001D    799
     122       1       0       1       0       0       0               0D    800
     126    1110       0       1       0       0       0       000010501D    801
     126       1       0       2       0       0       0               0D    802
     126    1112       0       1       0       0       0       000010501D    803
     126       1       0       2       0       0       0               0D    804
     126    1114       0       1       0       0       0       000010501D    805
     126       1       0       2       0       0       0               0D    806
     126    1116       0       1       0       0       0       000010501D    807
     126       1       0       2       0       0       0               0D    808
     102    1118       0       1       0       0       0       000010501D    809
     102       1       0       1       0       0       0               0D    810
     110    1119       0       1       0       0       0       000010001D    811
     110       1       0       1       0       0       0               0D    812
     110    1120       0       1       0       0       0       000010001D    813
     110       1       0       1       0       0       0               0D    814
     110    1121       0       1       0       0       0       000010001D    815
     110       1       0       1       0       0       0               0D    816
     110    1122       0       1       0       0       0       000010001D    817
     110       1       0       1       0       0       0               0D    818
     102    1123       0       1       0       0       0       000010001D    819
     102       1       0       1       0       0       0               0D    820
     142    1124       0       1       0       0       0       000010001D    821
     142       1       0       1       0       0       0               0D    822
     144    1125       0       1       0       0       0       000000001D    823
     144       1    -795       1       0       0       0               0D    824
     314    1126       0       1       0       0       0       000010001D    825
     314       1       0       2       0       0       0               0D    826
     110    1128       0       1       0       0       0       000010001D    827
     110       1       0       1       0       0       0               0D    828
     110    1129       0       1       0       0       0       000010001D    829
     110       1       0       1       0       0       0               0D    830
     120    1130       0       1       0       0       0       000010001D    831
     120       1       0       1       0       0       0               0D    832
     126    1131       0       1       0       0       0       000010501D    833
     126       1       0       3       0       0       0               0D    834
     126    1134       0       1       0       0       0       000010501D    835
     126       1       0       2       0       0       0               0D    836
     126    1136       0       1       0       0       0       000010501D    837
     126       1       0       3       0       0       0               0D    838
     126    1139       0       1       0       0       0       000010501D    839
     126       1       0       2       0       0       0               0D    840
     102    1141       0       1       0       0       0       000010501D    841
     102       1       0       1       0       0       0               0D    842
     124    1142       0       1       0       0       0       000010001D    843
     124       1       0       1       0       0       0               0D    844
     100    1143       0       1       0       0     843       000010001D    845
     100       1       0       1       0       0       0               0D    846
     110    1144       0       1       0       0       0       000010001D    847
     110       1       0       1       0       0       0               0D    848
     124    1145       0       1       0       0       0       000010001D    849
     124       1       0       1       0       0       0               0D    850
     100    1146       0       1       0       0     849       000010001D    851
     100       1       0       1       0       0       0               0D    852
     110    1147       0       1       0       0       0       000010001D    853
     110       1       0       1       0       0       0               0D    854
     102    1148       0       1       0       0       0       000010001D    855
     102       1       0       1       0       0       0               0D    856
     142    1149       0       1       0       0       0       000010001D    857
     142       1       0       1       0       0       0               0D    858
     144    1150       0       1       0       0       0       000000001D    859
     144       1    -825       1       0       0       0               0D    860
     314    1151       0       1       0       0       0       000010001D    861
     314       1       0       2       0       0       0               0D    862
     110    1153       0       1       0       0       0       000010001D    863
     110       1       0       1       0       0       0               0D    864
     122    1154       0       1       0       0       0       000010001D    865
     122       1       0       1       0       0       0               0D    866
     126    1155       0       1       0       0       0       000010501D    867
     126       1       0       2       0       0       0               0D    868
     126    1157       0       1       0       0       0       000010501D    869
     126       1       0       2       0       0       0               0D    870
     126    1159       0       1       0       0       0       000010501D    871
     126       1       0       2       0       0       0               0D    872
     126    1161       0       1       0       0       0       000010501D    873
     126       1       0       2       0       0       0               0D    874
     102    1163       0       1       0       0       0       000010501D    875
     102       1       0       1       0       0       0               0D    876
     110    1164       0       1       0       0       0       000010001D    877
     110       1       0       1       0       0       0               0D    878
     110    1165       0       1       0       0       0       000010001D    879
     110       1       0       1       0       0       0               0D    880
     110    1166       0       1       0       0       0       000010001D    881
     110       1       0       1       0       0       0               0D    882
     110    1167       0       1       0       0       0       000010001D    883
     110       1       0       1       0       0       0               0D    884
     102    1168       0       1       0       0       0       000010001D    885
     102       1       0       1       0       0       0               0D    886
     142    1169       0       1       0       0       0       000010001D    887
     142       1       0       1       0       0       0               0D    888
     144    1170       0       1       0       0       0       000000001D    889
     144       1    -861       1       0       0       0               0D    890
     314    1171       0       1       0       0       0       000010001D    891
     314       1       0       2       0       0       0               0D    892
     110    1173       0       1       0       0       0       000010001D    893
     110       1       0       1       0       0       0               0D    894
     110    1174       0       1       0       0       0       000010001D    895
     110       1       0       1       0       0       0               0D    896
     120    1175       0       1       0       0       0       000010001D    897
     120       1       0       1       0       0       0               0D    898
     126    1176       0       1       0       0       0       000010501D    899
     126       1       0       3       0       0       0               0D    900
     126    1179       0       1       0       0       0       000010501D    901
     126       1       0       2       0       0       0               0D    902
     126    1181       0       1       0       0       0       000010501D    903
     126       1       0       3       0       0       0               0D    904
     126    1184       0       1       0       0       0       000010501D    905
     126       1       0       2       0       0       0               0D    906
     102    1186       0       1       0       0       0       000010501D    907
     102       1       0       1       0       0       0               0D    908
     124    1187       0       1       0       0       0       000010001D    909
     124       1       0       1       0       0       0               0D    910
     100    1188       0       1       0       0     909       000010001D    911
     100       1       0       1       0       0       0               0D    912
     110    1189       0       1       0       0       0       000010001D    913
     110       1       0       1       0       0       0               0D    914
     124    1190       0       1       0       0       0       000010001D    915
     124       1       0       1       0       0       0               0D    916
     100    1191       0       1       0       0     915       000010001D    917
     100       1       0       1       0       0       0               0D    918
     110    1192       0       1       0       0       0       000010001D    919
     110       1       0       1       0       0       0               0D    920
     102    1193       0       1       0       0       0       000010001D    921
     102       1       0       1       0       0       0               0D    922
     142    1194       0       1       0       0       0       000010001D    923
     142       1       0       1       0       0       0               0D    924
     144    1195       0       1       0       0       0       000000001D    925
     144       1    -891       1       0       0       0               0D    926
     314    1196       0       1       0       0       0       000010001D    927
     314       1       0       2       0       0       0               0D    928
     110    1198       0       1       0       0       0       000010001D    929
     110       1       0       1       0       0       0               0D    930
     110    1199       0       1       0       0       0       000010001D    931
     110       1       0       1       0       0       0               0D    932
     120    1200       0       1       0       0       0       000010001D    933
     120       1       0       1       0       0       0               0D    934
     126    1201       0       1       0       0       0       000010501D    935
     126       1       0       2       0       0       0               0D    936
     126    1203       0       1       0       0       0       000010501D    937
     126       1       0       2       0       0       0               0D    938
     126    1205       0       1       0       0       0       000010501D    939
     126       1       0       3       0       0       0               0D    940
     126    1208       0       1       0       0       0       000010501D    941
     126       1       0       2       0       0       0               0D    942
     126    1210       0       1       0       0       0       000010501D    943
     126       1       0       3       0       0       0               0D    944
     126    1213       0       1       0       0       0       000010501D    945
     126       1       0       3       0       0       0               0D    946
     126    1216       0       1       0       0       0       000010501D    947
     126       1       0       2       0       0       0               0D    948
     126    1218       0       1       0       0       0       000010501D    949
     126       1       0       2       0       0       0               0D    950
     126    1220       0       1       0       0       0       000010501D    951
     126       1       0       2       0       0       0               0D    952
     102    1222       0       1       0       0       0       000010501D    953
     102       1       0       1       0       0       0               0D    954
     124    1223       0       1       0       0       0       000010001D    955
     124       1       0       1       0       0       0               0D    956
     100    1224       0       1       0       0     955       000010001D    957
     100       1       0       1       0       0       0               0D    958
     110    1225       0       1       0       0       0       000010001D    959
     110       1       0       1       0       0       0               0D    960
     124    1226       0       1       0       0       0       000010001D    961
     124       1       0       1       0       0       0               0D    962
     100    1227       0       1       0       0     961       000010001D    963
     100       1       0       1       0       0       0               0D    964
     124    1228       0       1       0       0       0       000010001D    965
     124       1       0       1       0       0       0               0D    966
     100    1229       0       1       0       0     965       000010001D    967
     100       1       0       1       0       0       0               0D    968
     110    1230       0       1       0       0       0       000010001D    969
     110       1       0       1       0       0       0               0D    970
     102    1231       0       1       0       0       0       000010001D    971
     102       1       0       1       0       0       0               0D    972
     142    1232       0       1       0       0       0       000010001D    973
     142       1       0       1       0       0       0               0D    974
     144    1233       0       1       0       0       0       000000001D    975
     144       1    -927       1       0       0       0               0D    976
     314    1234       0       1       0       0       0       000010001D    977
     314       1       0       2       0       0       0               0D    978
     110    1236       0       1       0       0       0       000010001D    979
     110       1       0       1       0       0       0               0D    980
     110    1237       0       1       0       0       0       000010001D    981
     110       1       0       1       0       0       0               0D    982
     120    1238       0       1       0       0       0       000010001D    983
     120       1       0       1       0       0       0               0D    984
     126    1239       0       1       0       0       0       000010501D    985
     126       1       0       2       0       0       0               0D    986
     126    1241       0       1       0       0       0       000010501D    987
     126       1       0       2       0       0       0               0D    988
     126    1243       0       1       0       0       0       000010501D    989
     126       1       0       3       0       0       0               0D    990
     126    1246       0       1       0       0       0       000010501D    991
     126       1       0       2       0       0       0               0D    992
     126    1248       0       1       0       0       0       000010501D    993
     126       1       0       3       0       0       0               0D    994
     126    1251       0       1       0       0       0       000010501D    995
     126       1       0       3       0       0       0               0D    996
     126    1254       0       1       0       0       0       000010501D    997
     126       1       0       2       0       0       0               0D    998
     126    1256       0       1       0       0       0       000010501D    999
     126       1       0       2       0       0       0               0D   1000
     126    1258       0       1       0       0       0       000010501D   1001
     126       1       0       2       0       0       0               0D   1002
     102    1260       0       1       0       0       0       000010501D   1003
     102       1       0       1       0       0       0               0D   1004
     124    1261       0       1       0       0       0       000010001D   1005
     124       1       0       1       0       0       0               0D   1006
     100    1262       0       1       0       0    1005       000010001D   1007
     100       1       0       1       0       0       0               0D   1008
     110    1263       0       1       0       0       0       000010001D   1009
     110       1       0       1       0       0       0               0D   1010
     124    1264       0       1       0       0       0       000010001D   1011
     124       1       0       1       0       0       0               0D   1012
     100    1265       0       1       0       0    1011       000010001D   1013
     100       1       0       1       0       0       0               0D   1014
     124    1266       0       1       0       0       0       000010001D   1015
     124       1       0       1       0       0       0               0D   1016
     100    1267       0       1       0       0    1015       000010001D   1017
     100       1       0       1       0       0       0               0D   1018
     110    1268       0       1       0       0       0       000010001D   1019
     110       1       0       1       0       0       0               0D   1020
     102    1269       0       1       0       0       0       000010001D   1021
     102       1       0       1       0       0       0               0D   1022
     142    1270       0       1       0       0       0       000010001D   1023
     142       1       0       1       0       0       0               0D   1024
     144    1271       0       1       0       0       0       000000001D   1025
     144       1    -977       1       0       0       0               0D   1026
     314    1272       0       1       0       0       0       000010001D   1027
     314       1       0       2       0       0       0               0D   1028
     110    1274       0       1       0       0       0       000010001D   1029
     110       1       0       1       0       0       0               0D   1030
     110    1275       0       1       0       0       0       000010001D   1031
     110       1       0       1       0       0       0               0D   1032
     120    1276       0       1       0       0       0       000010001D   1033
     120       1       0       1       0       0       0               0D   1034
     126    1277       0       1       0       0       0       000010501D   1035
     126       1       0       2       0       0       0               0D   1036
     126    1279       0       1       0       0       0       000010501D   1037
     126       1       0       2       0       0       0               0D   1038
     126    1281       0       1       0       0       0       000010501D   1039
     126       1       0       3       0       0       0               0D   1040
     126    1284       0       1       0       0       0       000010501D   1041
     126       1       0       2       0       0       0               0D   1042
     126    1286       0       1       0       0       0       000010501D   1043
     126       1       0       3       0       0       0               0D   1044
     126    1289       0       1       0       0       0       000010501D   1045
     126       1       0       3       0       0       0               0D   1046
     126    1292       0       1       0       0       0       000010501D   1047
     126       1       0       2       0       0       0               0D   1048
     126    1294       0       1       0       0       0       000010501D   1049
     126       1       0       2       0       0       0               0D   1050
     126    1296       0       1       0       0       0       000010501D   1051
     126       1       0       2       0       0       0               0D   1052
     102    1298       0       1       0       0       0       000010501D   1053
     102       1       0       1       0       0       0               0D   1054
     124    1299       0       1       0       0       0       000010001D   1055
     124       1       0       1       0       0       0               0D   1056
     100    1300       0       1       0       0    1055       000010001D   1057
     100       1       0       1       0       0       0               0D   1058
     110    1301       0       1       0       0       0       000010001D   1059
     110       1       0       1       0       0       0               0D   1060
     124    1302       0       1       0       0       0       000010001D   1061
     124       1       0       1       0       0       0               0D   1062
     100    1303       0       1       0       0    1061       000010001D   1063
     100       1       0       1       0       0       0               0D   1064
     124    1304       0       1       0       0       0       000010001D   1065
     124       1       0       1       0       0       0               0D   1066
     100    1305       0       1       0       0    1065       000010001D   1067
     100       1       0       1       0       0       0               0D   1068
     110    1306       0       1       0       0       0       000010001D   1069
     110       1       0       1       0       0       0               0D   1070
     102    1307       0       1       0       0       0       000010001D   1071
     102       1       0       1       0       0       0               0D   1072
     142    1308       0       1       0       0       0       000010001D   1073
     142       1       0       1       0       0       0               0D   1074
     144    1309       0       1       0       0       0       000000001D   1075
     144       1   -1027       1       0       0       0               0D   1076
     314    1310       0       1       0       0       0       000010001D   1077
     314       1       0       2       0       0       0               0D   1078
     110    1312       0       1       0       0       0       000010001D   1079
     110       1       0       1       0       0       0               0D   1080
     110    1313       0       1       0       0       0       000010001D   1081
     110       1       0       1       0       0       0               0D   1082
     120    1314       0       1       0       0       0       000010001D   1083
     120       1       0       1       0       0       0               0D   1084
     126    1315       0       1       0       0       0       000010501D   1085
     126       1       0       2       0       0       0               0D   1086
     126    1317       0       1       0       0       0       000010501D   1087
     126       1       0       2       0       0       0               0D   1088
     126    1319       0       1       0       0       0       000010501D   1089
     126       1       0       3       0       0       0               0D   1090
     126    1322       0       1       0       0       0       000010501D   1091
     126       1       0       2       0       0       0               0D   1092
     126    1324       0       1       0       0       0       000010501D   1093
     126       1       0       3       0       0       0               0D   1094
     126    1327       0       1       0       0       0       000010501D   1095
     126       1       0       3       0       0       0               0D   1096
     126    1330       0       1       0       0       0       000010501D   1097
     126       1       0       2       0       0       0               0D   1098
     126    1332       0       1       0       0       0       000010501D   1099
     126       1       0       2       0       0       0               0D   1100
     126    1334       0       1       0       0       0       000010501D   1101
     126       1       0       2       0       0       0               0D   1102
     102    1336       0       1       0       0       0       000010501D   1103
     102       1       0       1       0       0       0               0D   1104
     124    1337       0       1       0       0       0       000010001D   1105
     124       1       0       1       0       0       0               0D   1106
     100    1338       0       1       0       0    1105       000010001D   1107
     100       1       0       1       0       0       0               0D   1108
     110    1339       0       1       0       0       0       000010001D   1109
     110       1       0       1       0       0       0               0D   1110
     124    1340       0       1       0       0       0       000010001D   1111
     124       1       0       1       0       0       0               0D   1112
     100    1341       0       1       0       0    1111       000010001D   1113
     100       1       0       1       0       0       0               0D   1114
     124    1342       0       1       0       0       0       000010001D   1115
     124       1       0       1       0       0       0               0D   1116
     100    1343       0       1       0       0    1115       000010001D   1117
     100       1       0       1       0       0       0               0D   1118
     110    1344       0       1       0       0       0       000010001D   1119
     110       1       0       1       0       0       0               0D   1120
     102    1345       0       1       0       0       0       000010001D   1121
     102       1       0       1       0       0       0               0D   1122
     142    1346       0       1       0       0       0       000010001D   1123
     142       1       0       1       0       0       0               0D   1124
     144    1347       0       1       0       0       0       000000001D   1125
     144       1   -1077       1       0       0       0               0D   1126
     314    1348       0       1       0       0       0       000010001D   1127
     314       1       0       2       0       0       0               0D   1128
     110    1350       0       1       0       0       0       000010001D   1129
     110       1       0       1       0       0       0               0D   1130
     110    1351       0       1       0       0       0       000010001D   1131
     110       1       0       1       0       0       0               0D   1132
     120    1352       0       1       0       0       0       000010001D   1133
     120       1       0       1       0       0       0               0D   1134
     126    1353       0       1       0       0       0       000010501D   1135
     126       1       0       3       0       0       0               0D   1136
     126    1356       0       1       0       0       0       000010501D   1137
     126       1       0       3       0       0       0               0D   1138
     126    1359       0       1       0       0       0       000010501D   1139
     126       1       0       2       0       0       0               0D   1140
     126    1361       0       1       0       0       0       000010501D   1141
     126       1       0       2       0       0       0               0D   1142
     126    1363       0       1       0       0       0       000010501D   1143
     126       1       0       2       0       0       0               0D   1144
     126    1365       0       1       0       0       0       000010501D   1145
     126       1       0       3       0       0       0               0D   1146
     126    1368       0       1       0       0       0       000010501D   1147
     126       1       0       2       0       0       0               0D   1148
     126    1370       0       1       0       0       0       000010501D   1149
     126       1       0       3       0       0       0               0D   1150
     126    1373       0       1       0       0       0       000010501D   1151
     126       1       0       2       0       0       0               0D   1152
     102    1375       0       1       0       0       0       000010501D   1153
     102       1       0       1       0       0       0               0D   1154
     124    1376       0       1       0       0       0       000010001D   1155
     124       1       0       1       0       0       0               0D   1156
     100    1377       0       1       0       0    1155       000010001D   1157
     100       1       0       1       0       0       0               0D   1158
     124    1378       0       1       0       0       0       000010001D   1159
     124       1       0       1       0       0       0               0D   1160
     100    1379       0       1       0       0    1159       000010001D   1161
     100       1       0       1       0       0       0               0D   1162
     110    1380       0       1       0       0       0       000010001D   1163
     110       1       0       1       0       0       0               0D   1164
     124    1381       0       1       0       0       0       000010001D   1165
     124       1       0       1       0       0       0               0D   1166
     100    1382       0       1       0       0    1165       000010001D   1167
     100       1       0       1       0       0       0               0D   1168
     110    1383       0       1       0       0       0       000010001D   1169
     110       1       0       1       0       0       0               0D   1170
     102    1384       0       1       0       0       0       000010001D   1171
     102       1       0       1       0       0       0               0D   1172
     142    1385       0       1       0       0       0       000010001D   1173
     142       1       0       1       0       0       0               0D   1174
     144    1386       0       1       0       0       0       000000001D   1175
     144       1   -1127       1       0       0       0               0D   1176
     314    1387       0       1       0       0       0       000010001D   1177
     314       1       0       2       0       0       0               0D   1178
     110    1389       0       1       0       0       0       000010001D   1179
     110       1       0       1       0       0       0               0D   1180
     110    1390       0       1       0       0       0       000010001D   1181
     110       1       0       1       0       0       0               0D   1182
     120    1391       0       1       0       0       0       000010001D   1183
     120       1       0       1       0       0       0               0D   1184
     126    1392       0       1       0       0       0       000010501D   1185
     126       1       0       3       0       0       0               0D   1186
     126    1395       0       1       0       0       0       000010501D   1187
     126       1       0       3       0       0       0               0D   1188
     126    1398       0       1       0       0       0       000010501D   1189
     126       1       0       2       0       0       0               0D   1190
     126    1400       0       1       0       0       0       000010501D   1191
     126       1       0       2       0       0       0               0D   1192
     126    1402       0       1       0       0       0       000010501D   1193
     126       1       0       2       0       0       0               0D   1194
     126    1404       0       1       0       0       0       000010501D   1195
     126       1       0       3       0       0       0               0D   1196
     126    1407       0       1       0       0       0       000010501D   1197
     126       1       0       2       0       0       0               0D   1198
     126    1409       0       1       0       0       0       000010501D   1199
     126       1       0       3       0       0       0               0D   1200
     126    1412       0       1       0       0       0       000010501D   1201
     126       1       0       2       0       0       0               0D   1202
     102    1414       0       1       0       0       0       000010501D   1203
     102       1       0       1       0       0       0               0D   1204
     124    1415       0       1       0       0       0       000010001D   1205
     124       1       0       1       0       0       0               0D   1206
     100    1416       0       1       0       0    1205       000010001D   1207
     100       1       0       1       0       0       0               0D   1208
     124    1417       0       1       0       0       0       000010001D   1209
     124       1       0       1       0       0       0               0D   1210
     100    1418       0       1       0       0    1209       000010001D   1211
     100       1       0       1       0       0       0               0D   1212
     110    1419       0       1       0       0       0       000010001D   1213
     110       1       0       1       0       0       0               0D   1214
     124    1420       0       1       0       0       0       000010001D   1215
     124       1       0       1       0       0       0               0D   1216
     100    1421       0       1       0       0    1215       000010001D   1217
     100       1       0       1       0       0       0               0D   1218
     110    1422       0       1       0       0       0       000010001D   1219
     110       1       0       1       0       0       0               0D   1220
     102    1423       0       1       0       0       0       000010001D   1221
     102       1       0       1       0       0       0               0D   1222
     142    1424       0       1       0       0       0       000010001D   1223
     142       1       0       1       0       0       0               0D   1224
     144    1425       0       1       0       0       0       000000001D   1225
     144       1   -1177       1       0       0       0               0D   1226
     314    1426       0       1       0       0       0       000010001D   1227
     314       1       0       2       0       0       0               0D   1228
     110    1428       0       1       0       0       0       000010001D   1229
     110       1       0       1       0       0       0               0D   1230
     110    1429       0       1       0       0       0       000010001D   1231
     110       1       0       1       0       0       0               0D   1232
     120    1430       0       1       0       0       0       000010001D   1233
     120       1       0       1       0       0       0               0D   1234
     126    1431       0       1       0       0       0       000010501D   1235
     126       1       0       3       0       0       0               0D   1236
     126    1434       0       1       0       0       0       000010501D   1237
     126       1       0       3       0       0       0               0D   1238
     126    1437       0       1       0       0       0       000010501D   1239
     126       1       0       2       0       0       0               0D   1240
     126    1439       0       1       0       0       0       000010501D   1241
     126       1       0       2       0       0       0               0D   1242
     126    1441       0       1       0       0       0       000010501D   1243
     126       1       0       2       0       0       0               0D   1244
     126    1443       0       1       0       0       0       000010501D   1245
     126       1       0       3       0       0       0               0D   1246
     126    1446       0       1       0       0       0       000010501D   1247
     126       1       0       2       0       0       0               0D   1248
     126    1448       0       1       0       0       0       000010501D   1249
     126       1       0       3       0       0       0               0D   1250
     126    1451       0       1       0       0       0       000010501D   1251
     126       1       0       2       0       0       0               0D   1252
     102    1453       0       1       0       0       0       000010501D   1253
     102       1       0       1       0       0       0               0D   1254
     124    1454       0       1       0       0       0       000010001D   1255
     124       1       0       1       0       0       0               0D   1256
     100    1455       0       1       0       0    1255       000010001D   1257
     100       1       0       1       0       0       0               0D   1258
     124    1456       0       1       0       0       0       000010001D   1259
     124       1       0       1       0       0       0               0D   1260
     100    1457       0       1       0       0    1259       000010001D   1261
     100       1       0       1       0       0       0               0D   1262
     110    1458       0       1       0       0       0       000010001D   1263
     110       1       0       1       0       0       0               0D   1264
     124    1459       0       1       0       0       0       000010001D   1265
     124       1       0       1       0       0       0               0D   1266
     100    1460       0       1       0       0    1265       000010001D   1267
     100       1       0       1       0       0       0               0D   1268
     110    1461       0       1       0       0       0       000010001D   1269
     110       1       0       1       0       0       0               0D   1270
     102    1462       0       1       0       0       0       000010001D   1271
     102       1       0       1       0       0       0               0D   1272
     142    1463       0       1       0       0       0       000010001D   1273
     142       1       0       1       0       0       0               0D   1274
     144    1464       0       1       0       0       0       000000001D   1275
     144       1   -1227       1       0       0       0               0D   1276
     314    1465       0       1       0       0       0       000010001D   1277
     314       1       0       2       0       0       0               0D   1278
     110    1467       0       1       0       0       0       000010001D   1279
     110       1       0       1       0       0       0               0D   1280
     110    1468       0       1       0       0       0       000010001D   1281
     110       1       0       1       0       0       0               0D   1282
     120    1469       0       1       0       0       0       000010001D   1283
     120       1       0       1       0       0       0               0D   1284
     126    1470       0       1       0       0       0       000010501D   1285
     126       1       0       3       0       0       0               0D   1286
     126    1473       0       1       0       0       0       000010501D   1287
     126       1       0       3       0       0       0               0D   1288
     126    1476       0       1       0       0       0       000010501D   1289
     126       1       0       2       0       0       0               0D   1290
     126    1478       0       1       0       0       0       000010501D   1291
     126       1       0       2       0       0       0               0D   1292
     126    1480       0       1       0       0       0       000010501D   1293
     126       1       0       2       0       0       0               0D   1294
     126    1482       0       1       0       0       0       000010501D   1295
     126       1       0       3       0       0       0               0D   1296
     126    1485       0       1       0       0       0       000010501D   1297
     126       1       0       2       0       0       0               0D   1298
     126    1487       0       1       0       0       0       000010501D   1299
     126       1       0       3       0       0       0               0D   1300
     126    1490       0       1       0       0       0       000010501D   1301
     126       1       0       2       0       0       0               0D   1302
     102    1492       0       1       0       0       0       000010501D   1303
     102       1       0       1       0       0       0               0D   1304
     124    1493       0       1       0       0       0       000010001D   1305
     124       1       0       1       0       0       0               0D   1306
     100    1494       0       1       0       0    1305       000010001D   1307
     100       1       0       1       0       0       0               0D   1308
     124    1495       0       1       0       0       0       000010001D   1309
     124       1       0       1       0       0       0               0D   1310
     100    1496       0       1       0       0    1309       000010001D   1311
     100       1       0       1       0       0       0               0D   1312
     110    1497       0       1       0       0       0       000010001D   1313
     110       1       0       1       0       0       0               0D   1314
     124    1498       0       1       0       0       0       000010001D   1315
     124       1       0       1       0       0       0               0D   1316
     100    1499       0       1       0       0    1315       000010001D   1317
     100       1       0       1       0       0       0               0D   1318
     110    1500       0       1       0       0       0       000010001D   1319
     110       1       0       1       0       0       0               0D   1320
     102    1501       0       1       0       0       0       000010001D   1321
     102       1       0       1       0       0       0               0D   1322
     142    1502       0       1       0       0       0       000010001D   1323
     142       1       0       1       0       0       0               0D   1324
     144    1503       0       1       0       0       0       000000001D   1325
     144       1   -1277       1       0       0       0               0D   1326
     314    1504       0       1       0       0       0       000010001D   1327
     314       1       0       2       0       0       0               0D   1328
     110    1506       0       1       0       0       0       000010001D   1329
     110       1       0       1       0       0       0               0D   1330
     122    1507       0       1       0       0       0       000010001D   1331
     122       1       0       1       0       0       0               0D   1332
     126    1508       0       1       0       0       0       000010501D   1333
     126       1       0       3       0       0       0               0D   1334
     126    1511       0       1       0       0       0       000010501D   1335
     126       1       0       3       0       0       0               0D   1336
     126    1514       0       1       0       0       0       000010501D   1337
     126       1       0       3       0       0       0               0D   1338
     126    1517       0       1       0       0       0       000010501D   1339
     126       1       0      20       0       0       0               0D   1340
     126    1537       0       1       0       0       0       000010501D   1341
     126       1       0       3       0       0       0               0D   1342
     126    1540       0       1       0       0       0       000010501D   1343
     126       1       0      20       0       0       0               0D   1344
     102    1560       0       1       0       0       0       000010501D   1345
     102       1       0       1       0       0       0               0D   1346
     110    1561       0       1       0       0       0       000010001D   1347
     110       1       0       1       0       0       0               0D   1348
     110    1562       0       1       0       0       0       000010001D   1349
     110       1       0       1       0       0       0               0D   1350
     110    1563       0       1       0       0       0       000010001D   1351
     110       1       0       1       0       0       0               0D   1352
     124    1564       0       1       0       0       0       000010001D   1353
     124       1       0       1       0       0       0               0D   1354
     100    1565       0       1       0       0    1353       000010001D   1355
     100       1       0       1       0       0       0               0D   1356
     110    1566       0       1       0       0       0       000010001D   1357
     110       1       0       1       0       0       0               0D   1358
     124    1567       0       1       0       0       0       000010001D   1359
     124       1       0       1       0       0       0               0D   1360
     100    1568       0       1       0       0    1359       000010001D   1361
     100       1       0       1       0       0       0               0D   1362
     102    1569       0       1       0       0       0       000010001D   1363
     102       1       0       1       0       0       0               0D   1364
     142    1570       0       1       0       0       0       000010001D   1365
     142       1       0       1       0       0       0               0D   1366
     126    1571       0       1       0       0       0       000010501D   1367
     126       1       0       3       0       0       0               0D   1368
     126    1574       0       1       0       0       0       000010501D   1369
     126       1       0       3       0       0       0               0D   1370
     126    1577       0       1       0       0       0       000010501D   1371
     126       1       0       3       0       0       0               0D   1372
     126    1580       0       1       0       0       0       000010501D   1373
     126       1       0       3       0       0       0               0D   1374
     102    1583       0       1       0       0       0       000010501D   1375
     102       1       0       1       0       0       0               0D   1376
     110    1584       0       1       0       0       0       000010001D   1377
     110       1       0       1       0       0       0               0D   1378
     110    1585       0       1       0       0       0       000010001D   1379
     110       1       0       1       0       0       0               0D   1380
     110    1586       0       1       0       0       0       000010001D   1381
     110       1       0       1       0       0       0               0D   1382
     110    1587       0       1       0       0       0       000010001D   1383
     110       1       0       1       0       0       0               0D   1384
     102    1588       0       1       0       0       0       000010001D   1385
     102       1       0       1       0       0       0               0D   1386
     142    1589       0       1       0       0       0       000010001D   1387
     142       1       0       1       0       0       0               0D   1388
     126    1590       0       1       0       0       0       000010501D   1389
     126       1       0       3       0       0       0               0D   1390
     126    1593       0       1       0       0       0       000010501D   1391
     126       1       0       3       0       0       0               0D   1392
     126    1596       0       1       0       0       0       000010501D   1393
     126       1       0       3       0       0       0               0D   1394
     126    1599       0       1       0       0       0       000010501D   1395
     126       1       0       3       0       0       0               0D   1396
     102    1602       0       1       0       0       0       000010501D   1397
     102       1       0       1       0       0       0               0D   1398
     110    1603       0       1       0       0       0       000010001D   1399
     110       1       0       1       0       0       0               0D   1400
     110    1604       0       1       0       0       0       000010001D   1401
     110       1       0       1       0       0       0               0D   1402
     110    1605       0       1       0       0       0       000010001D   1403
     110       1       0       1       0       0       0               0D   1404
     110    1606       0       1       0       0       0       000010001D   1405
     110       1       0       1       0       0       0               0D   1406
     102    1607       0       1       0       0       0       000010001D   1407
     102       1       0       1       0       0       0               0D   1408
     142    1608       0       1       0       0       0       000010001D   1409
     142       1       0       1       0       0       0               0D   1410
     144    1609       0       1       0       0       0       000000001D   1411
     144       1   -1327       1       0       0       0               0D   1412
     314    1610       0       1       0       0       0       000010001D   1413
     314       1       0       2       0       0       0               0D   1414
     110    1612       0       1       0       0       0       000010001D   1415
     110       1       0       1       0       0       0               0D   1416
     122    1613       0       1       0       0       0       000010001D   1417
     122       1       0       1       0       0       0               0D   1418
     126    1614       0       1       0       0       0       000010501D   1419
     126       1       0       2       0       0       0               0D   1420
     126    1616       0       1       0       0       0       000010501D   1421
     126       1       0       2       0       0       0               0D   1422
     126    1618       0       1       0       0       0       000010501D   1423
     126       1       0       2       0       0       0               0D   1424
     126    1620       0       1       0       0       0       000010501D   1425
     126       1       0       2       0       0       0               0D   1426
     102    1622       0       1       0       0       0       000010501D   1427
     102       1       0       1       0       0       0               0D   1428
     110    1623       0       1       0       0       0       000010001D   1429
     110       1       0       1       0       0       0               0D   1430
     110    1624       0       1       0       0       0       000010001D   1431
     110       1       0       1       0       0       0               0D   1432
     110    1625       0       1       0       0       0       000010001D   1433
     110       1       0       1       0       0       0               0D   1434
     110    1626       0       1       0       0       0       000010001D   1435
     110       1       0       1       0       0       0               0D   1436
     102    1627       0       1       0       0       0       000010001D   1437
     102       1       0       1       0       0       0               0D   1438
     142    1628       0       1       0       0       0       000010001D   1439
     142       1       0       1       0       0       0               0D   1440
     144    1629       0       1       0       0       0       000000001D   1441
     144       1   -1413       1       0       0       0               0D   1442
     314    1630       0       1       0       0       0       000010001D   1443
     314       1       0       2       0       0       0               0D   1444
     110    1632       0       1       0       0       0       000010001D   1445
     110       1       0       1       0       0       0               0D   1446
     122    1633       0       1       0       0       0       000010001D   1447
     122       1       0       1       0       0       0               0D   1448
     126    1634       0       1       0       0       0       000010501D   1449
     126       1       0       2       0       0       0               0D   1450
     126    1636       0       1       0       0       0       000010501D   1451
     126       1       0       2       0       0       0               0D   1452
     126    1638       0       1       0       0       0       000010501D   1453
     126       1       0       2       0       0       0               0D   1454
     126    1640       0       1       0       0       0       000010501D   1455
     126       1       0       2       0       0       0               0D   1456
     102    1642       0       1       0       0       0       000010501D   1457
     102       1       0       1       0       0       0               0D   1458
     110    1643       0       1       0       0       0       000010001D   1459
     110       1       0       1       0       0       0               0D   1460
     110    1644       0       1       0       0       0       000010001D   1461
     110       1       0       1       0       0       0               0D   1462
     110    1645       0       1       0       0       0       000010001D   1463
     110       1       0       1       0       0       0               0D   1464
     110    1646       0       1       0       0       0       000010001D   1465
     110       1       0       1       0       0       0               0D   1466
     102    1647       0       1       0       0       0       000010001D   1467
     102       1       0       1       0       0       0               0D   1468
     142    1648       0       1       0       0       0       000010001D   1469
     142       1       0       1       0       0       0               0D   1470
     144    1649       0       1       0       0       0       000000001D   1471
     144       1   -1443       1       0       0       0               0D   1472
     314    1650       0       1       0       0       0       000010001D   1473
     314       1       0       2       0       0       0               0D   1474
     110    1652       0       1       0       0       0       000010001D   1475
     110       1       0       1       0       0       0               0D   1476
     122    1653       0       1       0       0       0       000010001D   1477
     122       1       0       1       0       0       0               0D   1478
     126    1654       0       1       0       0       0       000010501D   1479
     126       1       0       2       0       0       0               0D   1480
     126    1656       0       1       0       0       0       000010501D   1481
     126       1       0       2       0       0       0               0D   1482
     126    1658       0       1       0       0       0       000010501D   1483
     126       1       0       2       0       0       0               0D   1484
     126    1660       0       1       0       0       0       000010501D   1485
     126       1       0       2       0       0       0               0D   1486
     102    1662       0       1       0       0       0       000010501D   1487
     102       1       0       1       0       0       0               0D   1488
     110    1663       0       1       0       0       0       000010001D   1489
     110       1       0       1       0       0       0               0D   1490
     110    1664       0       1       0       0       0       000010001D   1491
     110       1       0       1       0       0       0               0D   1492
     110    1665       0       1       0       0       0       000010001D   1493
     110       1       0       1       0       0       0               0D   1494
     110    1666       0       1       0       0       0       000010001D   1495
     110       1       0       1       0       0       0               0D   1496
     102    1667       0       1       0       0       0       000010001D   1497
     102       1       0       1       0       0       0               0D   1498
     142    1668       0       1       0       0       0       000010001D   1499
     142       1       0       1       0       0       0               0D   1500
     144    1669       0       1       0       0       0       000000001D   1501
     144       1   -1473       1       0       0       0               0D   1502
     314    1670       0       1       0       0       0       000010001D   1503
     314       1       0       2       0       0       0               0D   1504
     110    1672       0       1       0       0       0       000010001D   1505
     110       1       0       1       0       0       0               0D   1506
     122    1673       0       1       0       0       0       000010001D   1507
     122       1       0       1       0       0       0               0D   1508
     126    1674       0       1       0       0       0       000010501D   1509
     126       1       0       2       0       0       0               0D   1510
     126    1676       0       1       0       0       0       000010501D   1511
     126       1       0       2       0       0       0               0D   1512
     126    1678       0       1       0       0       0       000010501D   1513
     126       1       0       2       0       0       0               0D   1514
     126    1680       0       1       0       0       0       000010501D   1515
     126       1       0       2       0       0       0               0D   1516
     102    1682       0       1       0       0       0       000010501D   1517
     102       1       0       1       0       0       0               0D   1518
     110    1683       0       1       0       0       0       000010001D   1519
     110       1       0       1       0       0       0               0D   1520
     110    1684       0       1       0       0       0       000010001D   1521
     110       1       0       1       0       0       0               0D   1522
     110    1685       0       1       0       0       0       000010001D   1523
     110       1       0       1       0       0       0               0D   1524
     110    1686       0       1       0       0       0       000010001D   1525
     110       1       0       1       0       0       0               0D   1526
     102    1687       0       1       0       0       0       000010001D   1527
     102       1       0       1       0       0       0               0D   1528
     142    1688       0       1       0       0       0       000010001D   1529
     142       1       0       1       0       0       0               0D   1530
     126    1689       0       1       0       0       0       000010501D   1531
     126       1       0      35       0       0       0               0D   1532
     102    1724       0       1       0       0       0       000010501D   1533
     102       1       0       1       0       0       0               0D   1534
     124    1725       0       1       0       0       0       000010001D   1535
     124       1       0       1       0       0       0               0D   1536
     100    1726       0       1       0       0    1535       000010001D   1537
     100       1       0       1       0       0       0               0D   1538
     102    1727       0       1       0       0       0       000010001D   1539
     102       1       0       1       0       0       0               0D   1540
     142    1728       0       1       0       0       0       000010001D   1541
     142       1       0       1       0       0       0               0D   1542
     144    1729       0       1       0       0       0       000000001D   1543
     144       1   -1503       1       0       0       0               0D   1544
     314    1730       0       1       0       0       0       000010001D   1545
     314       1       0       2       0       0       0               0D   1546
     110    1732       0       1       0       0       0       000010001D   1547
     110       1       0       1       0       0       0               0D   1548
     122    1733       0       1       0       0       0       000010001D   1549
     122       1       0       1       0       0       0               0D   1550
     126    1734       0       1       0       0       0       000010501D   1551
     126       1       0       3       0       0       0               0D   1552
     126    1737       0       1       0       0       0       000010501D   1553
     126       1       0       3       0       0       0               0D   1554
     126    1740       0       1       0       0       0       000010501D   1555
     126       1       0       3       0       0       0               0D   1556
     126    1743       0       1       0       0       0       000010501D   1557
     126       1       0      20       0       0       0               0D   1558
     126    1763       0       1       0       0       0       000010501D   1559
     126       1       0       3       0       0       0               0D   1560
     126    1766       0       1       0       0       0       000010501D   1561
     126       1       0      19       0       0       0               0D   1562
     102    1785       0       1       0       0       0       000010501D   1563
     102       1       0       1       0       0       0               0D   1564
     110    1786       0       1       0       0       0       000010001D   1565
     110       1       0       1       0       0       0               0D   1566
     110    1787       0       1       0       0       0       000010001D   1567
     110       1       0       1       0       0       0               0D   1568
     110    1788       0       1       0       0       0       000010001D   1569
     110       1       0       1       0       0       0               0D   1570
     124    1789       0       1       0       0       0       000010001D   1571
     124       1       0       1       0       0       0               0D   1572
     100    1790       0       1       0       0    1571       000010001D   1573
     100       1       0       1       0       0       0               0D   1574
     110    1791       0       1       0       0       0       000010001D   1575
     110       1       0       1       0       0       0               0D   1576
     124    1792       0       1       0       0       0       000010001D   1577
     124       1       0       1       0       0       0               0D   1578
     100    1793       0       1       0       0    1577       000010001D   1579
     100       1       0       1       0       0       0               0D   1580
     102    1794       0       1       0       0       0       000010001D   1581
     102       1       0       1       0       0       0               0D   1582
     142    1795       0       1       0       0       0       000010001D   1583
     142       1       0       1       0       0       0               0D   1584
     126    1796       0       1       0       0       0       000010501D   1585
     126       1       0       3       0       0       0               0D   1586
     126    1799       0       1       0       0       0       000010501D   1587
     126       1       0       3       0       0       0               0D   1588
     126    1802       0       1       0       0       0       000010501D   1589
     126       1       0       3       0       0       0               0D   1590
     126    1805       0       1       0       0       0       000010501D   1591
     126       1       0       3       0       0       0               0D   1592
     102    1808       0       1       0       0       0       000010501D   1593
     102       1       0       1       0       0       0               0D   1594
     110    1809       0       1       0       0       0       000010001D   1595
     110       1       0       1       0       0       0               0D   1596
     110    1810       0       1       0       0       0       000010001D   1597
     110       1       0       1       0       0       0               0D   1598
     110    1811       0       1       0       0       0       000010001D   1599
     110       1       0       1       0       0       0               0D   1600
     110    1812       0       1       0       0       0       000010001D   1601
     110       1       0       1       0       0       0               0D   1602
     102    1813       0       1       0       0       0       000010001D   1603
     102       1       0       1       0       0       0               0D   1604
     142    1814       0       1       0       0       0       000010001D   1605
     142       1       0       1       0       0       0               0D   1606
     126    1815       0       1       0       0       0       000010501D   1607
     126       1       0       3       0       0       0               0D   1608
     126    1818       0       1       0       0       0       000010501D   1609
     126       1       0       3       0       0       0               0D   1610
     126    1821       0       1       0       0       0       000010501D   1611
     126       1       0       3       0       0       0               0D   1612
     126    1824       0       1       0       0       0       000010501D   1613
     126       1       0       3       0       0       0               0D   1614
     102    1827       0       1       0       0       0       000010501D   1615
     102       1       0       1       0       0       0               0D   1616
     110    1828       0       1       0       0       0       000010001D   1617
     110       1       0       1       0       0       0               0D   1618
     110    1829       0       1       0       0       0       000010001D   1619
     110       1       0       1       0       0       0               0D   1620
     110    1830       0       1       0       0       0       000010001D   1621
     110       1       0       1       0       0       0               0D   1622
     110    1831       0       1       0       0       0       000010001D   1623
     110       1       0       1       0       0       0               0D   1624
     102    1832       0       1       0       0       0       000010001D   1625
     102       1       0       1       0       0       0               0D   1626
     142    1833       0       1       0       0       0       000010001D   1627
     142       1       0       1       0       0       0               0D   1628
     144    1834       0       1       0       0       0       000000001D   1629
     144       1   -1545       1       0       0       0               0D   1630
     314    1835       0       1       0       0       0       000010001D   1631
     314       1       0       2       0       0       0               0D   1632
     110    1837       0       1       0       0       0       000010001D   1633
     110       1       0       1       0       0       0               0D   1634
     122    1838       0       1       0       0       0       000010001D   1635
     122       1       0       1       0       0       0               0D   1636
     126    1839       0       1       0       0       0       000010501D   1637
     126       1       0       2       0       0       0               0D   1638
     126    1841       0       1       0       0       0       000010501D   1639
     126       1       0       2       0       0       0               0D   1640
     126    1843       0       1       0       0       0       000010501D   1641
     126       1       0       2       0       0       0               0D   1642
     126    1845       0       1       0       0       0       000010501D   1643
     126       1       0       2       0       0       0               0D   1644
     102    1847       0       1       0       0       0       000010501D   1645
     102       1       0       1       0       0       0               0D   1646
     110    1848       0       1       0       0       0       000010001D   1647
     110       1       0       1       0       0       0               0D   1648
     110    1849       0       1       0       0       0       000010001D   1649
     110       1       0       1       0       0       0               0D   1650
     110    1850       0       1       0       0       0       000010001D   1651
     110       1       0       1       0       0       0               0D   1652
     110    1851       0       1       0       0       0       000010001D   1653
     110       1       0       1       0       0       0               0D   1654
     102    1852       0       1       0       0       0       000010001D   1655
     102       1       0       1       0       0       0               0D   1656
     142    1853       0       1       0       0       0       000010001D   1657
     142       1       0       1       0       0       0               0D   1658
     144    1854       0       1       0       0       0       000000001D   1659
     144       1   -1631       1       0       0       0               0D   1660
     314    1855       0       1       0       0       0       000010001D   1661
     314       1       0       2       0       0       0               0D   1662
     110    1857       0       1       0       0       0       000010001D   1663
     110       1       0       1       0       0       0               0D   1664
     122    1858       0       1       0       0       0       000010001D   1665
     122       1       0       1       0       0       0               0D   1666
     126    1859       0       1       0       0       0       000010501D   1667
     126       1       0       2       0       0       0               0D   1668
     126    1861       0       1       0       0       0       000010501D   1669
     126       1       0       2       0       0       0               0D   1670
     126    1863       0       1       0       0       0       000010501D   1671
     126       1       0       2       0       0       0               0D   1672
     126    1865       0       1       0       0       0       000010501D   1673
     126       1       0       2       0       0       0               0D   1674
     102    1867       0       1       0       0       0       000010501D   1675
     102       1       0       1       0       0       0               0D   1676
     110    1868       0       1       0       0       0       000010001D   1677
     110       1       0       1       0       0       0               0D   1678
     110    1869       0       1       0       0       0       000010001D   1679
     110       1       0       1       0       0       0               0D   1680
     110    1870       0       1       0       0       0       000010001D   1681
     110       1       0       1       0       0       0               0D   1682
     110    1871       0       1       0       0       0       000010001D   1683
     110       1       0       1       0       0       0               0D   1684
     102    1872       0       1       0       0       0       000010001D   1685
     102       1       0       1       0       0       0               0D   1686
     142    1873       0       1       0       0       0       000010001D   1687
     142       1       0       1       0       0       0               0D   1688
     144    1874       0       1       0       0       0       000000001D   1689
     144       1   -1661       1       0       0       0               0D   1690
     314    1875       0       1       0       0       0       000010001D   1691
     314       1       0       2       0       0       0               0D   1692
     110    1877       0       1       0       0       0       000010001D   1693
     110       1       0       1       0       0       0               0D   1694
     122    1878       0       1       0       0       0       000010001D   1695
     122       1       0       1       0       0       0               0D   1696
     126    1879       0       1       0       0       0       000010501D   1697
     126       1       0       2       0       0       0               0D   1698
     126    1881       0       1       0       0       0       000010501D   1699
     126       1       0       2       0       0       0               0D   1700
     126    1883       0       1       0       0       0       000010501D   1701
     126       1       0       2       0       0       0               0D   1702
     126    1885       0       1       0       0       0       000010501D   1703
     126       1       0       2       0       0       0               0D   1704
     102    1887       0       1       0       0       0       000010501D   1705
     102       1       0       1       0       0       0               0D   1706
     110    1888       0       1       0       0       0       000010001D   1707
     110       1       0       1       0       0       0               0D   1708
     110    1889       0       1       0       0       0       000010001D   1709
     110       1       0       1       0       0       0               0D   1710
     110    1890       0       1       0       0       0       000010001D   1711
     110       1       0       1       0       0       0               0D   1712
     110    1891       0       1       0       0       0       000010001D   1713
     110       1       0       1       0       0       0               0D   1714
     102    1892       0       1       0       0       0       000010001D   1715
     102       1       0       1       0       0       0               0D   1716
     142    1893       0       1       0       0       0       000010001D   1717
     142       1       0       1       0       0       0               0D   1718
     126    1894       0       1       0       0       0       000010501D   1719
     126       1       0      35       0       0       0               0D   1720
     102    1929       0       1       0       0       0       000010501D   1721
     102       1       0       1       0       0       0               0D   1722
     124    1930       0       1       0       0       0       000010001D   1723
     124       1       0       1       0       0       0               0D   1724
     100    1931       0       1       0       0    1723       000010001D   1725
     100       1       0       1       0       0       0               0D   1726
     102    1932       0       1       0       0       0       000010001D   1727
     102       1       0       1       0       0       0               0D   1728
     142    1933       0       1       0       0       0       000010001D   1729
     142       1       0       1       0       0       0               0D   1730
     126    1934       0       1       0       0       0       000010501D   1731
     126       1       0      35       0       0       0               0D   1732
     102    1969       0       1       0       0       0       000010501D   1733
     102       1       0       1       0       0       0               0D   1734
     124    1970       0       1       0       0       0       000010001D   1735
     124       1       0       1       0       0       0               0D   1736
     100    1971       0       1       0       0    1735       000010001D   1737
     100       1       0       1       0       0       0               0D   1738
     102    1972       0       1       0       0       0       000010001D   1739
     102       1       0       1       0       0       0               0D   1740
     142    1973       0       1       0       0       0       000010001D   1741
     142       1       0       1       0       0       0               0D   1742
     144    1974       0       1       0       0       0       000000001D   1743
     144       1   -1691       1       0       0       0               0D   1744
     314    1975       0       1       0       0       0       000010001D   1745
     314       1       0       2       0       0       0               0D   1746
     110    1977       0       1       0       0       0       000010001D   1747
     110       1       0       1       0       0       0               0D   1748
     110    1978       0       1       0       0       0       000010001D   1749
     110       1       0       1       0       0       0               0D   1750
     120    1979       0       1       0       0       0       000010001D   1751
     120       1       0       1       0       0       0               0D   1752
     126    1980       0       1       0       0       0       000010501D   1753
     126       1       0       4       0       0       0               0D   1754
     126    1984       0       1       0       0       0       000010501D   1755
     126       1       0       3       0       0       0               0D   1756
     126    1987       0       1       0       0       0       000010501D   1757
     126       1       0       4       0       0       0               0D   1758
     126    1991       0       1       0       0       0       000010501D   1759
     126       1       0       3       0       0       0               0D   1760
     102    1994       0       1       0       0       0       000010501D   1761
     102       1       0       1       0       0       0               0D   1762
     124    1995       0       1       0       0       0       000010001D   1763
     124       1       0       1       0       0       0               0D   1764
     100    1996       0       1       0       0    1763       000010001D   1765
     100       1       0       1       0       0       0               0D   1766
     110    1997       0       1       0       0       0       000010001D   1767
     110       1       0       1       0       0       0               0D   1768
     124    1998       0       1       0       0       0       000010001D   1769
     124       1       0       1       0       0       0               0D   1770
     100    1999       0       1       0       0    1769       000010001D   1771
     100       1       0       1       0       0       0               0D   1772
     110    2000       0       1       0       0       0       000010001D   1773
     110       1       0       1       0       0       0               0D   1774
     102    2001       0       1       0       0       0       000010001D   1775
     102       1       0       1       0       0       0               0D   1776
     142    2002       0       1       0       0       0       000010001D   1777
     142       1       0       1       0       0       0               0D   1778
     144    2003       0       1       0       0       0       000000001D   1779
     144       1   -1745       1       0       0       0               0D   1780
     314    2004       0       1       0       0       0       000010001D   1781
     314       1       0       2       0       0       0               0D   1782
     110    2006       0       1       0       0       0       000010001D   1783
     110       1       0       1       0       0       0               0D   1784
     110    2007       0       1       0       0       0       000010001D   1785
     110       1       0       1       0       0       0               0D   1786
     120    2008       0       1       0       0       0       000010001D   1787
     120       1       0       1       0       0       0               0D   1788
     126    2009       0       1       0       0       0       000010501D   1789
     126       1       0       4       0       0       0               0D   1790
     126    2013       0       1       0       0       0       000010501D   1791
     126       1       0       2       0       0       0               0D   1792
     126    2015       0       1       0       0       0       000010501D   1793
     126       1       0       4       0       0       0               0D   1794
     126    2019       0       1       0       0       0       000010501D   1795
     126       1       0       2       0       0       0               0D   1796
     102    2021       0       1       0       0       0       000010501D   1797
     102       1       0       1       0       0       0               0D   1798
     124    2022       0       1       0       0       0       000010001D   1799
     124       1       0       1       0       0       0               0D   1800
     100    2023       0       1       0       0    1799       000010001D   1801
     100       1       0       1       0       0       0               0D   1802
     110    2024       0       1       0       0       0       000010001D   1803
     110       1       0       1       0       0       0               0D   1804
     124    2025       0       1       0       0       0       000010001D   1805
     124       1       0       1       0       0       0               0D   1806
     100    2026       0       1       0       0    1805       000010001D   1807
     100       1       0       1       0       0       0               0D   1808
     110    2027       0       1       0       0       0       000010001D   1809
     110       1       0       1       0       0       0               0D   1810
     102    2028       0       1       0       0       0       000010001D   1811
     102       1       0       1       0       0       0               0D   1812
     142    2029       0       1       0       0       0       000010001D   1813
     142       1       0       1       0       0       0               0D   1814
     144    2030       0       1       0       0       0       000000001D   1815
     144       1   -1781       1       0       0       0               0D   1816
     314    2031       0       1       0       0       0       000010001D   1817
     314       1       0       2       0       0       0               0D   1818
     110    2033       0       1       0       0       0       000010001D   1819
     110       1       0       1       0       0       0               0D   1820
     122    2034       0       1       0       0       0       000010001D   1821
     122       1       0       1       0       0       0               0D   1822
     126    2035       0       1       0       0       0       000010501D   1823
     126       1       0       2       0       0       0               0D   1824
     126    2037       0       1       0       0       0       000010501D   1825
     126       1       0       2       0       0       0               0D   1826
     126    2039       0       1       0       0       0       000010501D   1827
     126       1       0       2       0       0       0               0D   1828
     126    2041       0       1       0       0       0       000010501D   1829
     126       1       0       2       0       0       0               0D   1830
     102    2043       0       1       0       0       0       000010501D   1831
     102       1       0       1       0       0       0               0D   1832
     110    2044       0       1       0       0       0       000010001D   1833
     110       1       0       1       0       0       0               0D   1834
     110    2045       0       1       0       0       0       000010001D   1835
     110       1       0       1       0       0       0               0D   1836
     110    2046       0       1       0       0       0       000010001D   1837
     110       1       0       1       0       0       0               0D   1838
     110    2047       0       1       0       0       0       000010001D   1839
     110       1       0       1       0       0       0               0D   1840
     102    2048       0       1       0       0       0       000010001D   1841
     102       1       0       1       0       0       0               0D   1842
     142    2049       0       1       0       0       0       000010001D   1843
     142       1       0       1       0       0       0               0D   1844
     144    2050       0       1       0       0       0       000000001D   1845
     144       1   -1817       1       0       0       0               0D   1846
     314    2051       0       1       0       0       0       000010001D   1847
     314       1       0       2       0       0       0               0D   1848
     110    2053       0       1       0       0       0       000010001D   1849
     110       1       0       1       0       0       0               0D   1850
     122    2054       0       1       0       0       0       000010001D   1851
     122       1       0       1       0       0       0               0D   1852
     126    2055       0       1       0       0       0       000010501D   1853
     126       1       0       2       0       0       0               0D   1854
     126    2057       0       1       0       0       0       000010501D   1855
     126       1       0       2       0       0       0               0D   1856
     126    2059       0       1       0       0       0       000010501D   1857
     126       1       0       2       0       0       0               0D   1858
     126    2061       0       1       0       0       0       000010501D   1859
     126       1       0       2       0       0       0               0D   1860
     102    2063       0       1       0       0       0       000010501D   1861
     102       1       0       1       0       0       0               0D   1862
     110    2064       0       1       0       0       0       000010001D   1863
     110       1       0       1       0       0       0               0D   1864
     110    2065       0       1       0       0       0       000010001D   1865
     110       1       0       1       0       0       0               0D   1866
     110    2066       0       1       0       0       0       000010001D   1867
     110       1       0       1       0       0       0               0D   1868
     110    2067       0       1       0       0       0       000010001D   1869
     110       1       0       1       0       0       0               0D   1870
     102    2068       0       1       0       0       0       000010001D   1871
     102       1       0       1       0       0       0               0D   1872
     142    2069       0       1       0       0       0       000010001D   1873
     142       1       0       1       0       0       0               0D   1874
     144    2070       0       1       0       0       0       000000001D   1875
     144       1   -1847       1       0       0       0               0D   1876
     314    2071       0       1       0       0       0       000010001D   1877
     314       1       0       2       0       0       0               0D   1878
     110    2073       0       1       0       0       0       000010001D   1879
     110       1       0       1       0       0       0               0D   1880
     110    2074       0       1       0       0       0       000010001D   1881
     110       1       0       1       0       0       0               0D   1882
     120    2075       0       1       0       0       0       000010001D   1883
     120       1       0       1       0       0       0               0D   1884
     126    2076       0       1       0       0       0       000010501D   1885
     126       1       0       2       0       0       0               0D   1886
     126    2078       0       1       0       0       0       000010501D   1887
     126       1       0       2       0       0       0               0D   1888
     126    2080       0       1       0       0       0       000010501D   1889
     126       1       0       3       0       0       0               0D   1890
     126    2083       0       1       0       0       0       000010501D   1891
     126       1       0       2       0       0       0               0D   1892
     126    2085       0       1       0       0       0       000010501D   1893
     126       1       0       2       0       0       0               0D   1894
     126    2087       0       1       0       0       0       000010501D   1895
     126       1       0       2       0       0       0               0D   1896
     126    2089       0       1       0       0       0       000010501D   1897
     126       1       0       2       0       0       0               0D   1898
     126    2091       0       1       0       0       0       000010501D   1899
     126       1       0       2       0       0       0               0D   1900
     102    2093       0       1       0       0       0       000010501D   1901
     102       1       0       1       0       0       0               0D   1902
     124    2094       0       1       0       0       0       000010001D   1903
     124       1       0       1       0       0       0               0D   1904
     100    2095       0       1       0       0    1903       000010001D   1905
     100       1       0       1       0       0       0               0D   1906
     110    2096       0       1       0       0       0       000010001D   1907
     110       1       0       1       0       0       0               0D   1908
     124    2097       0       1       0       0       0       000010001D   1909
     124       1       0       1       0       0       0               0D   1910
     100    2098       0       1       0       0    1909       000010001D   1911
     100       1       0       1       0       0       0               0D   1912
     110    2099       0       1       0       0       0       000010001D   1913
     110       1       0       1       0       0       0               0D   1914
     102    2100       0       1       0       0       0       000010001D   1915
     102       1       0       1       0       0       0               0D   1916
     142    2101       0       1       0       0       0       000010001D   1917
     142       1       0       1       0       0       0               0D   1918
     144    2102       0       1       0       0       0       000000001D   1919
     144       1   -1877       1       0       0       0               0D   1920
     314    2103       0       1       0       0       0       000010001D   1921
     314       1       0       2       0       0       0               0D   1922
     110    2105       0       1       0       0       0       000010001D   1923
     110       1       0       1       0       0       0               0D   1924
     110    2106       0       1       0       0       0       000010001D   1925
     110       1       0       1       0       0       0               0D   1926
     120    2107       0       1       0       0       0       000010001D   1927
     120       1       0       1       0       0       0               0D   1928
     126    2108       0       1       0       0       0       000010501D   1929
     126       1       0       2       0       0       0               0D   1930
     126    2110       0       1       0       0       0       000010501D   1931
     126       1       0       2       0       0       0               0D   1932
     126    2112       0       1       0       0       0       000010501D   1933
     126       1       0       3       0       0       0               0D   1934
     126    2115       0       1       0       0       0       000010501D   1935
     126       1       0       2       0       0       0               0D   1936
     126    2117       0       1       0       0       0       000010501D   1937
     126       1       0       2       0       0       0               0D   1938
     126    2119       0       1       0       0       0       000010501D   1939
     126       1       0       2       0       0       0               0D   1940
     126    2121       0       1       0       0       0       000010501D   1941
     126       1       0       2       0       0       0               0D   1942
     126    2123       0       1       0       0       0       000010501D   1943
     126       1       0       2       0       0       0               0D   1944
     102    2125       0       1       0       0       0       000010501D   1945
     102       1       0       1       0       0       0               0D   1946
     124    2126       0       1       0       0       0       000010001D   1947
     124       1       0       1       0       0       0               0D   1948
     100    2127       0       1       0       0    1947       000010001D   1949
     100       1       0       1       0       0       0               0D   1950
     110    2128       0       1       0       0       0       000010001D   1951
     110       1       0       1       0       0       0               0D   1952
     124    2129       0       1       0       0       0       000010001D   1953
     124       1       0       1       0       0       0               0D   1954
     100    2130       0       1       0       0    1953       000010001D   1955
     100       1       0       1       0       0       0               0D   1956
     110    2131       0       1       0       0       0       000010001D   1957
     110       1       0       1       0       0       0               0D   1958
     102    2132       0       1       0       0       0       000010001D   1959
     102       1       0       1       0       0       0               0D   1960
     142    2133       0       1       0       0       0       000010001D   1961
     142       1       0       1       0       0       0               0D   1962
     144    2134       0       1       0       0       0       000000001D   1963
     144       1   -1921       1       0       0       0               0D   1964
     314    2135       0       1       0       0       0       000010001D   1965
     314       1       0       2       0       0       0               0D   1966
     110    2137       0       1       0       0       0       000010001D   1967
     110       1       0       1       0       0       0               0D   1968
     122    2138       0       1       0       0       0       000010001D   1969
     122       1       0       1       0       0       0               0D   1970
     126    2139       0       1       0       0       0       000010501D   1971
     126       1       0       3       0       0       0               0D   1972
     126    2142       0       1       0       0       0       000010501D   1973
     126       1       0       4       0       0       0               0D   1974
     126    2146       0       1       0       0       0       000010501D   1975
     126       1       0       3       0       0       0               0D   1976
     126    2149       0       1       0       0       0       000010501D   1977
     126       1       0       4       0       0       0               0D   1978
     102    2153       0       1       0       0       0       000010501D   1979
     102       1       0       1       0       0       0               0D   1980
     110    2154       0       1       0       0       0       000010001D   1981
     110       1       0       1       0       0       0               0D   1982
     110    2155       0       1       0       0       0       000010001D   1983
     110       1       0       1       0       0       0               0D   1984
     110    2156       0       1       0       0       0       000010001D   1985
     110       1       0       1       0       0       0               0D   1986
     110    2157       0       1       0       0       0       000010001D   1987
     110       1       0       1       0       0       0               0D   1988
     102    2158       0       1       0       0       0       000010001D   1989
     102       1       0       1       0       0       0               0D   1990
     142    2159       0       1       0       0       0       000010001D   1991
     142       1       0       1       0       0       0               0D   1992
     144    2160       0       1       0       0       0       000000001D   1993
     144       1   -1965       1       0       0       0               0D   1994
     314    2161       0       1       0       0       0       000010001D   1995
     314       1       0       2       0       0       0               0D   1996
     110    2163       0       1       0       0       0       000010001D   1997
     110       1       0       1       0       0       0               0D   1998
     122    2164       0       1       0       0       0       000010001D   1999
     122       1       0       1       0       0       0               0D   2000
     126    2165       0       1       0       0       0       000010501D   2001
     126       1       0       2       0       0       0               0D   2002
     126    2167       0       1       0       0       0       000010501D   2003
     126       1       0       4       0       0       0               0D   2004
     126    2171       0       1       0       0       0       000010501D   2005
     126       1       0       2       0       0       0               0D   2006
     126    2173       0       1       0       0       0       000010501D   2007
     126       1       0       4       0       0       0               0D   2008
     102    2177       0       1       0       0       0       000010501D   2009
     102       1       0       1       0       0       0               0D   2010
     110    2178       0       1       0       0       0       000010001D   2011
     110       1       0       1       0       0       0               0D   2012
     110    2179       0       1       0       0       0       000010001D   2013
     110       1       0       1       0       0       0               0D   2014
     110    2180       0       1       0       0       0       000010001D   2015
     110       1       0       1       0       0       0               0D   2016
     110    2181       0       1       0       0       0       000010001D   2017
     110       1       0       1       0       0       0               0D   2018
     102    2182       0       1       0       0       0       000010001D   2019
     102       1       0       1       0       0       0               0D   2020
     142    2183       0       1       0       0       0       000010001D   2021
     142       1       0       1       0       0       0               0D   2022
     144    2184       0       1       0       0       0       000000001D   2023
     144       1   -1995       1       0       0       0               0D   2024
     314    2185       0       1       0       0       0       000010001D   2025
     314       1       0       2       0       0       0               0D   2026
     110    2187       0       1       0       0       0       000010001D   2027
     110       1       0       1       0       0       0               0D   2028
     122    2188       0       1       0       0       0       000010001D   2029
     122       1       0       1       0       0       0               0D   2030
     126    2189       0       1       0       0       0       000010501D   2031
     126       1       0       4       0       0       0               0D   2032
     126    2193       0       1       0       0       0       000010501D   2033
     126       1       0       3       0       0       0               0D   2034
     126    2196       0       1       0       0       0       000010501D   2035
     126       1       0       4       0       0       0               0D   2036
     126    2200       0       1       0       0       0       000010501D   2037
     126       1       0       2       0       0       0               0D   2038
     102    2202       0       1       0       0       0       000010501D   2039
     102       1       0       1       0       0       0               0D   2040
     110    2203       0       1       0       0       0       000010001D   2041
     110       1       0       1       0       0       0               0D   2042
     110    2204       0       1       0       0       0       000010001D   2043
     110       1       0       1       0       0       0               0D   2044
     110    2205       0       1       0       0       0       000010001D   2045
     110       1       0       1       0       0       0               0D   2046
     110    2206       0       1       0       0       0       000010001D   2047
     110       1       0       1       0       0       0               0D   2048
     102    2207       0       1       0       0       0       000010001D   2049
     102       1       0       1       0       0       0               0D   2050
     142    2208       0       1       0       0       0       000010001D   2051
     142       1       0       1       0       0       0               0D   2052
     144    2209       0       1       0       0       0       000000001D   2053
     144       1   -2025       1       0       0       0               0D   2054
     314    2210       0       1       0       0       0       000010001D   2055
     314       1       0       2       0       0       0               0D   2056
     110    2212       0       1       0       0       0       000010001D   2057
     110       1       0       1       0       0       0               0D   2058
     122    2213       0       1       0       0       0       000010001D   2059
     122       1       0       1       0       0       0               0D   2060
     126    2214       0       1       0       0       0       000010501D   2061
     126       1       0       4       0       0       0               0D   2062
     126    2218       0       1       0       0       0       000010501D   2063
     126       1       0       3       0       0       0               0D   2064
     126    2221       0       1       0       0       0       000010501D   2065
     126       1       0       4       0       0       0               0D   2066
     126    2225       0       1       0       0       0       000010501D   2067
     126       1       0       3       0       0       0               0D   2068
     102    2228       0       1       0       0       0       000010501D   2069
     102       1       0       1       0       0       0               0D   2070
     110    2229       0       1       0       0       0       000010001D   2071
     110       1       0       1       0       0       0               0D   2072
     110    2230       0       1       0       0       0       000010001D   2073
     110       1       0       1       0       0       0               0D   2074
     110    2231       0       1       0       0       0       000010001D   2075
     110       1       0       1       0       0       0               0D   2076
     110    2232       0       1       0       0       0       000010001D   2077
     110       1       0       1       0       0       0               0D   2078
     102    2233       0       1       0       0       0       000010001D   2079
     102       1       0       1       0       0       0               0D   2080
     142    2234       0       1       0       0       0       000010001D   2081
     142       1       0       1       0       0       0               0D   2082
     144    2235       0       1       0       0       0       000000001D   2083
     144       1   -2055       1       0       0       0               0D   2084
314,64.70588445663452,64.70588445663452,64.70588445663452,10HMix       1P      1
edColor;                                                               1P      2
110,0.0325,0.0795,0.0559,0.002,0.0795,0.0559;                          3P      3
122,3,0.0325,0.0795,0.0869;                                            5P      4
126,1,1,1,0,1,0,-0.0325,-0.0325,-0.002,-0.002,1.,1.,0.,0.,0.,1.,       7P      5
0.,0.,-0.0325,-0.002,0.,0.,1.;                                         7P      6
126,1,1,1,0,1,0,0.000002,0.000002,0.031002,0.031002,1.,1.,1.,0.,       9P      7
0.,1.,1.,0.,0.000002,0.031002,0.,0.,1.;                                9P      8
126,1,1,1,0,1,0,0.002,0.002,0.0325,0.0325,1.,1.,1.,1.,0.,0.,1.,       11P      9
0.,0.002,0.0325,0.,0.,1.;                                             11P     10
126,1,1,1,0,1,0,-0.0135,-0.0135,0.0175,0.0175,1.,1.,0.,1.,0.,0.,      13P     11
0.,0.,-0.0135,0.0175,0.,0.,1.;                                        13P     12
102,4,7,9,11,13;                                                      15P     13
110,0.0325,0.0795,0.0559,0.002,0.0795,0.0559;                         17P     14
110,0.002,0.0795,0.0559,0.002,0.0795,0.0869;                          19P     15
110,0.002,0.0795,0.0869,0.0325,0.0795,0.0869;                         21P     16
110,0.0325,0.0795,0.0869,0.0325,0.0795,0.0559;                        23P     17
102,4,17,19,21,23;                                                    25P     18
142,1,5,15,25,2;                                                      27P     19
144,5,1,0,27;                                                         29P     20
314,64.70588445663452,64.70588445663452,64.70588445663452,10HMix      31P     21
edColor;                                                              31P     22
110,0.002,0.1095,0.0559,0.0325,0.1095,0.0559;                         33P     23
122,33,0.002,0.1095,0.0869;                                           35P     24
126,1,1,1,0,1,0,-0.031002,-0.031002,-0.000002,-0.000002,1.,1.,        37P     25
-0.,1.,0.,-0.,0.,0.,-0.031002,-0.000002,0.,0.,1.;                     37P     26
126,1,1,1,0,1,0,0.002,0.002,0.0325,0.0325,1.,1.,-0.,0.,0.,1.,0.,      39P     27
0.,0.002,0.0325,0.,0.,1.;                                             39P     28
126,1,1,1,0,1,0,-0.0175,-0.0175,0.0135,0.0135,1.,1.,1.,0.,0.,1.,      41P     29
1.,0.,-0.0175,0.0135,0.,0.,1.;                                        41P     30
126,1,1,1,0,1,0,-0.0325,-0.0325,-0.002,-0.002,1.,1.,1.,1.,0.,         43P     31
-0.,1.,0.,-0.0325,-0.002,0.,0.,1.;                                    43P     32
102,4,37,39,41,43;                                                    45P     33
110,0.002,0.1095,0.0869,0.002,0.1095,0.0559;                          47P     34
110,0.002,0.1095,0.0559,0.0325,0.1095,0.0559;                         49P     35
110,0.0325,0.1095,0.0559,0.0325,0.1095,0.0869;                        51P     36
110,0.0325,0.1095,0.0869,0.002,0.1095,0.0869;                         53P     37
102,4,47,49,51,53;                                                    55P     38
142,1,35,45,55,2;                                                     57P     39
126,32,2,1,1,1,1,0.,0.,0.,0.39269908169872,0.39269908169872,          59P     40
0.78539816339745,0.78539816339745,1.17809724509617,                   59P     41
1.17809724509617,1.5707963267949,1.5707963267949,                     59P     42
1.96349540849362,1.96349540849362,2.35619449019234,                   59P     43
2.35619449019234,2.74889357189107,2.74889357189107,                   59P     44
3.14159265358979,3.14159265358979,3.53429173528852,                   59P     45
3.53429173528852,3.92699081698724,3.92699081698724,                   59P     46
4.31968989868597,4.31968989868597,4.71238898038469,                   59P     47
4.71238898038469,5.10508806208341,5.10508806208341,                   59P     48
5.49778714378214,5.49778714378214,5.89048622548086,                   59P     49
5.89048622548086,6.28318530717959,6.28318530717959,                   59P     50
6.28318530717959,1.,1.,1.,1.,1.,1.,1.,1.,1.,1.,1.,1.,1.,1.,1.,        59P     51
1.,1.,1.,1.,1.,1.,1.,1.,1.,1.,1.,1.,1.,1.,1.,1.,1.,1.,                59P     52
0.29180327868852,0.5,0.,0.29180327868852,0.52630776471795,0.,         59P     53
0.30203586612143,0.550612970087,0.,0.31226845355434,                  59P     54
0.57491817545604,0.,0.33117580974214,0.59352057428596,0.,             59P     55
0.35008316592993,0.61212297311589,0.,0.37478681728863,                59P     56
0.62219051881601,0.,0.39949046864732,0.63225806451613,0.,             59P     57
0.42622950819672,0.63225806451613,0.,0.45296854774612,                59P     58
0.63225806451613,0.,0.47767219910481,0.62219051881601,0.,             59P     59
0.50237585046351,0.61212297311589,0.,0.52128320665131,                59P     60
0.59352057428596,0.,0.5401905628391,0.57491817545604,0.,              59P     61
0.55042315027201,0.550612970087,0.,0.56065573770492,                  59P     62
0.52630776471795,0.,0.56065573770492,0.5,0.,0.56065573770492,         59P     63
0.47369223528205,0.,0.55042315027201,0.449387029913,0.,               59P     64
0.5401905628391,0.42508182454396,0.,0.52128320665131,                 59P     65
0.40647942571404,0.,0.50237585046351,0.38787702688411,0.,             59P     66
0.47767219910481,0.37780948118399,0.,0.45296854774612,                59P     67
0.36774193548387,0.,0.42622950819672,0.36774193548387,0.,             59P     68
0.39949046864732,0.36774193548387,0.,0.37478681728863,                59P     69
0.37780948118399,0.,0.35008316592993,0.38787702688411,0.,             59P     70
0.33117580974214,0.40647942571404,0.,0.31226845355434,                59P     71
0.42508182454396,0.,0.30203586612143,0.449387029913,0.,               59P     72
0.29180327868852,0.47369223528205,0.,0.29180327868852,0.5,0.,0.,      59P     73
6.28318530717959,0.,0.,1.;                                            59P     74
102,1,59;                                                             61P     75
124,-1.,0.,-0.,0.015,-0.,0.,1.,0.1095,0.,1.,0.,0.0714;                63P     76
100,0.,0.,0.,0.0041,0.,0.0041,-0.;                                    65P     77
102,1,65;                                                             67P     78
142,1,35,61,67,2;                                                     69P     79
144,35,1,1,57,69;                                                     71P     80
314,64.70588445663452,64.70588445663452,64.70588445663452,10HMix      73P     81
edColor;                                                              73P     82
110,0.0625,0.077,0.0459,-0.0625,0.077,0.0459;                         75P     83
122,75,0.0625,0.077,0.1009;                                           77P     84
126,1,1,1,0,1,0,-0.0175,-0.0175,0.0175,0.0175,1.,1.,0.,               79P     85
0.81818181818182,0.,0.,0.18181818181818,0.,-0.0175,0.0175,0.,0.,      79P     86
1.;                                                                   79P     87
126,16,2,1,0,1,0,3.14159265358979,3.14159265358979,                   81P     88
3.14159265358979,3.33794219443916,3.33794219443916,                   81P     89
3.53429173528852,3.53429173528852,3.73064127613788,                   81P     90
3.73064127613788,3.92699081698724,3.92699081698724,                   81P     91
4.1233403578366,4.1233403578366,4.31968989868597,                     81P     92
4.31968989868597,4.51603943953533,4.51603943953533,                   81P     93
4.71238898038469,4.71238898038469,4.71238898038469,1.,1.,1.,1.,       81P     94
1.,1.,1.,1.,1.,1.,1.,1.,1.,1.,1.,1.,1.,0.,0.18181818181818,0.,        81P     95
0.,0.16391065393506,0.,0.00153717756774,0.14634721417889,0.,          81P     96
0.00307435513548,0.12878377442271,0.,0.0060896373991,                 81P     97
0.11223937593362,0.,0.00910491966271,0.09569497744453,0.,             81P     98
0.0134824310158,0.08080541217825,0.,0.01785994236888,                 81P     99
0.06591584691198,0.,0.02343145750508,0.05325331251154,0.,             81P    100
0.02900297264127,0.04059077811109,0.,0.03555438135843,                81P    101
0.03064188867226,0.,0.04210579007559,0.02069299923343,0.,             81P    102
0.04938532541079,0.01384008499795,0.,0.05666486074599,                81P    103
0.00698717076246,0.,0.06439277423871,0.00349358538123,0.,             81P    104
0.07212068773143,0.,0.,0.08,0.,0.,3.14159265358979,                   81P    105
4.71238898038469,0.,0.,1.;                                            81P    106
126,1,1,1,0,1,0,-0.0525,-0.0525,0.0525,0.0525,1.,1.,0.08,0.,0.,       83P    107
0.92,0.,0.,-0.0525,0.0525,0.,0.,1.;                                   83P    108
126,16,2,1,0,1,0,4.71238898038469,4.71238898038469,                   85P    109
4.71238898038469,4.90873852123405,4.90873852123405,                   85P    110
5.10508806208341,5.10508806208341,5.30143760293278,                   85P    111
5.30143760293278,5.49778714378214,5.49778714378214,                   85P    112
5.6941366846315,5.6941366846315,5.89048622548086,                     85P    113
5.89048622548086,6.08683576633022,6.08683576633022,                   85P    114
6.28318530717959,6.28318530717959,6.28318530717959,1.,1.,1.,1.,       85P    115
1.,1.,1.,1.,1.,1.,1.,1.,1.,1.,1.,1.,1.,0.92,0.,0.,                    85P    116
0.92787931226857,0.,0.,0.93560722576129,0.00349358538123,0.,          85P    117
0.94333513925401,0.00698717076246,0.,0.95061467458921,                85P    118
0.01384008499795,0.,0.95789420992441,0.02069299923343,0.,             85P    119
0.96444561864157,0.03064188867226,0.,0.97099702735873,                85P    120
0.04059077811109,0.,0.97656854249492,0.05325331251154,0.,             85P    121
0.98214005763112,0.06591584691198,0.,0.9865175689842,                 85P    122
0.08080541217825,0.,0.99089508033729,0.09569497744453,0.,             85P    123
0.9939103626009,0.11223937593362,0.,0.99692564486452,                 85P    124
0.12878377442271,0.,0.99846282243226,0.14634721417889,0.,1.,          85P    125
0.16391065393506,0.,1.,0.18181818181818,0.,4.71238898038469,          85P    126
6.28318530717959,0.,0.,1.;                                            85P    127
126,1,1,1,0,1,0,-0.0175,-0.0175,0.0175,0.0175,1.,1.,1.,               87P    128
0.18181818181818,0.,1.,0.81818181818182,0.,-0.0175,0.0175,0.,0.,      87P    129
1.;                                                                   87P    130
126,16,2,1,0,1,0,0.,0.,0.,0.19634954084936,0.19634954084936,          89P    131
0.39269908169872,0.39269908169872,0.58904862254809,                   89P    132
0.58904862254809,0.78539816339745,0.78539816339745,                   89P    133
0.98174770424681,0.98174770424681,1.17809724509617,                   89P    134
1.17809724509617,1.37444678594553,1.37444678594553,                   89P    135
1.5707963267949,1.5707963267949,1.5707963267949,1.,1.,1.,1.,1.,       89P    136
1.,1.,1.,1.,1.,1.,1.,1.,1.,1.,1.,1.,1.,0.81818181818182,0.,1.,        89P    137
0.83608934606494,0.,0.99846282243226,0.85365278582111,0.,             89P    138
0.99692564486452,0.87121622557729,0.,0.9939103626009,                 89P    139
0.88776062406638,0.,0.99089508033729,0.90430502255547,0.,             89P    140
0.9865175689842,0.91919458782175,0.,0.98214005763112,                 89P    141
0.93408415308802,0.,0.97656854249492,0.94674668748846,0.,             89P    142
0.97099702735873,0.9594092218889,0.,0.96444561864157,                 89P    143
0.96935811132774,0.,0.95789420992441,0.97930700076657,0.,             89P    144
0.95061467458921,0.98615991500205,0.,0.94333513925401,                89P    145
0.99301282923754,0.,0.93560722576129,0.99650641461877,0.,             89P    146
0.92787931226857,1.,0.,0.92,1.,0.,0.,1.5707963267949,0.,0.,1.;        89P    147
126,1,1,1,0,1,0,-0.0525,-0.0525,0.0525,0.0525,1.,1.,0.92,1.,0.,       91P    148
0.08,1.,0.,-0.0525,0.0525,0.,0.,1.;                                   91P    149
126,16,2,1,0,1,0,1.5707963267949,1.5707963267949,                     93P    150
1.5707963267949,1.76714586764426,1.76714586764426,                    93P    151
1.96349540849362,1.96349540849362,2.15984494934298,                   93P    152
2.15984494934298,2.35619449019234,2.35619449019234,                   93P    153
2.55254403104171,2.55254403104171,2.74889357189107,                   93P    154
2.74889357189107,2.94524311274043,2.94524311274043,                   93P    155
3.14159265358979,3.14159265358979,3.14159265358979,1.,1.,1.,1.,       93P    156
1.,1.,1.,1.,1.,1.,1.,1.,1.,1.,1.,1.,1.,0.08,1.,0.,                    93P    157
0.07212068773143,1.,0.,0.06439277423871,0.99650641461877,0.,          93P    158
0.05666486074599,0.99301282923754,0.,0.04938532541079,                93P    159
0.98615991500205,0.,0.04210579007559,0.97930700076657,0.,             93P    160
0.03555438135843,0.96935811132774,0.,0.02900297264127,                93P    161
0.9594092218889,0.,0.02343145750508,0.94674668748846,0.,              93P    162
0.01785994236888,0.93408415308802,0.,0.0134824310158,                 93P    163
0.91919458782175,0.,0.00910491966271,0.90430502255547,0.,             93P    164
0.0060896373991,0.88776062406638,0.,0.00307435513548,                 93P    165
0.87121622557729,0.,0.00153717756774,0.85365278582111,0.,0.,          93P    166
0.83608934606494,0.,0.,0.81818181818182,0.,1.5707963267949,           93P    167
3.14159265358979,0.,0.,1.;                                            93P    168
102,8,79,81,83,85,87,89,91,93;                                        95P    169
110,0.0625,0.077,0.0909,0.0625,0.077,0.0559;                          97P    170
124,-1.,0.,-0.,0.0525,-0.,0.,1.,0.077,0.,1.,0.,0.0559;                99P    171
100,0.,0.,0.,-0.01,0.,-0.,-0.01;                                     101P    172
110,0.0525,0.077,0.0459,-0.0525,0.077,0.0459;                        103P    173
124,-1.,0.,-0.,-0.0525,-0.,0.,1.,0.077,0.,1.,0.,0.0559;              105P    174
100,0.,0.,0.,-0.,-0.01,0.01,-0.;                                     107P    175
110,-0.0625,0.077,0.0559,-0.0625,0.077,0.0909;                       109P    176
124,-1.,0.,-0.,-0.0525,-0.,0.,1.,0.077,0.,1.,0.,0.0909;              111P    177
100,0.,0.,0.,0.01,0.,0.,0.01;                                        113P    178
110,-0.0525,0.077,0.1009,0.0525,0.077,0.1009;                        115P    179
124,-1.,0.,-0.,0.0525,-0.,0.,1.,0.077,0.,1.,0.,0.0909;               117P    180
100,0.,0.,0.,0.,0.01,-0.01,0.;                                       119P    181
102,8,97,101,103,107,109,113,115,119;                                121P    182
142,1,77,95,121,2;                                                   123P    183
126,1,1,1,0,1,0,-0.055,-0.055,0.055,0.055,1.,1.,0.94,                125P    184
0.18181818181818,0.,0.06,0.18181818181818,0.,-0.055,0.055,0.,0.,     125P    185
1.;                                                                  125P    186
126,1,1,1,0,1,0,-0.0175,-0.0175,0.0135,0.0135,1.,1.,0.06,            127P    187
0.18181818181818,0.,0.06,0.74545454545455,0.,-0.0175,0.0135,0.,      127P    188
0.,1.;                                                               127P    189
126,1,1,1,0,1,0,-0.055,-0.055,0.055,0.055,1.,1.,0.06,                129P    190
0.74545454545455,0.,0.94,0.74545454545455,0.,-0.055,0.055,0.,0.,     129P    191
1.;                                                                  129P    192
126,1,1,1,0,1,0,-0.031,-0.031,0.,0.,1.,1.,0.94,0.74545454545455,     131P    193
0.,0.94,0.18181818181818,0.,-0.031,0.,0.,0.,1.;                      131P    194
102,4,125,127,129,131;                                               133P    195
110,-0.055,0.077,0.0559,0.055,0.077,0.0559;                          135P    196
110,0.055,0.077,0.0559,0.055,0.077,0.0869;                           137P    197
110,0.055,0.077,0.0869,-0.055,0.077,0.0869;                          139P    198
110,-0.055,0.077,0.0869,-0.055,0.077,0.0559;                         141P    199
102,4,135,137,139,141;                                               143P    200
142,1,77,133,143,2;                                                  145P    201
126,32,2,1,1,1,1,-7.85398163397448,-7.85398163397448,                147P    202
-7.85398163397448,-7.46128255227576,-7.46128255227576,               147P    203
-7.06858347057703,-7.06858347057703,-6.67588438887831,               147P    204
-6.67588438887831,-6.28318530717959,-6.28318530717959,               147P    205
-5.89048622548086,-5.89048622548086,-5.49778714378214,               147P    206
-5.49778714378214,-5.10508806208341,-5.10508806208341,               147P    207
-4.71238898038469,-4.71238898038469,-4.31968989868597,               147P    208
-4.31968989868597,-3.92699081698724,-3.92699081698724,               147P    209
-3.53429173528852,-3.53429173528852,-3.14159265358979,               147P    210
-3.14159265358979,-2.74889357189107,-2.74889357189107,               147P    211
-2.35619449019234,-2.35619449019234,-1.96349540849362,               147P    212
-1.96349540849362,-1.5707963267949,-1.5707963267949,                 147P    213
-1.5707963267949,1.,1.,1.,1.,1.,1.,1.,1.,1.,1.,1.,1.,1.,1.,1.,       147P    214
1.,1.,1.,1.,1.,1.,1.,1.,1.,1.,1.,1.,1.,1.,1.,1.,1.,1.,0.048,         147P    215
0.94727272727273,0.,0.05293302671102,0.94727272727273,0.,            147P    216
0.05749054912265,0.94298230092336,0.,0.06204807153429,               147P    217
0.938691874574,0.,0.06553624817343,0.93076420039415,0.,              147P    218
0.06902442481256,0.9228365262143,0.,0.07091221240628,                147P    219
0.91247852073331,0.,0.0728,0.90212051525231,0.,0.0728,               147P    220
0.89090909090909,0.,0.0728,0.87969766656587,0.,0.07091221240628,     147P    221
0.86933966108488,0.,0.06902442481256,0.85898165560388,0.,            147P    222
0.06553624817343,0.85105398142403,0.,0.06204807153429,               147P    223
0.84312630724418,0.,0.05749054912265,0.83883588089482,0.,            147P    224
0.05293302671102,0.83454545454545,0.,0.048,0.83454545454545,0.,      147P    225
0.04306697328898,0.83454545454545,0.,0.03850945087735,               147P    226
0.83883588089482,0.,0.03395192846571,0.84312630724418,0.,            147P    227
0.03046375182657,0.85105398142403,0.,0.02697557518744,               147P    228
0.85898165560388,0.,0.02508778759372,0.86933966108488,0.,0.0232,     147P    229
0.87969766656587,0.,0.0232,0.89090909090909,0.,0.0232,               147P    230
0.90212051525231,0.,0.02508778759372,0.91247852073331,0.,            147P    231
0.02697557518744,0.9228365262143,0.,0.03046375182657,                147P    232
0.93076420039415,0.,0.03395192846571,0.938691874574,0.,              147P    233
0.03850945087735,0.94298230092336,0.,0.04306697328898,               147P    234
0.94727272727273,0.,0.048,0.94727272727273,0.,-7.85398163397448,     147P    235
-1.5707963267949,0.,0.,1.;                                           147P    236
102,1,147;                                                           149P    237
124,-1.,0.,0.,0.0565,-0.,0.,-1.,0.077,0.,-1.,0.,0.0949;              151P    238
100,0.,0.,0.,0.,-0.0031,0.,-0.0031;                                  153P    239
102,1,153;                                                           155P    240
142,1,77,149,155,2;                                                  157P    241
126,32,2,1,1,1,1,-7.85398163397448,-7.85398163397448,                159P    242
-7.85398163397448,-7.46128255227576,-7.46128255227576,               159P    243
-7.06858347057703,-7.06858347057703,-6.67588438887831,               159P    244
-6.67588438887831,-6.28318530717959,-6.28318530717959,               159P    245
-5.89048622548086,-5.89048622548086,-5.49778714378214,               159P    246
-5.49778714378214,-5.10508806208341,-5.10508806208341,               159P    247
-4.71238898038469,-4.71238898038469,-4.31968989868597,               159P    248
-4.31968989868597,-3.92699081698724,-3.92699081698724,               159P    249
-3.53429173528852,-3.53429173528852,-3.14159265358979,               159P    250
-3.14159265358979,-2.74889357189107,-2.74889357189107,               159P    251
-2.35619449019234,-2.35619449019234,-1.96349540849362,               159P    252
-1.96349540849362,-1.5707963267949,-1.5707963267949,                 159P    253
-1.5707963267949,1.,1.,1.,1.,1.,1.,1.,1.,1.,1.,1.,1.,1.,1.,1.,       159P    254
1.,1.,1.,1.,1.,1.,1.,1.,1.,1.,1.,1.,1.,1.,1.,1.,1.,1.,0.952,         159P    255
0.94727272727273,0.,0.95693302671102,0.94727272727273,0.,            159P    256
0.96149054912265,0.94298230092336,0.,0.96604807153429,               159P    257
0.938691874574,0.,0.96953624817343,0.93076420039415,0.,              159P    258
0.97302442481256,0.9228365262143,0.,0.97491221240628,                159P    259
0.91247852073331,0.,0.9768,0.90212051525231,0.,0.9768,               159P    260
0.89090909090909,0.,0.9768,0.87969766656587,0.,0.97491221240628,     159P    261
0.86933966108488,0.,0.97302442481256,0.85898165560388,0.,            159P    262
0.96953624817343,0.85105398142403,0.,0.96604807153429,               159P    263
0.84312630724418,0.,0.96149054912265,0.83883588089482,0.,            159P    264
0.95693302671102,0.83454545454545,0.,0.952,0.83454545454545,0.,      159P    265
0.94706697328898,0.83454545454545,0.,0.94250945087735,               159P    266
0.83883588089482,0.,0.93795192846571,0.84312630724418,0.,            159P    267
0.93446375182657,0.85105398142403,0.,0.93097557518744,               159P    268
0.85898165560388,0.,0.92908778759372,0.86933966108488,0.,0.9272,     159P    269
0.87969766656587,0.,0.9272,0.89090909090909,0.,0.9272,               159P    270
0.90212051525231,0.,0.92908778759372,0.91247852073331,0.,            159P    271
0.93097557518744,0.9228365262143,0.,0.93446375182657,                159P    272
0.93076420039415,0.,0.93795192846571,0.938691874574,0.,              159P    273
0.94250945087735,0.94298230092336,0.,0.94706697328898,               159P    274
0.94727272727273,0.,0.952,0.94727272727273,0.,-7.85398163397448,     159P    275
-1.5707963267949,0.,0.,1.;                                           159P    276
102,1,159;                                                           161P    277
124,-1.,0.,0.,-0.0565,-0.,0.,-1.,0.077,0.,-1.,0.,0.0949;             163P    278
100,0.,0.,0.,0.,-0.0031,0.,-0.0031;                                  165P    279
102,1,165;                                                           167P    280
142,1,77,161,167,2;                                                  169P    281
126,32,2,1,1,1,1,-7.85398163397448,-7.85398163397448,                171P    282
-7.85398163397448,-7.46128255227576,-7.46128255227576,               171P    283
-7.06858347057703,-7.06858347057703,-6.67588438887831,               171P    284
-6.67588438887831,-6.28318530717959,-6.28318530717959,               171P    285
-5.89048622548086,-5.89048622548086,-5.49778714378214,               171P    286
-5.49778714378214,-5.10508806208341,-5.10508806208341,               171P    287
-4.71238898038469,-4.71238898038469,-4.31968989868597,               171P    288
-4.31968989868597,-3.92699081698724,-3.92699081698724,               171P    289
-3.53429173528852,-3.53429173528852,-3.14159265358979,               171P    290
-3.14159265358979,-2.74889357189107,-2.74889357189107,               171P    291
-2.35619449019234,-2.35619449019234,-1.96349540849362,               171P    292
-1.96349540849362,-1.5707963267949,-1.5707963267949,                 171P    293
-1.5707963267949,1.,1.,1.,1.,1.,1.,1.,1.,1.,1.,1.,1.,1.,1.,1.,       171P    294
1.,1.,1.,1.,1.,1.,1.,1.,1.,1.,1.,1.,1.,1.,1.,1.,1.,1.,0.048,         171P    295
0.16545454545455,0.,0.05293302671102,0.16545454545455,0.,            171P    296
0.05749054912265,0.16116411910518,0.,0.06204807153429,               171P    297
0.15687369275582,0.,0.06553624817343,0.14894601857597,0.,            171P    298
0.06902442481256,0.14101834439612,0.,0.07091221240628,               171P    299
0.13066033891512,0.,0.0728,0.12030233343413,0.,0.0728,               171P    300
0.10909090909091,0.,0.0728,0.09787948474769,0.,0.07091221240628,     171P    301
0.08752147926669,0.,0.06902442481256,0.0771634737857,0.,             171P    302
0.06553624817343,0.06923579960585,0.,0.06204807153429,               171P    303
0.061308125426,0.,0.05749054912265,0.05701769907664,0.,              171P    304
0.05293302671102,0.05272727272727,0.,0.048,0.05272727272727,0.,      171P    305
0.04306697328898,0.05272727272727,0.,0.03850945087735,               171P    306
0.05701769907664,0.,0.03395192846571,0.061308125426,0.,              171P    307
0.03046375182657,0.06923579960585,0.,0.02697557518744,               171P    308
0.0771634737857,0.,0.02508778759372,0.08752147926669,0.,0.0232,      171P    309
0.09787948474769,0.,0.0232,0.10909090909091,0.,0.0232,               171P    310
0.12030233343413,0.,0.02508778759372,0.13066033891512,0.,            171P    311
0.02697557518744,0.14101834439612,0.,0.03046375182657,               171P    312
0.14894601857597,0.,0.03395192846571,0.15687369275582,0.,            171P    313
0.03850945087735,0.16116411910518,0.,0.04306697328898,               171P    314
0.16545454545455,0.,0.048,0.16545454545455,0.,-7.85398163397448,     171P    315
-1.5707963267949,0.,0.,1.;                                           171P    316
102,1,171;                                                           173P    317
124,-1.,0.,0.,0.0565,-0.,0.,-1.,0.077,0.,-1.,0.,0.0519;              175P    318
100,0.,0.,0.,0.,-0.0031,0.,-0.0031;                                  177P    319
102,1,177;                                                           179P    320
142,1,77,173,179,2;                                                  181P    321
126,32,2,1,1,1,1,-7.85398163397448,-7.85398163397448,                183P    322
-7.85398163397448,-7.46128255227576,-7.46128255227576,               183P    323
-7.06858347057703,-7.06858347057703,-6.67588438887831,               183P    324
-6.67588438887831,-6.28318530717959,-6.28318530717959,               183P    325
-5.89048622548086,-5.89048622548086,-5.49778714378214,               183P    326
-5.49778714378214,-5.10508806208341,-5.10508806208341,               183P    327
-4.71238898038469,-4.71238898038469,-4.31968989868597,               183P    328
-4.31968989868597,-3.92699081698724,-3.92699081698724,               183P    329
-3.53429173528852,-3.53429173528852,-3.14159265358979,               183P    330
-3.14159265358979,-2.74889357189107,-2.74889357189107,               183P    331
-2.35619449019234,-2.35619449019234,-1.96349540849362,               183P    332
-1.96349540849362,-1.5707963267949,-1.5707963267949,                 183P    333
-1.5707963267949,1.,1.,1.,1.,1.,1.,1.,1.,1.,1.,1.,1.,1.,1.,1.,       183P    334
1.,1.,1.,1.,1.,1.,1.,1.,1.,1.,1.,1.,1.,1.,1.,1.,1.,1.,0.952,         183P    335
0.16545454545455,0.,0.95693302671102,0.16545454545455,0.,            183P    336
0.96149054912265,0.16116411910518,0.,0.96604807153429,               183P    337
0.15687369275582,0.,0.96953624817343,0.14894601857597,0.,            183P    338
0.97302442481256,0.14101834439612,0.,0.97491221240628,               183P    339
0.13066033891512,0.,0.9768,0.12030233343413,0.,0.9768,               183P    340
0.10909090909091,0.,0.9768,0.09787948474769,0.,0.97491221240628,     183P    341
0.08752147926669,0.,0.97302442481256,0.0771634737857,0.,             183P    342
0.96953624817343,0.06923579960585,0.,0.96604807153429,               183P    343
0.061308125426,0.,0.96149054912265,0.05701769907664,0.,              183P    344
0.95693302671102,0.05272727272727,0.,0.952,0.05272727272727,0.,      183P    345
0.94706697328898,0.05272727272727,0.,0.94250945087735,               183P    346
0.05701769907664,0.,0.93795192846571,0.061308125426,0.,              183P    347
0.93446375182657,0.06923579960585,0.,0.93097557518744,               183P    348
0.0771634737857,0.,0.92908778759372,0.08752147926669,0.,0.9272,      183P    349
0.09787948474769,0.,0.9272,0.10909090909091,0.,0.9272,               183P    350
0.12030233343413,0.,0.92908778759372,0.13066033891512,0.,            183P    351
0.93097557518744,0.14101834439612,0.,0.93446375182657,               183P    352
0.14894601857597,0.,0.93795192846571,0.15687369275582,0.,            183P    353
0.94250945087735,0.16116411910518,0.,0.94706697328898,               183P    354
0.16545454545455,0.,0.952,0.16545454545455,0.,-7.85398163397448,     183P    355
-1.5707963267949,0.,0.,1.;                                           183P    356
102,1,183;                                                           185P    357
124,-1.,0.,0.,-0.0565,-0.,0.,-1.,0.077,0.,-1.,0.,0.0519;             187P    358
100,0.,0.,0.,0.,-0.0031,0.,-0.0031;                                  189P    359
102,1,189;                                                           191P    360
142,1,77,185,191,2;                                                  193P    361
144,77,1,5,123,145,157,169,181,193;                                  195P    362
314,64.70588445663452,64.70588445663452,64.70588445663452,10HMix     197P    363
edColor;                                                             197P    364
110,-0.0546,0.075,0.0634,-0.0546,0.065,0.0634;                       199P    365
122,199,-0.0546,0.075,0.0834;                                        201P    366
126,1,1,1,0,1,0,-0.015,-0.015,0.005,0.005,1.,1.,0.,1.,0.,0.,0.,      203P    367
0.,-0.015,0.005,0.,0.,1.;                                            203P    368
126,1,1,1,0,1,0,-0.01,-0.01,0.,0.,1.,1.,0.,0.,0.,1.,0.,0.,-0.01,     205P    369
0.,0.,0.,1.;                                                         205P    370
126,1,1,1,0,1,0,-0.005,-0.005,0.015,0.015,1.,1.,1.,0.,0.,1.,1.,      207P    371
0.,-0.005,0.015,0.,0.,1.;                                            207P    372
126,1,1,1,0,1,0,0.,0.,0.01,0.01,1.,1.,1.,1.,0.,0.,1.,0.,0.,0.01,     209P    373
0.,0.,1.;                                                            209P    374
102,4,203,205,207,209;                                               211P    375
110,-0.0546,0.075,0.0834,-0.0546,0.075,0.0634;                       213P    376
110,-0.0546,0.075,0.0634,-0.0546,0.065,0.0634;                       215P    377
110,-0.0546,0.065,0.0634,-0.0546,0.065,0.0834;                       217P    378
110,-0.0546,0.065,0.0834,-0.0546,0.075,0.0834;                       219P    379
102,4,213,215,217,219;                                               221P    380
142,1,201,211,221,2;                                                 223P    381
144,201,1,0,223;                                                     225P    382
314,64.70588445663452,64.70588445663452,64.70588445663452,10HMix     227P    383
edColor;                                                             227P    384
110,-0.045,0.065,0.0834,-0.045,1.065,0.0834;                         229P    385
110,-0.0546,0.075,0.0834,-0.0546,0.065,0.0834;                       231P    386
120,229,231,0.,6.28318530717959;                                     233P    387
126,1,1,1,0,1,0,-1.5707963267949,-1.5707963267949,0.,0.,1.,1.,       235P    388
0.,1.5707963267949,0.,0.,0.,0.,-1.5707963267949,0.,0.,0.,1.;         235P    389
126,1,1,1,0,1,0,-0.01,-0.01,0.,0.,1.,1.,0.,0.,0.,1.,0.,0.,-0.01,     237P    390
0.,0.,0.,1.;                                                         237P    391
126,1,1,1,0,1,0,0.,0.,1.5707963267949,1.5707963267949,1.,1.,1.,      239P    392
0.,0.,1.,1.5707963267949,0.,0.,1.5707963267949,0.,0.,1.;             239P    393
126,1,1,1,0,1,0,0.,0.,0.01,0.01,1.,1.,1.,1.5707963267949,0.,0.,      241P    394
1.5707963267949,0.,0.,0.01,0.,0.,1.;                                 241P    395
102,4,235,237,239,241;                                               243P    396
124,-1.,0.,0.,-0.045,-0.,0.,-1.,0.075,0.,-1.,0.,0.0834;              245P    397
100,0.,0.,0.,0.,-0.0096,0.0096,0.;                                   247P    398
110,-0.0546,0.075,0.0834,-0.0546,0.065,0.0834;                       249P    399
124,-1.,0.,-0.,-0.045,-0.,0.,1.,0.065,0.,1.,0.,0.0834;               251P    400
100,0.,0.,0.,0.0096,0.,0.,0.0096;                                    253P    401
110,-0.045,0.065,0.093,-0.045,0.075,0.093;                           255P    402
102,4,247,249,253,255;                                               257P    403
142,1,233,243,257,2;                                                 259P    404
144,233,1,0,259;                                                     261P    405
314,64.70588445663452,64.70588445663452,64.70588445663452,10HMix     263P    406
edColor;                                                             263P    407
110,-0.045,0.065,0.093,0.045,0.065,0.093;                            265P    408
122,265,-0.045,0.075,0.093;                                          267P    409
126,1,1,1,0,1,0,-0.0225,-0.0225,0.0675,0.0675,1.,1.,1.,1.,0.,0.,     269P    410
1.,0.,-0.0225,0.0675,0.,0.,1.;                                       269P    411
126,1,1,1,0,1,0,-0.01,-0.01,0.,0.,1.,1.,0.,1.,0.,0.,0.,0.,-0.01,     271P    412
0.,0.,0.,1.;                                                         271P    413
126,1,1,1,0,1,0,-0.0675,-0.0675,0.0225,0.0225,1.,1.,0.,0.,0.,1.,     273P    414
0.,0.,-0.0675,0.0225,0.,0.,1.;                                       273P    415
126,1,1,1,0,1,0,0.,0.,0.01,0.01,1.,1.,1.,0.,0.,1.,1.,0.,0.,0.01,     275P    416
0.,0.,1.;                                                            275P    417
102,4,269,271,273,275;                                               277P    418
110,0.045,0.075,0.093,-0.045,0.075,0.093;                            279P    419
110,-0.045,0.075,0.093,-0.045,0.065,0.093;                           281P    420
110,-0.045,0.065,0.093,0.045,0.065,0.093;                            283P    421
110,0.045,0.065,0.093,0.045,0.075,0.093;                             285P    422
102,4,279,281,283,285;                                               287P    423
142,1,267,277,287,2;                                                 289P    424
144,267,1,0,289;                                                     291P    425
314,64.70588445663452,64.70588445663452,64.70588445663452,10HMix     293P    426
edColor;                                                             293P    427
110,0.045,0.065,0.0834,0.045,1.065,0.0834;                           295P    428
110,0.0354,0.075,0.0834,0.0354,0.065,0.0834;                         297P    429
120,295,297,0.,6.28318530717959;                                     299P    430
126,1,1,1,0,1,0,-3.14159265358979,-3.14159265358979,                 301P    431
-1.5707963267949,-1.5707963267949,1.,1.,0.,3.14159265358979,0.,      301P    432
0.,1.5707963267949,0.,-3.14159265358979,-1.5707963267949,0.,0.,      301P    433
1.;                                                                  301P    434
126,1,1,1,0,1,0,-0.01,-0.01,0.,0.,1.,1.,0.,1.5707963267949,0.,       303P    435
1.,1.5707963267949,0.,-0.01,0.,0.,0.,1.;                             303P    436
126,1,1,1,0,1,0,1.5707963267949,1.5707963267949,                     305P    437
3.14159265358979,3.14159265358979,1.,1.,1.,1.5707963267949,0.,       305P    438
1.,3.14159265358979,0.,1.5707963267949,3.14159265358979,0.,0.,       305P    439
1.;                                                                  305P    440
126,1,1,1,0,1,0,0.,0.,0.01,0.01,1.,1.,1.,3.14159265358979,0.,0.,     307P    441
3.14159265358979,0.,0.,0.01,0.,0.,1.;                                307P    442
102,4,301,303,305,307;                                               309P    443
124,-1.,0.,0.,0.045,-0.,0.,-1.,0.075,0.,-1.,0.,0.0834;               311P    444
100,0.,0.,0.,-0.0096,-0.,0.,-0.0096;                                 313P    445
110,0.045,0.075,0.093,0.045,0.065,0.093;                             315P    446
124,-1.,0.,-0.,0.045,-0.,0.,1.,0.065,0.,1.,0.,0.0834;                317P    447
100,0.,0.,0.,0.,0.0096,-0.0096,0.;                                   319P    448
110,0.0546,0.065,0.0834,0.0546,0.075,0.0834;                         321P    449
102,4,313,315,319,321;                                               323P    450
142,1,299,309,323,2;                                                 325P    451
144,299,1,0,325;                                                     327P    452
314,64.70588445663452,64.70588445663452,64.70588445663452,10HMix     329P    453
edColor;                                                             329P    454
110,0.0546,0.065,0.0634,0.0546,0.075,0.0634;                         331P    455
122,331,0.0546,0.065,0.0834;                                         333P    456
126,1,1,1,0,1,0,-0.01,-0.01,0.01,0.01,1.,1.,1.,0.,0.,1.,1.,0.,       335P    457
-0.01,0.01,0.,0.,1.;                                                 335P    458
126,1,1,1,0,1,0,-0.01,-0.01,0.,0.,1.,1.,1.,1.,0.,0.,1.,0.,-0.01,     337P    459
0.,0.,0.,1.;                                                         337P    460
126,1,1,1,0,1,0,-0.01,-0.01,0.01,0.01,1.,1.,0.,1.,0.,0.,0.,0.,       339P    461
-0.01,0.01,0.,0.,1.;                                                 339P    462
126,1,1,1,0,1,0,0.,0.,0.01,0.01,1.,1.,0.,0.,0.,1.,0.,0.,0.,0.01,     341P    463
0.,0.,1.;                                                            341P    464
102,4,335,337,339,341;                                               343P    465
110,0.0546,0.075,0.0634,0.0546,0.075,0.0834;                         345P    466
110,0.0546,0.075,0.0834,0.0546,0.065,0.0834;                         347P    467
110,0.0546,0.065,0.0834,0.0546,0.065,0.0634;                         349P    468
110,0.0546,0.065,0.0634,0.0546,0.075,0.0634;                         351P    469
102,4,345,347,349,351;                                               353P    470
142,1,333,343,353,2;                                                 355P    471
144,333,1,0,355;                                                     357P    472
314,64.70588445663452,64.70588445663452,64.70588445663452,10HMix     359P    473
edColor;                                                             359P    474
110,0.045,0.065,0.0634,0.045,1.065,0.0634;                           361P    475
110,0.0354,0.075,0.0634,0.0354,0.065,0.0634;                         363P    476
120,361,363,0.,6.28318530717959;                                     365P    477
126,1,1,1,0,1,0,-4.71238898038469,-4.71238898038469,                 367P    478
-3.14159265358979,-3.14159265358979,1.,1.,-0.,4.71238898038469,      367P    479
0.,-0.,3.14159265358979,0.,-4.71238898038469,-3.14159265358979,      367P    480
0.,0.,1.;                                                            367P    481
126,1,1,1,0,1,0,-0.01,-0.01,0.,0.,1.,1.,-0.,3.14159265358979,0.,     369P    482
1.,3.14159265358979,0.,-0.01,0.,0.,0.,1.;                            369P    483
126,1,1,1,0,1,0,3.14159265358979,3.14159265358979,                   371P    484
4.71238898038469,4.71238898038469,1.,1.,1.,3.14159265358979,0.,      371P    485
1.,4.71238898038469,0.,3.14159265358979,4.71238898038469,0.,0.,      371P    486
1.;                                                                  371P    487
126,1,1,1,0,1,0,0.,0.,0.01,0.01,1.,1.,1.,4.71238898038469,0.,        373P    488
-0.,4.71238898038469,0.,0.,0.01,0.,0.,1.;                            373P    489
102,4,367,369,371,373;                                               375P    490
124,-1.,0.,0.,0.045,-0.,0.,-1.,0.075,0.,-1.,0.,0.0634;               377P    491
100,0.,0.,0.,-0.,0.0096,-0.0096,-0.;                                 379P    492
110,0.0546,0.075,0.0634,0.0546,0.065,0.0634;                         381P    493
124,-1.,0.,-0.,0.045,-0.,0.,1.,0.065,0.,1.,0.,0.0634;                383P    494
100,0.,0.,0.,-0.0096,0.,-0.,-0.0096;                                 385P    495
110,0.045,0.065,0.0538,0.045,0.075,0.0538;                           387P    496
102,4,379,381,385,387;                                               389P    497
142,1,365,375,389,2;                                                 391P    498
144,365,1,0,391;                                                     393P    499
314,64.70588445663452,64.70588445663452,64.70588445663452,10HMix     395P    500
edColor;                                                             395P    501
110,0.045,0.065,0.0538,-0.045,0.065,0.0538;                          397P    502
122,397,0.045,0.075,0.0538;                                          399P    503
126,1,1,1,0,1,0,-0.045,-0.045,0.045,0.045,1.,1.,1.,1.,0.,0.,1.,      401P    504
0.,-0.045,0.045,0.,0.,1.;                                            401P    505
126,1,1,1,0,1,0,-0.01,-0.01,0.,0.,1.,1.,0.,1.,0.,0.,0.,0.,-0.01,     403P    506
0.,0.,0.,1.;                                                         403P    507
126,1,1,1,0,1,0,-0.045,-0.045,0.045,0.045,1.,1.,0.,0.,0.,1.,0.,      405P    508
0.,-0.045,0.045,0.,0.,1.;                                            405P    509
126,1,1,1,0,1,0,0.,0.,0.01,0.01,1.,1.,1.,0.,0.,1.,1.,0.,0.,0.01,     407P    510
0.,0.,1.;                                                            407P    511
102,4,401,403,405,407;                                               409P    512
110,-0.045,0.075,0.0538,0.045,0.075,0.0538;                          411P    513
110,0.045,0.075,0.0538,0.045,0.065,0.0538;                           413P    514
110,0.045,0.065,0.0538,-0.045,0.065,0.0538;                          415P    515
110,-0.045,0.065,0.0538,-0.045,0.075,0.0538;                         417P    516
102,4,411,413,415,417;                                               419P    517
142,1,399,409,419,2;                                                 421P    518
144,399,1,0,421;                                                     423P    519
314,64.70588445663452,64.70588445663452,64.70588445663452,10HMix     425P    520
edColor;                                                             425P    521
110,-0.045,0.065,0.0634,-0.045,1.065,0.0634;                         427P    522
110,-0.0546,0.075,0.0634,-0.0546,0.065,0.0634;                       429P    523
120,427,429,0.,6.28318530717959;                                     431P    524
126,1,1,1,0,1,0,-6.28318530717959,-6.28318530717959,                 433P    525
-4.71238898038469,-4.71238898038469,1.,1.,-0.,6.28318530717959,      433P    526
0.,-0.,4.71238898038469,0.,-6.28318530717959,-4.71238898038469,      433P    527
0.,0.,1.;                                                            433P    528
126,1,1,1,0,1,0,-0.01,-0.01,0.,0.,1.,1.,-0.,4.71238898038469,0.,     435P    529
1.,4.71238898038469,0.,-0.01,0.,0.,0.,1.;                            435P    530
126,1,1,1,0,1,0,4.71238898038469,4.71238898038469,                   437P    531
6.28318530717959,6.28318530717959,1.,1.,1.,4.71238898038469,0.,      437P    532
1.,6.28318530717959,0.,4.71238898038469,6.28318530717959,0.,0.,      437P    533
1.;                                                                  437P    534
126,1,1,1,0,1,0,0.,0.,0.01,0.01,1.,1.,1.,6.28318530717959,0.,        439P    535
-0.,6.28318530717959,0.,0.,0.01,0.,0.,1.;                            439P    536
102,4,433,435,437,439;                                               441P    537
124,-1.,0.,0.,-0.045,-0.,0.,-1.,0.075,0.,-1.,0.,0.0634;              443P    538
100,0.,0.,0.,0.0096,0.,-0.,0.0096;                                   445P    539
110,-0.045,0.075,0.0538,-0.045,0.065,0.0538;                         447P    540
124,-1.,0.,-0.,-0.045,-0.,0.,1.,0.065,0.,1.,0.,0.0634;               449P    541
100,0.,0.,0.,-0.,-0.0096,0.0096,-0.;                                 451P    542
110,-0.0546,0.065,0.0634,-0.0546,0.075,0.0634;                       453P    543
102,4,445,447,451,453;                                               455P    544
142,1,431,441,455,2;                                                 457P    545
144,431,1,0,457;                                                     459P    546
314,64.70588445663452,64.70588445663452,64.70588445663452,10HMix     461P    547
edColor;                                                             461P    548
110,-0.0546,0.065,0.0538,0.0546,0.065,0.0538;                        463P    549
122,463,-0.0546,0.065,0.093;                                         465P    550
126,1,1,1,0,1,0,-0.015,-0.015,0.005,0.005,1.,1.,0.,                  467P    551
0.75510204081633,0.,0.,0.24489795918367,0.,-0.015,0.005,0.,0.,       467P    552
1.;                                                                  467P    553
126,16,2,1,0,1,0,-6.28318530717959,-6.28318530717959,                469P    554
-6.28318530717959,-6.08683576633022,-6.08683576633022,               469P    555
-5.89048622548086,-5.89048622548086,-5.6941366846315,                469P    556
-5.6941366846315,-5.49778714378214,-5.49778714378214,                469P    557
-5.30143760293278,-5.30143760293278,-5.10508806208341,               469P    558
-5.10508806208341,-4.90873852123405,-4.90873852123405,               469P    559
-4.71238898038469,-4.71238898038469,-4.71238898038469,1.,1.,1.,      469P    560
1.,1.,1.,1.,1.,1.,1.,1.,1.,1.,1.,1.,1.,1.,0.,0.24489795918367,       469P    561
0.,0.,0.22077761550437,0.,0.0016892061184,0.19712073746544,0.,       469P    562
0.00337841223679,0.17346385942651,0.,0.00669190922978,               469P    563
0.15117956758406,0.,0.01000540622276,0.12889527574161,0.,            469P    564
0.01481585825912,0.10883994293397,0.,0.01962631029547,               469P    565
0.08878461012634,0.,0.02574885440118,0.07172895154615,0.,            469P    566
0.03187139850689,0.05467329296596,0.,0.03907074874553,               469P    567
0.04127274800754,0.,0.04627009898417,0.02787220304912,0.,            469P    568
0.05426958836351,0.01864174714009,0.,0.06226907774285,               469P    569
0.00941129123107,0.,0.07076129037221,0.00470564561554,0.,            469P    570
0.07925350300157,0.,0.,0.08791208791209,0.,0.,-6.28318530717959,     469P    571
-4.71238898038469,0.,0.,1.;                                          469P    572
126,1,1,1,0,1,0,-0.045,-0.045,0.045,0.045,1.,1.,                     471P    573
0.08791208791209,0.,0.,0.91208791208791,0.,0.,-0.045,0.045,0.,       471P    574
0.,1.;                                                               471P    575
126,16,2,1,0,1,0,-4.71238898038469,-4.71238898038469,                473P    576
-4.71238898038469,-4.51603943953533,-4.51603943953533,               473P    577
-4.31968989868597,-4.31968989868597,-4.1233403578366,                473P    578
-4.1233403578366,-3.92699081698724,-3.92699081698724,                473P    579
-3.73064127613788,-3.73064127613788,-3.53429173528852,               473P    580
-3.53429173528852,-3.33794219443916,-3.33794219443916,               473P    581
-3.14159265358979,-3.14159265358979,-3.14159265358979,1.,1.,1.,      473P    582
1.,1.,1.,1.,1.,1.,1.,1.,1.,1.,1.,1.,1.,1.,0.91208791208791,0.,       473P    583
0.,0.92074649699843,0.,0.,0.92923870962779,0.00470564561554,0.,      473P    584
0.93773092225715,0.00941129123107,0.,0.94573041163649,               473P    585
0.01864174714009,0.,0.95372990101583,0.02787220304912,0.,            473P    586
0.96092925125447,0.04127274800754,0.,0.96812860149311,               473P    587
0.05467329296596,0.,0.97425114559882,0.07172895154615,0.,            473P    588
0.98037368970453,0.08878461012634,0.,0.98518414174088,               473P    589
0.10883994293397,0.,0.98999459377724,0.12889527574161,0.,            473P    590
0.99330809077022,0.15117956758406,0.,0.99662158776321,               473P    591
0.17346385942651,0.,0.9983107938816,0.19712073746544,0.,1.,          473P    592
0.22077761550437,0.,1.,0.24489795918367,0.,-4.71238898038469,        473P    593
-3.14159265358979,0.,0.,1.;                                          473P    594
126,1,1,1,0,1,0,-0.01,-0.01,0.01,0.01,1.,1.,1.,0.24489795918367,     475P    595
0.,1.,0.75510204081633,0.,-0.01,0.01,0.,0.,1.;                       475P    596
126,16,2,1,0,1,0,-3.14159265358979,-3.14159265358979,                477P    597
-3.14159265358979,-2.94524311274043,-2.94524311274043,               477P    598
-2.74889357189107,-2.74889357189107,-2.55254403104171,               477P    599
-2.55254403104171,-2.35619449019234,-2.35619449019234,               477P    600
-2.15984494934298,-2.15984494934298,-1.96349540849362,               477P    601
-1.96349540849362,-1.76714586764426,-1.76714586764426,               477P    602
-1.5707963267949,-1.5707963267949,-1.5707963267949,1.,1.,1.,1.,      477P    603
1.,1.,1.,1.,1.,1.,1.,1.,1.,1.,1.,1.,1.,1.,0.75510204081633,0.,       477P    604
1.,0.77922238449563,0.,0.9983107938816,0.80287926253456,0.,          477P    605
0.99662158776321,0.82653614057349,0.,0.99330809077022,               477P    606
0.84882043241594,0.,0.98999459377724,0.87110472425839,0.,            477P    607
0.98518414174088,0.89116005706602,0.,0.98037368970453,               477P    608
0.91121538987366,0.,0.97425114559882,0.92827104845385,0.,            477P    609
0.96812860149311,0.94532670703404,0.,0.96092925125447,               477P    610
0.95872725199246,0.,0.95372990101583,0.97212779695089,0.,            477P    611
0.94573041163649,0.98135825285991,0.,0.93773092225715,               477P    612
0.99058870876893,0.,0.92923870962779,0.99529435438446,0.,            477P    613
0.92074649699843,1.,0.,0.91208791208791,1.,0.,-3.14159265358979,     477P    614
-1.5707963267949,0.,0.,1.;                                           477P    615
126,1,1,1,0,1,0,-0.0225,-0.0225,0.0675,0.0675,1.,1.,                 479P    616
0.91208791208791,1.,0.,0.08791208791209,1.,0.,-0.0225,0.0675,0.,     479P    617
0.,1.;                                                               479P    618
126,16,2,1,0,1,0,-1.5707963267949,-1.5707963267949,                  481P    619
-1.5707963267949,-1.37444678594553,-1.37444678594553,                481P    620
-1.17809724509617,-1.17809724509617,-0.98174770424681,               481P    621
-0.98174770424681,-0.78539816339745,-0.78539816339745,               481P    622
-0.58904862254809,-0.58904862254809,-0.39269908169872,               481P    623
-0.39269908169872,-0.19634954084936,-0.19634954084936,0.,0.,0.,      481P    624
1.,1.,1.,1.,1.,1.,1.,1.,1.,1.,1.,1.,1.,1.,1.,1.,1.,                  481P    625
0.08791208791209,1.,0.,0.07925350300157,1.,0.,0.07076129037221,      481P    626
0.99529435438446,0.,0.06226907774285,0.99058870876893,0.,            481P    627
0.05426958836351,0.98135825285991,0.,0.04627009898417,               481P    628
0.97212779695088,0.,0.03907074874553,0.95872725199246,0.,            481P    629
0.03187139850689,0.94532670703404,0.,0.02574885440118,               481P    630
0.92827104845385,0.,0.01962631029547,0.91121538987366,0.,            481P    631
0.01481585825912,0.89116005706602,0.,0.01000540622276,               481P    632
0.87110472425839,0.,0.00669190922978,0.84882043241594,0.,            481P    633
0.00337841223679,0.82653614057349,0.,0.0016892061184,                481P    634
0.80287926253456,0.,0.,0.77922238449563,0.,0.,0.75510204081633,      481P    635
0.,-1.5707963267949,0.,0.,0.,1.;                                     481P    636
102,8,467,469,471,473,475,477,479,481;                               483P    637
110,-0.0546,0.065,0.0834,-0.0546,0.065,0.0634;                       485P    638
124,-1.,0.,0.,-0.045,-0.,0.,-1.,0.065,0.,-1.,0.,0.0634;              487P    639
100,0.,0.,0.,0.0096,0.,-0.,0.0096;                                   489P    640
110,-0.045,0.065,0.0538,0.045,0.065,0.0538;                          491P    641
124,-1.,0.,0.,0.045,-0.,0.,-1.,0.065,0.,-1.,0.,0.0634;               493P    642
100,0.,0.,0.,-0.,0.0096,-0.0096,-0.;                                 495P    643
110,0.0546,0.065,0.0634,0.0546,0.065,0.0834;                         497P    644
124,-1.,0.,0.,0.045,-0.,0.,-1.,0.065,0.,-1.,0.,0.0834;               499P    645
100,0.,0.,0.,-0.0096,-0.,0.,-0.0096;                                 501P    646
110,0.045,0.065,0.093,-0.045,0.065,0.093;                            503P    647
124,-1.,0.,0.,-0.045,-0.,0.,-1.,0.065,0.,-1.,0.,0.0834;              505P    648
100,0.,0.,0.,0.,-0.0096,0.0096,0.;                                   507P    649
102,8,485,489,491,495,497,501,503,507;                               509P    650
142,1,465,483,509,2;                                                 511P    651
144,465,1,0,511;                                                     513P    652
314,64.70588445663452,64.70588445663452,64.70588445663452,10HMix     515P    653
edColor;                                                             515P    654
110,-0.0625,0.075,0.0459,0.0625,0.075,0.0459;                        517P    655
122,517,-0.0625,0.075,0.1009;                                        519P    656
126,1,1,1,0,1,0,-0.0175,-0.0175,0.0175,0.0175,1.,1.,1.,              521P    657
0.18181818181818,0.,1.,0.81818181818182,0.,-0.0175,0.0175,0.,0.,     521P    658
1.;                                                                  521P    659
126,16,2,1,0,1,0,-3.14159265358979,-3.14159265358979,                523P    660
-3.14159265358979,-2.94524311274043,-2.94524311274043,               523P    661
-2.74889357189107,-2.74889357189107,-2.55254403104171,               523P    662
-2.55254403104171,-2.35619449019234,-2.35619449019234,               523P    663
-2.15984494934298,-2.15984494934298,-1.96349540849362,               523P    664
-1.96349540849362,-1.76714586764426,-1.76714586764426,               523P    665
-1.5707963267949,-1.5707963267949,-1.5707963267949,1.,1.,1.,1.,      523P    666
1.,1.,1.,1.,1.,1.,1.,1.,1.,1.,1.,1.,1.,1.,0.81818181818182,0.,       523P    667
1.,0.83608934606494,0.,0.99846282243226,0.85365278582111,0.,         523P    668
0.99692564486452,0.87121622557729,0.,0.9939103626009,                523P    669
0.88776062406638,0.,0.99089508033729,0.90430502255547,0.,            523P    670
0.9865175689842,0.91919458782175,0.,0.98214005763112,                523P    671
0.93408415308802,0.,0.97656854249492,0.94674668748846,0.,            523P    672
0.97099702735873,0.9594092218889,0.,0.96444561864157,                523P    673
0.96935811132774,0.,0.95789420992441,0.97930700076657,0.,            523P    674
0.95061467458921,0.98615991500205,0.,0.94333513925401,               523P    675
0.99301282923754,0.,0.93560722576129,0.99650641461877,0.,            523P    676
0.92787931226857,1.,0.,0.92,1.,0.,-3.14159265358979,                 523P    677
-1.5707963267949,0.,0.,1.;                                           523P    678
126,1,1,1,0,1,0,-0.0525,-0.0525,0.0525,0.0525,1.,1.,0.92,1.,0.,      525P    679
0.08,1.,0.,-0.0525,0.0525,0.,0.,1.;                                  525P    680
126,16,2,1,0,1,0,-1.5707963267949,-1.5707963267949,                  527P    681
-1.5707963267949,-1.37444678594553,-1.37444678594553,                527P    682
-1.17809724509617,-1.17809724509617,-0.98174770424681,               527P    683
-0.98174770424681,-0.78539816339745,-0.78539816339745,               527P    684
-0.58904862254809,-0.58904862254809,-0.39269908169872,               527P    685
-0.39269908169872,-0.19634954084936,-0.19634954084936,0.,0.,0.,      527P    686
1.,1.,1.,1.,1.,1.,1.,1.,1.,1.,1.,1.,1.,1.,1.,1.,1.,0.08,1.,0.,       527P    687
0.07212068773143,1.,0.,0.06439277423871,0.99650641461877,0.,         527P    688
0.05666486074599,0.99301282923754,0.,0.04938532541079,               527P    689
0.98615991500205,0.,0.04210579007559,0.97930700076657,0.,            527P    690
0.03555438135843,0.96935811132774,0.,0.02900297264127,               527P    691
0.9594092218889,0.,0.02343145750508,0.94674668748846,0.,             527P    692
0.01785994236888,0.93408415308802,0.,0.0134824310158,                527P    693
0.91919458782175,0.,0.00910491966271,0.90430502255547,0.,            527P    694
0.0060896373991,0.88776062406638,0.,0.00307435513548,                527P    695
0.87121622557729,0.,0.00153717756774,0.85365278582111,0.,0.,         527P    696
0.83608934606494,0.,0.,0.81818181818182,0.,-1.5707963267949,0.,      527P    697
0.,0.,1.;                                                            527P    698
126,1,1,1,0,1,0,-0.0175,-0.0175,0.0175,0.0175,1.,1.,0.,              529P    699
0.81818181818182,0.,0.,0.18181818181818,0.,-0.0175,0.0175,0.,0.,     529P    700
1.;                                                                  529P    701
126,16,2,1,0,1,0,-6.28318530717959,-6.28318530717959,                531P    702
-6.28318530717959,-6.08683576633022,-6.08683576633022,               531P    703
-5.89048622548086,-5.89048622548086,-5.6941366846315,                531P    704
-5.6941366846315,-5.49778714378214,-5.49778714378214,                531P    705
-5.30143760293278,-5.30143760293278,-5.10508806208341,               531P    706
-5.10508806208341,-4.90873852123405,-4.90873852123405,               531P    707
-4.71238898038469,-4.71238898038469,-4.71238898038469,1.,1.,1.,      531P    708
1.,1.,1.,1.,1.,1.,1.,1.,1.,1.,1.,1.,1.,1.,0.,0.18181818181818,       531P    709
0.,0.,0.16391065393506,0.,0.00153717756774,0.14634721417889,0.,      531P    710
0.00307435513548,0.12878377442271,0.,0.0060896373991,                531P    711
0.11223937593362,0.,0.00910491966271,0.09569497744453,0.,            531P    712
0.0134824310158,0.08080541217825,0.,0.01785994236888,                531P    713
0.06591584691198,0.,0.02343145750508,0.05325331251154,0.,            531P    714
0.02900297264127,0.04059077811109,0.,0.03555438135843,               531P    715
0.03064188867226,0.,0.04210579007559,0.02069299923343,0.,            531P    716
0.04938532541079,0.01384008499795,0.,0.05666486074599,               531P    717
0.00698717076246,0.,0.06439277423871,0.00349358538123,0.,            531P    718
0.07212068773143,0.,0.,0.08,0.,0.,-6.28318530717959,                 531P    719
-4.71238898038469,0.,0.,1.;                                          531P    720
126,1,1,1,0,1,0,-0.0525,-0.0525,0.0525,0.0525,1.,1.,0.08,0.,0.,      533P    721
0.92,0.,0.,-0.0525,0.0525,0.,0.,1.;                                  533P    722
126,16,2,1,0,1,0,-4.71238898038469,-4.71238898038469,                535P    723
-4.71238898038469,-4.51603943953533,-4.51603943953533,               535P    724
-4.31968989868597,-4.31968989868597,-4.1233403578366,                535P    725
-4.1233403578366,-3.92699081698724,-3.92699081698724,                535P    726
-3.73064127613788,-3.73064127613788,-3.53429173528852,               535P    727
-3.53429173528852,-3.33794219443916,-3.33794219443916,               535P    728
-3.14159265358979,-3.14159265358979,-3.14159265358979,1.,1.,1.,      535P    729
1.,1.,1.,1.,1.,1.,1.,1.,1.,1.,1.,1.,1.,1.,0.92,0.,0.,                535P    730
0.92787931226857,0.,0.,0.93560722576129,0.00349358538123,0.,         535P    731
0.94333513925401,0.00698717076246,0.,0.95061467458921,               535P    732
0.01384008499795,0.,0.95789420992441,0.02069299923343,0.,            535P    733
0.96444561864157,0.03064188867226,0.,0.97099702735873,               535P    734
0.04059077811109,0.,0.97656854249492,0.05325331251154,0.,            535P    735
0.98214005763112,0.06591584691198,0.,0.9865175689842,                535P    736
0.08080541217825,0.,0.99089508033729,0.09569497744453,0.,            535P    737
0.9939103626009,0.11223937593362,0.,0.99692564486452,                535P    738
0.12878377442271,0.,0.99846282243226,0.14634721417889,0.,1.,         535P    739
0.16391065393506,0.,1.,0.18181818181818,0.,-4.71238898038469,        535P    740
-3.14159265358979,0.,0.,1.;                                          535P    741
102,8,521,523,525,527,529,531,533,535;                               537P    742
110,0.0625,0.075,0.0559,0.0625,0.075,0.0909;                         539P    743
124,-1.,0.,0.,0.0525,-0.,0.,-1.,0.075,0.,-1.,0.,0.0909;              541P    744
100,0.,0.,0.,-0.01,-0.,0.,-0.01;                                     543P    745
110,0.0525,0.075,0.1009,-0.0525,0.075,0.1009;                        545P    746
124,-1.,0.,0.,-0.0525,-0.,0.,-1.,0.075,0.,-1.,0.,0.0909;             547P    747
100,0.,0.,0.,0.,-0.01,0.01,0.;                                       549P    748
110,-0.0625,0.075,0.0909,-0.0625,0.075,0.0559;                       551P    749
124,-1.,0.,0.,-0.0525,-0.,0.,-1.,0.075,0.,-1.,0.,0.0559;             553P    750
100,0.,0.,0.,0.01,0.,-0.,0.01;                                       555P    751
110,-0.0525,0.075,0.0459,0.0525,0.075,0.0459;                        557P    752
124,-1.,0.,0.,0.0525,-0.,0.,-1.,0.075,0.,-1.,0.,0.0559;              559P    753
100,0.,0.,0.,-0.,0.01,-0.01,-0.;                                     561P    754
102,8,539,543,545,549,551,555,557,561;                               563P    755
142,1,519,537,563,2;                                                 565P    756
126,32,2,1,1,1,1,0.,0.,0.,0.39269908169872,0.39269908169872,         567P    757
0.78539816339745,0.78539816339745,1.17809724509617,                  567P    758
1.17809724509617,1.5707963267949,1.5707963267949,                    567P    759
1.96349540849362,1.96349540849362,2.35619449019234,                  567P    760
2.35619449019234,2.74889357189107,2.74889357189107,                  567P    761
3.14159265358979,3.14159265358979,3.53429173528852,                  567P    762
3.53429173528852,3.92699081698724,3.92699081698724,                  567P    763
4.31968989868597,4.31968989868597,4.71238898038469,                  567P    764
4.71238898038469,5.10508806208341,5.10508806208341,                  567P    765
5.49778714378214,5.49778714378214,5.89048622548086,                  567P    766
5.89048622548086,6.28318530717959,6.28318530717959,                  567P    767
6.28318530717959,1.,1.,1.,1.,1.,1.,1.,1.,1.,1.,1.,1.,1.,1.,1.,       567P    768
1.,1.,1.,1.,1.,1.,1.,1.,1.,1.,1.,1.,1.,1.,1.,1.,1.,1.,0.9352,        567P    769
0.10909090909091,0.,0.9352,0.11668574493631,0.,0.93647882385381,     567P    770
0.12370245832667,0.,0.93775764770762,0.13071917171702,0.,            567P    771
0.94012060607607,0.1360895316453,0.,0.94248356444451,                567P    772
0.14145989157359,0.,0.94557091833627,0.14436630942316,0.,            567P    773
0.94865827222802,0.14727272727273,0.,0.952,0.14727272727273,0.,      567P    774
0.95534172777198,0.14727272727273,0.,0.95842908166373,               567P    775
0.14436630942316,0.,0.96151643555549,0.14145989157359,0.,            567P    776
0.96387939392393,0.1360895316453,0.,0.96624235229238,                567P    777
0.13071917171702,0.,0.96752117614619,0.12370245832667,0.,0.9688,     567P    778
0.11668574493631,0.,0.9688,0.10909090909091,0.,0.9688,               567P    779
0.1014960732455,0.,0.96752117614619,0.09447935985515,0.,             567P    780
0.96624235229238,0.0874626464648,0.,0.96387939392393,                567P    781
0.08209228653651,0.,0.96151643555549,0.07672192660823,0.,            567P    782
0.95842908166373,0.07381550875866,0.,0.95534172777198,               567P    783
0.07090909090909,0.,0.952,0.07090909090909,0.,0.94865827222802,      567P    784
0.07090909090909,0.,0.94557091833627,0.07381550875866,0.,            567P    785
0.94248356444451,0.07672192660823,0.,0.94012060607607,               567P    786
0.08209228653651,0.,0.93775764770762,0.0874626464648,0.,             567P    787
0.93647882385381,0.09447935985515,0.,0.9352,0.1014960732455,0.,      567P    788
0.9352,0.10909090909091,0.,0.,6.28318530717959,0.,0.,1.;             567P    789
102,1,567;                                                           569P    790
124,-1.,0.,-0.,0.0565,-0.,0.,1.,0.075,0.,1.,0.,0.0519;               571P    791
100,0.,0.,0.,0.0021,0.,0.0021,-0.;                                   573P    792
102,1,573;                                                           575P    793
142,1,519,569,575,2;                                                 577P    794
126,32,2,1,1,1,1,0.,0.,0.,0.39269908169872,0.39269908169872,         579P    795
0.78539816339745,0.78539816339745,1.17809724509617,                  579P    796
1.17809724509617,1.5707963267949,1.5707963267949,                    579P    797
1.96349540849362,1.96349540849362,2.35619449019234,                  579P    798
2.35619449019234,2.74889357189107,2.74889357189107,                  579P    799
3.14159265358979,3.14159265358979,3.53429173528852,                  579P    800
3.53429173528852,3.92699081698724,3.92699081698724,                  579P    801
4.31968989868597,4.31968989868597,4.71238898038469,                  579P    802
4.71238898038469,5.10508806208341,5.10508806208341,                  579P    803
5.49778714378214,5.49778714378214,5.89048622548086,                  579P    804
5.89048622548086,6.28318530717959,6.28318530717959,                  579P    805
6.28318530717959,1.,1.,1.,1.,1.,1.,1.,1.,1.,1.,1.,1.,1.,1.,1.,       579P    806
1.,1.,1.,1.,1.,1.,1.,1.,1.,1.,1.,1.,1.,1.,1.,1.,1.,1.,0.0312,        579P    807
0.10909090909091,0.,0.0312,0.11668574493631,0.,0.03247882385381,     579P    808
0.12370245832667,0.,0.03375764770762,0.13071917171702,0.,            579P    809
0.03612060607607,0.1360895316453,0.,0.03848356444451,                579P    810
0.14145989157359,0.,0.04157091833627,0.14436630942316,0.,            579P    811
0.04465827222802,0.14727272727273,0.,0.048,0.14727272727273,0.,      579P    812
0.05134172777198,0.14727272727273,0.,0.05442908166373,               579P    813
0.14436630942316,0.,0.05751643555549,0.14145989157359,0.,            579P    814
0.05987939392393,0.1360895316453,0.,0.06224235229238,                579P    815
0.13071917171702,0.,0.06352117614619,0.12370245832667,0.,0.0648,     579P    816
0.11668574493631,0.,0.0648,0.10909090909091,0.,0.0648,               579P    817
0.1014960732455,0.,0.06352117614619,0.09447935985515,0.,             579P    818
0.06224235229238,0.0874626464648,0.,0.05987939392393,                579P    819
0.08209228653651,0.,0.05751643555549,0.07672192660823,0.,            579P    820
0.05442908166373,0.07381550875866,0.,0.05134172777198,               579P    821
0.07090909090909,0.,0.048,0.07090909090909,0.,0.04465827222802,      579P    822
0.07090909090909,0.,0.04157091833627,0.07381550875866,0.,            579P    823
0.03848356444451,0.07672192660823,0.,0.03612060607607,               579P    824
0.08209228653651,0.,0.03375764770762,0.0874626464648,0.,             579P    825
0.03247882385381,0.09447935985515,0.,0.0312,0.1014960732455,0.,      579P    826
0.0312,0.10909090909091,0.,0.,6.28318530717959,0.,0.,1.;             579P    827
102,1,579;                                                           581P    828
124,-1.,0.,-0.,-0.0565,-0.,0.,1.,0.075,0.,1.,0.,0.0519;              583P    829
100,0.,0.,0.,0.0021,0.,0.0021,-0.;                                   585P    830
102,1,585;                                                           587P    831
142,1,519,581,587,2;                                                 589P    832
126,32,2,1,1,1,1,0.,0.,0.,0.39269908169872,0.39269908169872,         591P    833
0.78539816339745,0.78539816339745,1.17809724509617,                  591P    834
1.17809724509617,1.5707963267949,1.5707963267949,                    591P    835
1.96349540849362,1.96349540849362,2.35619449019234,                  591P    836
2.35619449019234,2.74889357189107,2.74889357189107,                  591P    837
3.14159265358979,3.14159265358979,3.53429173528852,                  591P    838
3.53429173528852,3.92699081698724,3.92699081698724,                  591P    839
4.31968989868597,4.31968989868597,4.71238898038469,                  591P    840
4.71238898038469,5.10508806208341,5.10508806208341,                  591P    841
5.49778714378214,5.49778714378214,5.89048622548086,                  591P    842
5.89048622548086,6.28318530717959,6.28318530717959,                  591P    843
6.28318530717959,1.,1.,1.,1.,1.,1.,1.,1.,1.,1.,1.,1.,1.,1.,1.,       591P    844
1.,1.,1.,1.,1.,1.,1.,1.,1.,1.,1.,1.,1.,1.,1.,1.,1.,1.,0.0312,        591P    845
0.89090909090909,0.,0.0312,0.8985039267545,0.,0.03247882385381,      591P    846
0.90552064014485,0.,0.03375764770762,0.9125373535352,0.,             591P    847
0.03612060607607,0.91790771346349,0.,0.03848356444451,               591P    848
0.92327807339177,0.,0.04157091833627,0.92618449124134,0.,            591P    849
0.04465827222802,0.92909090909091,0.,0.048,0.92909090909091,0.,      591P    850
0.05134172777198,0.92909090909091,0.,0.05442908166373,               591P    851
0.92618449124134,0.,0.05751643555549,0.92327807339177,0.,            591P    852
0.05987939392393,0.91790771346349,0.,0.06224235229238,               591P    853
0.9125373535352,0.,0.06352117614619,0.90552064014485,0.,0.0648,      591P    854
0.8985039267545,0.,0.0648,0.89090909090909,0.,0.0648,                591P    855
0.88331425506369,0.,0.06352117614619,0.87629754167333,0.,            591P    856
0.06224235229238,0.86928082828298,0.,0.05987939392393,               591P    857
0.8639104683547,0.,0.05751643555549,0.85854010842641,0.,             591P    858
0.05442908166373,0.85563369057684,0.,0.05134172777198,               591P    859
0.85272727272727,0.,0.048,0.85272727272727,0.,0.04465827222802,      591P    860
0.85272727272727,0.,0.04157091833627,0.85563369057684,0.,            591P    861
0.03848356444451,0.85854010842641,0.,0.03612060607607,               591P    862
0.8639104683547,0.,0.03375764770762,0.86928082828298,0.,             591P    863
0.03247882385381,0.87629754167333,0.,0.0312,0.88331425506369,0.,     591P    864
0.0312,0.89090909090909,0.,0.,6.28318530717959,0.,0.,1.;             591P    865
102,1,591;                                                           593P    866
124,-1.,0.,-0.,-0.0565,-0.,0.,1.,0.075,0.,1.,0.,0.0949;              595P    867
100,0.,0.,0.,0.0021,0.,0.0021,-0.;                                   597P    868
102,1,597;                                                           599P    869
142,1,519,593,599,2;                                                 601P    870
126,32,2,1,1,1,1,0.,0.,0.,0.39269908169872,0.39269908169872,         603P    871
0.78539816339745,0.78539816339745,1.17809724509617,                  603P    872
1.17809724509617,1.5707963267949,1.5707963267949,                    603P    873
1.96349540849362,1.96349540849362,2.35619449019234,                  603P    874
2.35619449019234,2.74889357189107,2.74889357189107,                  603P    875
3.14159265358979,3.14159265358979,3.53429173528852,                  603P    876
3.53429173528852,3.92699081698724,3.92699081698724,                  603P    877
4.31968989868597,4.31968989868597,4.71238898038469,                  603P    878
4.71238898038469,5.10508806208341,5.10508806208341,                  603P    879
5.49778714378214,5.49778714378214,5.89048622548086,                  603P    880
5.89048622548086,6.28318530717959,6.28318530717959,                  603P    881
6.28318530717959,1.,1.,1.,1.,1.,1.,1.,1.,1.,1.,1.,1.,1.,1.,1.,       603P    882
1.,1.,1.,1.,1.,1.,1.,1.,1.,1.,1.,1.,1.,1.,1.,1.,1.,1.,0.9352,        603P    883
0.89090909090909,0.,0.9352,0.8985039267545,0.,0.93647882385381,      603P    884
0.90552064014485,0.,0.93775764770762,0.9125373535352,0.,             603P    885
0.94012060607607,0.91790771346349,0.,0.94248356444451,               603P    886
0.92327807339177,0.,0.94557091833627,0.92618449124134,0.,            603P    887
0.94865827222802,0.92909090909091,0.,0.952,0.92909090909091,0.,      603P    888
0.95534172777198,0.92909090909091,0.,0.95842908166373,               603P    889
0.92618449124134,0.,0.96151643555549,0.92327807339177,0.,            603P    890
0.96387939392393,0.91790771346349,0.,0.96624235229238,               603P    891
0.9125373535352,0.,0.96752117614619,0.90552064014485,0.,0.9688,      603P    892
0.8985039267545,0.,0.9688,0.89090909090909,0.,0.9688,                603P    893
0.88331425506369,0.,0.96752117614619,0.87629754167333,0.,            603P    894
0.96624235229238,0.86928082828298,0.,0.96387939392393,               603P    895
0.8639104683547,0.,0.96151643555549,0.85854010842641,0.,             603P    896
0.95842908166373,0.85563369057684,0.,0.95534172777198,               603P    897
0.85272727272727,0.,0.952,0.85272727272727,0.,0.94865827222802,      603P    898
0.85272727272727,0.,0.94557091833627,0.85563369057684,0.,            603P    899
0.94248356444451,0.85854010842641,0.,0.94012060607607,               603P    900
0.8639104683547,0.,0.93775764770762,0.86928082828298,0.,             603P    901
0.93647882385381,0.87629754167333,0.,0.9352,0.88331425506369,0.,     603P    902
0.9352,0.89090909090909,0.,0.,6.28318530717959,0.,0.,1.;             603P    903
102,1,603;                                                           605P    904
124,-1.,0.,-0.,0.0565,-0.,0.,1.,0.075,0.,1.,0.,0.0949;               607P    905
100,0.,0.,0.,0.0021,0.,0.0021,-0.;                                   609P    906
102,1,609;                                                           611P    907
142,1,519,605,611,2;                                                 613P    908
126,1,1,1,0,1,0,-0.005,-0.005,0.015,0.015,1.,1.,0.0632,              615P    909
0.31818181818182,0.,0.0632,0.68181818181818,0.,-0.005,0.015,0.,      615P    910
0.,1.;                                                               615P    911
126,16,2,1,0,1,0,0.,0.,0.,0.19634954084936,0.19634954084936,         617P    912
0.39269908169872,0.39269908169872,0.58904862254809,                  617P    913
0.58904862254809,0.78539816339745,0.78539816339745,                  617P    914
0.98174770424681,0.98174770424681,1.17809724509617,                  617P    915
1.17809724509617,1.37444678594553,1.37444678594553,                  617P    916
1.5707963267949,1.5707963267949,1.5707963267949,1.,1.,1.,1.,1.,      617P    917
1.,1.,1.,1.,1.,1.,1.,1.,1.,1.,1.,1.,0.0632,0.68181818181818,0.,      617P    918
0.0632,0.69900940858598,0.,0.06467569046503,0.71587031075191,0.,     617P    919
0.06615138093006,0.73273121291783,0.,0.06904605190313,               617P    920
0.74861383546736,0.,0.0719407228762,0.76449645801689,0.,             617P    921
0.07614313377516,0.77879044067251,0.,0.08034554467413,               617P    922
0.79308442332814,0.,0.08569419920487,0.80524045635256,0.,            617P    923
0.09104285373562,0.81739648937699,0.,0.09733220610409,               617P    924
0.82694742323826,0.,0.10362155847257,0.83649835709954,0.,            617P    925
0.11060991239436,0.84307715476561,0.,0.11759826631615,               617P    926
0.84965595243167,0.,0.12501706326916,0.85300979439765,0.,            617P    927
0.13243586022217,0.85636363636364,0.,0.14,0.85636363636364,0.,       617P    928
0.,1.5707963267949,0.,0.,1.;                                         617P    929
126,1,1,1,0,1,0,-0.0675,-0.0675,0.0225,0.0225,1.,1.,0.14,            619P    930
0.85636363636364,0.,0.86,0.85636363636364,0.,-0.0675,0.0225,0.,      619P    931
0.,1.;                                                               619P    932
126,16,2,1,0,1,0,1.5707963267949,1.5707963267949,                    621P    933
1.5707963267949,1.76714586764426,1.76714586764426,                   621P    934
1.96349540849362,1.96349540849362,2.15984494934298,                  621P    935
2.15984494934298,2.35619449019234,2.35619449019234,                  621P    936
2.55254403104171,2.55254403104171,2.74889357189107,                  621P    937
2.74889357189107,2.94524311274043,2.94524311274043,                  621P    938
3.14159265358979,3.14159265358979,3.14159265358979,1.,1.,1.,1.,      621P    939
1.,1.,1.,1.,1.,1.,1.,1.,1.,1.,1.,1.,1.,0.86,0.85636363636364,0.,     621P    940
0.86756413977783,0.85636363636364,0.,0.87498293673084,               621P    941
0.85300979439765,0.,0.88240173368385,0.84965595243167,0.,            621P    942
0.88939008760564,0.84307715476561,0.,0.89637844152743,               621P    943
0.83649835709954,0.,0.90266779389591,0.82694742323826,0.,            621P    944
0.90895714626438,0.81739648937699,0.,0.91430580079513,               621P    945
0.80524045635256,0.,0.91965445532587,0.79308442332814,0.,            621P    946
0.92385686622484,0.77879044067251,0.,0.9280592771238,                621P    947
0.76449645801689,0.,0.93095394809687,0.74861383546736,0.,            621P    948
0.93384861906994,0.73273121291783,0.,0.93532430953497,               621P    949
0.71587031075191,0.,0.9368,0.69900940858598,0.,0.9368,               621P    950
0.68181818181818,0.,1.5707963267949,3.14159265358979,0.,0.,1.;       621P    951
126,1,1,1,0,1,0,-0.01,-0.01,0.01,0.01,1.,1.,0.9368,                  623P    952
0.68181818181818,0.,0.9368,0.31818181818182,0.,-0.01,0.01,0.,0.,     623P    953
1.;                                                                  623P    954
126,16,2,1,0,1,0,3.14159265358979,3.14159265358979,                  625P    955
3.14159265358979,3.33794219443916,3.33794219443916,                  625P    956
3.53429173528852,3.53429173528852,3.73064127613788,                  625P    957
3.73064127613788,3.92699081698724,3.92699081698724,                  625P    958
4.1233403578366,4.1233403578366,4.31968989868597,                    625P    959
4.31968989868597,4.51603943953533,4.51603943953533,                  625P    960
4.71238898038469,4.71238898038469,4.71238898038469,1.,1.,1.,1.,      625P    961
1.,1.,1.,1.,1.,1.,1.,1.,1.,1.,1.,1.,1.,0.9368,0.31818181818182,      625P    962
0.,0.9368,0.30099059141402,0.,0.93532430953497,0.28412968924809,     625P    963
0.,0.93384861906994,0.26726878708217,0.,0.93095394809687,            625P    964
0.25138616453264,0.,0.9280592771238,0.23550354198311,0.,             625P    965
0.92385686622484,0.22120955932749,0.,0.91965445532587,               625P    966
0.20691557667186,0.,0.91430580079513,0.19475954364744,0.,            625P    967
0.90895714626438,0.18260351062301,0.,0.90266779389591,               625P    968
0.17305257676174,0.,0.89637844152743,0.16350164290046,0.,            625P    969
0.88939008760564,0.15692284523439,0.,0.88240173368385,               625P    970
0.15034404756833,0.,0.87498293673084,0.14699020560235,0.,            625P    971
0.86756413977783,0.14363636363636,0.,0.86,0.14363636363636,0.,       625P    972
3.14159265358979,4.71238898038469,0.,0.,1.;                          625P    973
126,1,1,1,0,1,0,-0.045,-0.045,0.045,0.045,1.,1.,0.86,                627P    974
0.14363636363636,0.,0.14,0.14363636363636,0.,-0.045,0.045,0.,0.,     627P    975
1.;                                                                  627P    976
126,16,2,1,0,1,0,4.71238898038469,4.71238898038469,                  629P    977
4.71238898038469,4.90873852123405,4.90873852123405,                  629P    978
5.10508806208341,5.10508806208341,5.30143760293278,                  629P    979
5.30143760293278,5.49778714378214,5.49778714378214,                  629P    980
5.6941366846315,5.6941366846315,5.89048622548086,                    629P    981
5.89048622548086,6.08683576633022,6.08683576633022,                  629P    982
6.28318530717959,6.28318530717959,6.28318530717959,1.,1.,1.,1.,      629P    983
1.,1.,1.,1.,1.,1.,1.,1.,1.,1.,1.,1.,1.,0.14,0.14363636363636,0.,     629P    984
0.13243586022217,0.14363636363636,0.,0.12501706326916,               629P    985
0.14699020560235,0.,0.11759826631615,0.15034404756833,0.,            629P    986
0.11060991239436,0.15692284523439,0.,0.10362155847257,               629P    987
0.16350164290046,0.,0.09733220610409,0.17305257676174,0.,            629P    988
0.09104285373562,0.18260351062301,0.,0.08569419920487,               629P    989
0.19475954364744,0.,0.08034554467413,0.20691557667186,0.,            629P    990
0.07614313377516,0.22120955932749,0.,0.0719407228762,                629P    991
0.23550354198311,0.,0.06904605190313,0.25138616453264,0.,            629P    992
0.06615138093006,0.26726878708217,0.,0.06467569046503,               629P    993
0.28412968924809,0.,0.0632,0.30099059141402,0.,0.0632,               629P    994
0.31818181818182,0.,4.71238898038469,6.28318530717959,0.,0.,1.;      629P    995
102,8,615,617,619,621,623,625,627,629;                               631P    996
110,-0.0546,0.075,0.0634,-0.0546,0.075,0.0834;                       633P    997
124,-1.,0.,-0.,-0.045,-0.,0.,1.,0.075,0.,1.,0.,0.0834;               635P    998
100,0.,0.,0.,0.0096,0.,0.,0.0096;                                    637P    999
110,-0.045,0.075,0.093,0.045,0.075,0.093;                            639P   1000
124,-1.,0.,-0.,0.045,-0.,0.,1.,0.075,0.,1.,0.,0.0834;                641P   1001
100,0.,0.,0.,0.,0.0096,-0.0096,0.;                                   643P   1002
110,0.0546,0.075,0.0834,0.0546,0.075,0.0634;                         645P   1003
124,-1.,0.,-0.,0.045,-0.,0.,1.,0.075,0.,1.,0.,0.0634;                647P   1004
100,0.,0.,0.,-0.0096,0.,-0.,-0.0096;                                 649P   1005
110,0.045,0.075,0.0538,-0.045,0.075,0.0538;                          651P   1006
124,-1.,0.,-0.,-0.045,-0.,0.,1.,0.075,0.,1.,0.,0.0634;               653P   1007
100,0.,0.,0.,-0.,-0.0096,0.0096,-0.;                                 655P   1008
102,8,633,637,639,643,645,649,651,655;                               657P   1009
142,1,519,631,657,2;                                                 659P   1010
144,519,1,5,565,577,589,601,613,659;                                 661P   1011
314,64.70588445663452,64.70588445663452,64.70588445663452,10HMix     663P   1012
edColor;                                                             663P   1013
110,0.0625,0.075,0.0559,0.0625,0.077,0.0559;                         665P   1014
122,665,0.0625,0.075,0.0909;                                         667P   1015
126,1,1,1,0,1,0,-0.0175,-0.0175,0.0175,0.0175,1.,1.,0.,1.,0.,0.,     669P   1016
0.,0.,-0.0175,0.0175,0.,0.,1.;                                       669P   1017
126,1,1,1,0,1,0,-0.002,-0.002,0.,0.,1.,1.,0.,0.,0.,1.,0.,0.,         671P   1018
-0.002,0.,0.,0.,1.;                                                  671P   1019
126,1,1,1,0,1,0,-0.0175,-0.0175,0.0175,0.0175,1.,1.,1.,0.,0.,1.,     673P   1020
1.,0.,-0.0175,0.0175,0.,0.,1.;                                       673P   1021
126,1,1,1,0,1,0,0.,0.,0.002,0.002,1.,1.,1.,1.,0.,0.,1.,0.,0.,        675P   1022
0.002,0.,0.,1.;                                                      675P   1023
102,4,669,671,673,675;                                               677P   1024
110,0.0625,0.075,0.0909,0.0625,0.075,0.0559;                         679P   1025
110,0.0625,0.075,0.0559,0.0625,0.077,0.0559;                         681P   1026
110,0.0625,0.077,0.0559,0.0625,0.077,0.0909;                         683P   1027
110,0.0625,0.077,0.0909,0.0625,0.075,0.0909;                         685P   1028
102,4,679,681,683,685;                                               687P   1029
142,1,667,677,687,2;                                                 689P   1030
144,667,1,0,689;                                                     691P   1031
314,64.70588445663452,64.70588445663452,64.70588445663452,10HMix     693P   1032
edColor;                                                             693P   1033
110,0.0525,0.077,0.0559,0.0525,-0.923,0.0559;                        695P   1034
110,0.0625,0.075,0.0559,0.0625,0.077,0.0559;                         697P   1035
120,695,697,0.,6.28318530717959;                                     699P   1036
126,1,1,1,0,1,0,3.14159265358979,3.14159265358979,                   701P   1037
4.71238898038469,4.71238898038469,1.,1.,0.,6.28318530717959,0.,      701P   1038
0.,4.71238898038469,0.,3.14159265358979,4.71238898038469,0.,0.,      701P   1039
1.;                                                                  701P   1040
126,1,1,1,0,1,0,-0.002,-0.002,0.,0.,1.,1.,0.,4.71238898038469,       703P   1041
0.,1.,4.71238898038469,0.,-0.002,0.,0.,0.,1.;                        703P   1042
126,1,1,1,0,1,0,-4.71238898038469,-4.71238898038469,                 705P   1043
-3.14159265358979,-3.14159265358979,1.,1.,1.,4.71238898038469,       705P   1044
0.,1.,6.28318530717959,0.,-4.71238898038469,-3.14159265358979,       705P   1045
0.,0.,1.;                                                            705P   1046
126,1,1,1,0,1,0,0.,0.,0.002,0.002,1.,1.,1.,6.28318530717959,0.,      707P   1047
0.,6.28318530717959,0.,0.,0.002,0.,0.,1.;                            707P   1048
102,4,701,703,705,707;                                               709P   1049
124,-1.,0.,-0.,0.0525,-0.,0.,1.,0.075,0.,1.,0.,0.0559;               711P   1050
100,0.,0.,0.,-0.01,0.,-0.,-0.01;                                     713P   1051
110,0.0525,0.075,0.0459,0.0525,0.077,0.0459;                         715P   1052
124,-1.,0.,0.,0.0525,-0.,0.,-1.,0.077,0.,-1.,0.,0.0559;              717P   1053
100,0.,0.,0.,-0.,0.01,-0.01,-0.;                                     719P   1054
110,0.0625,0.077,0.0559,0.0625,0.075,0.0559;                         721P   1055
102,4,713,715,719,721;                                               723P   1056
142,1,699,709,723,2;                                                 725P   1057
144,699,1,0,725;                                                     727P   1058
314,64.70588445663452,64.70588445663452,64.70588445663452,10HMix     729P   1059
edColor;                                                             729P   1060
110,0.0525,0.075,0.0459,-0.0525,0.075,0.0459;                        731P   1061
122,731,0.0525,0.077,0.0459;                                         733P   1062
126,1,1,1,0,1,0,-0.0525,-0.0525,0.0525,0.0525,1.,1.,0.,0.,0.,1.,     735P   1063
0.,0.,-0.0525,0.0525,0.,0.,1.;                                       735P   1064
126,1,1,1,0,1,0,-0.002,-0.002,0.,0.,1.,1.,1.,0.,0.,1.,1.,0.,         737P   1065
-0.002,0.,0.,0.,1.;                                                  737P   1066
126,1,1,1,0,1,0,-0.0525,-0.0525,0.0525,0.0525,1.,1.,1.,1.,0.,0.,     739P   1067
1.,0.,-0.0525,0.0525,0.,0.,1.;                                       739P   1068
126,1,1,1,0,1,0,0.,0.,0.002,0.002,1.,1.,0.,1.,0.,0.,0.,0.,0.,        741P   1069
0.002,0.,0.,1.;                                                      741P   1070
102,4,735,737,739,741;                                               743P   1071
110,0.0525,0.075,0.0459,-0.0525,0.075,0.0459;                        745P   1072
110,-0.0525,0.075,0.0459,-0.0525,0.077,0.0459;                       747P   1073
110,-0.0525,0.077,0.0459,0.0525,0.077,0.0459;                        749P   1074
110,0.0525,0.077,0.0459,0.0525,0.075,0.0459;                         751P   1075
102,4,745,747,749,751;                                               753P   1076
142,1,733,743,753,2;                                                 755P   1077
144,733,1,0,755;                                                     757P   1078
314,64.70588445663452,64.70588445663452,64.70588445663452,10HMix     759P   1079
edColor;                                                             759P   1080
110,-0.0525,0.077,0.0559,-0.0525,-0.923,0.0559;                      761P   1081
110,-0.0425,0.075,0.0559,-0.0425,0.077,0.0559;                       763P   1082
120,761,763,0.,6.28318530717959;                                     765P   1083
126,1,1,1,0,1,0,4.71238898038469,4.71238898038469,                   767P   1084
6.28318530717959,6.28318530717959,1.,1.,0.,4.71238898038469,0.,      767P   1085
0.,3.14159265358979,0.,4.71238898038469,6.28318530717959,0.,0.,      767P   1086
1.;                                                                  767P   1087
126,1,1,1,0,1,0,-0.002,-0.002,0.,0.,1.,1.,0.,3.14159265358979,       769P   1088
0.,1.,3.14159265358979,0.,-0.002,0.,0.,0.,1.;                        769P   1089
126,1,1,1,0,1,0,-6.28318530717959,-6.28318530717959,                 771P   1090
-4.71238898038469,-4.71238898038469,1.,1.,1.,3.14159265358979,       771P   1091
0.,1.,4.71238898038469,0.,-6.28318530717959,-4.71238898038469,       771P   1092
0.,0.,1.;                                                            771P   1093
126,1,1,1,0,1,0,0.,0.,0.002,0.002,1.,1.,1.,4.71238898038469,0.,      773P   1094
0.,4.71238898038469,0.,0.,0.002,0.,0.,1.;                            773P   1095
102,4,767,769,771,773;                                               775P   1096
124,-1.,0.,-0.,-0.0525,-0.,0.,1.,0.075,0.,1.,0.,0.0559;              777P   1097
100,0.,0.,0.,-0.,-0.01,0.01,-0.;                                     779P   1098
110,-0.0625,0.075,0.0559,-0.0625,0.077,0.0559;                       781P   1099
124,-1.,0.,0.,-0.0525,-0.,0.,-1.,0.077,0.,-1.,0.,0.0559;             783P   1100
100,0.,0.,0.,0.01,0.,-0.,0.01;                                       785P   1101
110,-0.0525,0.077,0.0459,-0.0525,0.075,0.0459;                       787P   1102
102,4,779,781,785,787;                                               789P   1103
142,1,765,775,789,2;                                                 791P   1104
144,765,1,0,791;                                                     793P   1105
314,64.70588445663452,64.70588445663452,64.70588445663452,10HMix     795P   1106
edColor;                                                             795P   1107
110,-0.0625,0.077,0.0559,-0.0625,0.075,0.0559;                       797P   1108
122,797,-0.0625,0.077,0.0909;                                        799P   1109
126,1,1,1,0,1,0,-0.0175,-0.0175,0.0175,0.0175,1.,1.,1.,0.,0.,1.,     801P   1110
1.,0.,-0.0175,0.0175,0.,0.,1.;                                       801P   1111
126,1,1,1,0,1,0,-0.002,-0.002,0.,0.,1.,1.,1.,1.,0.,0.,1.,0.,         803P   1112
-0.002,0.,0.,0.,1.;                                                  803P   1113
126,1,1,1,0,1,0,-0.0175,-0.0175,0.0175,0.0175,1.,1.,0.,1.,0.,0.,     805P   1114
0.,0.,-0.0175,0.0175,0.,0.,1.;                                       805P   1115
126,1,1,1,0,1,0,0.,0.,0.002,0.002,1.,1.,0.,0.,0.,1.,0.,0.,0.,        807P   1116
0.002,0.,0.,1.;                                                      807P   1117
102,4,801,803,805,807;                                               809P   1118
110,-0.0625,0.075,0.0559,-0.0625,0.075,0.0909;                       811P   1119
110,-0.0625,0.075,0.0909,-0.0625,0.077,0.0909;                       813P   1120
110,-0.0625,0.077,0.0909,-0.0625,0.077,0.0559;                       815P   1121
110,-0.0625,0.077,0.0559,-0.0625,0.075,0.0559;                       817P   1122
102,4,811,813,815,817;                                               819P   1123
142,1,799,809,819,2;                                                 821P   1124
144,799,1,0,821;                                                     823P   1125
314,64.70588445663452,64.70588445663452,64.70588445663452,10HMix     825P   1126
edColor;                                                             825P   1127
110,-0.0525,0.077,0.0909,-0.0525,-0.923,0.0909;                      827P   1128
110,-0.0425,0.075,0.0909,-0.0425,0.077,0.0909;                       829P   1129
120,827,829,0.,6.28318530717959;                                     831P   1130
126,1,1,1,0,1,0,0.,0.,1.5707963267949,1.5707963267949,1.,1.,-0.,     833P   1131
3.14159265358979,0.,-0.,1.5707963267949,0.,0.,1.5707963267949,       833P   1132
0.,0.,1.;                                                            833P   1133
126,1,1,1,0,1,0,-0.002,-0.002,0.,0.,1.,1.,-0.,1.5707963267949,       835P   1134
0.,1.,1.5707963267949,0.,-0.002,0.,0.,0.,1.;                         835P   1135
126,1,1,1,0,1,0,-1.5707963267949,-1.5707963267949,0.,0.,1.,1.,       837P   1136
1.,1.5707963267949,0.,1.,3.14159265358979,0.,-1.5707963267949,       837P   1137
0.,0.,0.,1.;                                                         837P   1138
126,1,1,1,0,1,0,0.,0.,0.002,0.002,1.,1.,1.,3.14159265358979,0.,      839P   1139
-0.,3.14159265358979,0.,0.,0.002,0.,0.,1.;                           839P   1140
102,4,833,835,837,839;                                               841P   1141
124,-1.,0.,-0.,-0.0525,-0.,0.,1.,0.075,0.,1.,0.,0.0909;              843P   1142
100,0.,0.,0.,0.01,0.,0.,0.01;                                        845P   1143
110,-0.0525,0.075,0.1009,-0.0525,0.077,0.1009;                       847P   1144
124,-1.,0.,0.,-0.0525,-0.,0.,-1.,0.077,0.,-1.,0.,0.0909;             849P   1145
100,0.,0.,0.,0.,-0.01,0.01,0.;                                       851P   1146
110,-0.0625,0.077,0.0909,-0.0625,0.075,0.0909;                       853P   1147
102,4,845,847,851,853;                                               855P   1148
142,1,831,841,855,2;                                                 857P   1149
144,831,1,0,857;                                                     859P   1150
314,64.70588445663452,64.70588445663452,64.70588445663452,10HMix     861P   1151
edColor;                                                             861P   1152
110,-0.0525,0.075,0.1009,0.0525,0.075,0.1009;                        863P   1153
122,863,-0.0525,0.077,0.1009;                                        865P   1154
126,1,1,1,0,1,0,-0.0525,-0.0525,0.0525,0.0525,1.,1.,0.,0.,0.,1.,     867P   1155
0.,0.,-0.0525,0.0525,0.,0.,1.;                                       867P   1156
126,1,1,1,0,1,0,-0.002,-0.002,0.,0.,1.,1.,1.,0.,0.,1.,1.,0.,         869P   1157
-0.002,0.,0.,0.,1.;                                                  869P   1158
126,1,1,1,0,1,0,-0.0525,-0.0525,0.0525,0.0525,1.,1.,1.,1.,0.,0.,     871P   1159
1.,0.,-0.0525,0.0525,0.,0.,1.;                                       871P   1160
126,1,1,1,0,1,0,0.,0.,0.002,0.002,1.,1.,0.,1.,0.,0.,0.,0.,0.,        873P   1161
0.002,0.,0.,1.;                                                      873P   1162
102,4,867,869,871,873;                                               875P   1163
110,-0.0525,0.075,0.1009,0.0525,0.075,0.1009;                        877P   1164
110,0.0525,0.075,0.1009,0.0525,0.077,0.1009;                         879P   1165
110,0.0525,0.077,0.1009,-0.0525,0.077,0.1009;                        881P   1166
110,-0.0525,0.077,0.1009,-0.0525,0.075,0.1009;                       883P   1167
102,4,877,879,881,883;                                               885P   1168
142,1,865,875,885,2;                                                 887P   1169
144,865,1,0,887;                                                     889P   1170
314,64.70588445663452,64.70588445663452,64.70588445663452,10HMix     891P   1171
edColor;                                                             891P   1172
110,0.0525,0.077,0.0909,0.0525,-0.923,0.0909;                        893P   1173
110,0.0625,0.075,0.0909,0.0625,0.077,0.0909;                         895P   1174
120,893,895,0.,6.28318530717959;                                     897P   1175
126,1,1,1,0,1,0,1.5707963267949,1.5707963267949,                     899P   1176
3.14159265358979,3.14159265358979,1.,1.,-0.,1.5707963267949,0.,      899P   1177
-0.,0.,0.,1.5707963267949,3.14159265358979,0.,0.,1.;                 899P   1178
126,1,1,1,0,1,0,-0.002,-0.002,0.,0.,1.,1.,-0.,0.,0.,1.,0.,0.,        901P   1179
-0.002,0.,0.,0.,1.;                                                  901P   1180
126,1,1,1,0,1,0,-3.14159265358979,-3.14159265358979,                 903P   1181
-1.5707963267949,-1.5707963267949,1.,1.,1.,0.,0.,1.,                 903P   1182
1.5707963267949,0.,-3.14159265358979,-1.5707963267949,0.,0.,1.;      903P   1183
126,1,1,1,0,1,0,0.,0.,0.002,0.002,1.,1.,1.,1.5707963267949,0.,       905P   1184
-0.,1.5707963267949,0.,0.,0.002,0.,0.,1.;                            905P   1185
102,4,899,901,903,905;                                               907P   1186
124,-1.,0.,-0.,0.0525,-0.,0.,1.,0.075,0.,1.,0.,0.0909;               909P   1187
100,0.,0.,0.,0.,0.01,-0.01,0.;                                       911P   1188
110,0.0625,0.075,0.0909,0.0625,0.077,0.0909;                         913P   1189
124,-1.,0.,0.,0.0525,-0.,0.,-1.,0.077,0.,-1.,0.,0.0909;              915P   1190
100,0.,0.,0.,-0.01,-0.,0.,-0.01;                                     917P   1191
110,0.0525,0.077,0.1009,0.0525,0.075,0.1009;                         919P   1192
102,4,911,913,917,919;                                               921P   1193
142,1,897,907,921,2;                                                 923P   1194
144,897,1,0,923;                                                     925P   1195
314,64.70588445663452,64.70588445663452,64.70588445663452,10HMix     927P   1196
edColor;                                                             927P   1197
110,0.0565,0.0521,0.0949,0.0565,1.0521,0.0949;                       929P   1198
110,0.0544,0.075,0.0949,0.0544,0.076,0.0949;                         931P   1199
120,929,931,0.,6.28318530717959;                                     933P   1200
126,1,1,1,0,1,0,-6.28318530717959,-6.28318530717959,0.,0.,1.,1.,     935P   1201
0.,6.28318530717959,0.,0.,0.,0.,-6.28318530717959,0.,0.,0.,1.;       935P   1202
126,1,1,1,0,1,0,0.,0.,1.,1.,1.,1.,0.,0.,0.,0.,6.28318530717959,      937P   1203
0.,0.,1.,0.,0.,1.;                                                   937P   1204
126,1,1,1,0,1,0,0.0229,0.0229,0.0239,0.0239,1.,1.,0.,                939P   1205
6.28318530717959,0.,1.,6.28318530717959,0.,0.0229,0.0239,0.,0.,      939P   1206
1.;                                                                  939P   1207
126,1,1,1,0,1,0,0.,0.,1.,1.,1.,1.,1.,6.28318530717959,0.,1.,0.,      941P   1208
0.,0.,1.,0.,0.,1.;                                                   941P   1209
126,1,1,1,0,1,0,4.71238898038469,4.71238898038469,                   943P   1210
6.28318530717959,6.28318530717959,1.,1.,1.,0.,0.,1.,                 943P   1211
1.5707963267949,0.,4.71238898038469,6.28318530717959,0.,0.,1.;       943P   1212
126,1,1,1,0,1,0,0.,0.,4.71238898038469,4.71238898038469,1.,1.,       945P   1213
1.,1.5707963267949,0.,1.,6.28318530717959,0.,0.,                     945P   1214
4.71238898038469,0.,0.,1.;                                           945P   1215
126,1,1,1,0,1,0,0.,0.,1.,1.,1.,1.,1.,6.28318530717959,0.,1.,0.,      947P   1216
0.,0.,1.,0.,0.,1.;                                                   947P   1217
126,1,1,1,0,1,0,-0.0239,-0.0239,-0.0229,-0.0229,1.,1.,1.,0.,0.,      949P   1218
0.,0.,0.,-0.0239,-0.0229,0.,0.,1.;                                   949P   1219
126,1,1,1,0,1,0,0.,0.,1.,1.,1.,1.,0.,0.,0.,0.,6.28318530717959,      951P   1220
0.,0.,1.,0.,0.,1.;                                                   951P   1221
102,9,935,937,939,941,943,945,947,949,951;                           953P   1222
124,-1.,0.,0.,0.0565,-0.,0.,-1.,0.075,0.,-1.,0.,0.0949;              955P   1223
100,0.,0.,0.,0.0021,0.,0.0021,0.;                                    957P   1224
110,0.0544,0.075,0.0949,0.0544,0.076,0.0949;                         959P   1225
124,0.,1.,0.,0.0565,0.,0.,1.,0.076,1.,0.,0.,0.0949;                  961P   1226
100,0.,0.,0.,-0.,-0.0021,0.0021,-0.;                                 963P   1227
124,0.,1.,0.,0.0565,0.,0.,1.,0.076,1.,0.,0.,0.0949;                  965P   1228
100,0.,0.,0.,0.0021,0.,-0.,-0.0021;                                  967P   1229
110,0.0544,0.076,0.0949,0.0544,0.075,0.0949;                         969P   1230
102,5,957,959,963,967,969;                                           971P   1231
142,1,933,953,971,2;                                                 973P   1232
144,933,1,0,973;                                                     975P   1233
314,64.70588445663452,64.70588445663452,64.70588445663452,10HMix     977P   1234
edColor;                                                             977P   1235
110,-0.0565,0.0521,0.0949,-0.0565,1.0521,0.0949;                     979P   1236
110,-0.0586,0.075,0.0949,-0.0586,0.076,0.0949;                       981P   1237
120,979,981,0.,6.28318530717959;                                     983P   1238
126,1,1,1,0,1,0,-6.28318530717959,-6.28318530717959,0.,0.,1.,1.,     985P   1239
0.,6.28318530717959,0.,0.,0.,0.,-6.28318530717959,0.,0.,0.,1.;       985P   1240
126,1,1,1,0,1,0,0.,0.,1.,1.,1.,1.,0.,0.,0.,0.,6.28318530717959,      987P   1241
0.,0.,1.,0.,0.,1.;                                                   987P   1242
126,1,1,1,0,1,0,0.0229,0.0229,0.0239,0.0239,1.,1.,0.,                989P   1243
6.28318530717959,0.,1.,6.28318530717959,0.,0.0229,0.0239,0.,0.,      989P   1244
1.;                                                                  989P   1245
126,1,1,1,0,1,0,0.,0.,1.,1.,1.,1.,1.,6.28318530717959,0.,1.,0.,      991P   1246
0.,0.,1.,0.,0.,1.;                                                   991P   1247
126,1,1,1,0,1,0,4.71238898038469,4.71238898038469,                   993P   1248
6.28318530717959,6.28318530717959,1.,1.,1.,0.,0.,1.,                 993P   1249
1.5707963267949,0.,4.71238898038469,6.28318530717959,0.,0.,1.;       993P   1250
126,1,1,1,0,1,0,0.,0.,4.71238898038469,4.71238898038469,1.,1.,       995P   1251
1.,1.5707963267949,0.,1.,6.28318530717959,0.,0.,                     995P   1252
4.71238898038469,0.,0.,1.;                                           995P   1253
126,1,1,1,0,1,0,0.,0.,1.,1.,1.,1.,1.,6.28318530717959,0.,1.,0.,      997P   1254
0.,0.,1.,0.,0.,1.;                                                   997P   1255
126,1,1,1,0,1,0,-0.0239,-0.0239,-0.0229,-0.0229,1.,1.,1.,0.,0.,      999P   1256
0.,0.,0.,-0.0239,-0.0229,0.,0.,1.;                                   999P   1257
126,1,1,1,0,1,0,0.,0.,1.,1.,1.,1.,0.,0.,0.,0.,6.28318530717959,     1001P   1258
0.,0.,1.,0.,0.,1.;                                                  1001P   1259
102,9,985,987,989,991,993,995,997,999,1001;                         1003P   1260
124,-1.,0.,0.,-0.0565,-0.,0.,-1.,0.075,0.,-1.,0.,0.0949;            1005P   1261
100,0.,0.,0.,0.0021,0.,0.0021,0.;                                   1007P   1262
110,-0.0586,0.075,0.0949,-0.0586,0.076,0.0949;                      1009P   1263
124,0.,1.,0.,-0.0565,0.,0.,1.,0.076,1.,0.,0.,0.0949;                1011P   1264
100,0.,0.,0.,-0.,-0.0021,0.0021,-0.;                                1013P   1265
124,0.,1.,0.,-0.0565,0.,0.,1.,0.076,1.,0.,0.,0.0949;                1015P   1266
100,0.,0.,0.,0.0021,0.,-0.,-0.0021;                                 1017P   1267
110,-0.0586,0.076,0.0949,-0.0586,0.075,0.0949;                      1019P   1268
102,5,1007,1009,1013,1017,1019;                                     1021P   1269
142,1,983,1003,1021,2;                                              1023P   1270
144,983,1,0,1023;                                                   1025P   1271
314,64.70588445663452,64.70588445663452,64.70588445663452,10HMix    1027P   1272
edColor;                                                            1027P   1273
110,-0.0565,0.0521,0.0519,-0.0565,1.0521,0.0519;                    1029P   1274
110,-0.0586,0.075,0.0519,-0.0586,0.076,0.0519;                      1031P   1275
120,1029,1031,0.,6.28318530717959;                                  1033P   1276
126,1,1,1,0,1,0,-6.28318530717959,-6.28318530717959,0.,0.,1.,1.,    1035P   1277
0.,6.28318530717959,0.,0.,0.,0.,-6.28318530717959,0.,0.,0.,1.;      1035P   1278
126,1,1,1,0,1,0,0.,0.,1.,1.,1.,1.,0.,0.,0.,0.,6.28318530717959,     1037P   1279
0.,0.,1.,0.,0.,1.;                                                  1037P   1280
126,1,1,1,0,1,0,0.0229,0.0229,0.0239,0.0239,1.,1.,0.,               1039P   1281
6.28318530717959,0.,1.,6.28318530717959,0.,0.0229,0.0239,0.,0.,     1039P   1282
1.;                                                                 1039P   1283
126,1,1,1,0,1,0,0.,0.,1.,1.,1.,1.,1.,6.28318530717959,0.,1.,0.,     1041P   1284
0.,0.,1.,0.,0.,1.;                                                  1041P   1285
126,1,1,1,0,1,0,4.71238898038469,4.71238898038469,                  1043P   1286
6.28318530717959,6.28318530717959,1.,1.,1.,0.,0.,1.,                1043P   1287
1.5707963267949,0.,4.71238898038469,6.28318530717959,0.,0.,1.;      1043P   1288
126,1,1,1,0,1,0,0.,0.,4.71238898038469,4.71238898038469,1.,1.,      1045P   1289
1.,1.5707963267949,0.,1.,6.28318530717959,0.,0.,                    1045P   1290
4.71238898038469,0.,0.,1.;                                          1045P   1291
126,1,1,1,0,1,0,0.,0.,1.,1.,1.,1.,1.,6.28318530717959,0.,1.,0.,     1047P   1292
0.,0.,1.,0.,0.,1.;                                                  1047P   1293
126,1,1,1,0,1,0,-0.0239,-0.0239,-0.0229,-0.0229,1.,1.,1.,0.,0.,     1049P   1294
0.,0.,0.,-0.0239,-0.0229,0.,0.,1.;                                  1049P   1295
126,1,1,1,0,1,0,0.,0.,1.,1.,1.,1.,0.,0.,0.,0.,6.28318530717959,     1051P   1296
0.,0.,1.,0.,0.,1.;                                                  1051P   1297
102,9,1035,1037,1039,1041,1043,1045,1047,1049,1051;                 1053P   1298
124,-1.,0.,0.,-0.0565,-0.,0.,-1.,0.075,0.,-1.,0.,0.0519;            1055P   1299
100,0.,0.,0.,0.0021,0.,0.0021,0.;                                   1057P   1300
110,-0.0586,0.075,0.0519,-0.0586,0.076,0.0519;                      1059P   1301
124,0.,1.,0.,-0.0565,0.,0.,1.,0.076,1.,0.,0.,0.0519;                1061P   1302
100,0.,0.,0.,-0.,-0.0021,0.0021,-0.;                                1063P   1303
124,0.,1.,0.,-0.0565,0.,0.,1.,0.076,1.,0.,0.,0.0519;                1065P   1304
100,0.,0.,0.,0.0021,0.,-0.,-0.0021;                                 1067P   1305
110,-0.0586,0.076,0.0519,-0.0586,0.075,0.0519;                      1069P   1306
102,5,1057,1059,1063,1067,1069;                                     1071P   1307
142,1,1033,1053,1071,2;                                             1073P   1308
144,1033,1,0,1073;                                                  1075P   1309
314,64.70588445663452,64.70588445663452,64.70588445663452,10HMix    1077P   1310
edColor;                                                            1077P   1311
110,0.0565,0.0521,0.0519,0.0565,1.0521,0.0519;                      1079P   1312
110,0.0544,0.075,0.0519,0.0544,0.076,0.0519;                        1081P   1313
120,1079,1081,0.,6.28318530717959;                                  1083P   1314
126,1,1,1,0,1,0,-6.28318530717959,-6.28318530717959,0.,0.,1.,1.,    1085P   1315
0.,6.28318530717959,0.,0.,0.,0.,-6.28318530717959,0.,0.,0.,1.;      1085P   1316
126,1,1,1,0,1,0,0.,0.,1.,1.,1.,1.,0.,0.,0.,0.,6.28318530717959,     1087P   1317
0.,0.,1.,0.,0.,1.;                                                  1087P   1318
126,1,1,1,0,1,0,0.0229,0.0229,0.0239,0.0239,1.,1.,0.,               1089P   1319
6.28318530717959,0.,1.,6.28318530717959,0.,0.0229,0.0239,0.,0.,     1089P   1320
1.;                                                                 1089P   1321
126,1,1,1,0,1,0,0.,0.,1.,1.,1.,1.,1.,6.28318530717959,0.,1.,0.,     1091P   1322
0.,0.,1.,0.,0.,1.;                                                  1091P   1323
126,1,1,1,0,1,0,4.71238898038469,4.71238898038469,                  1093P   1324
6.28318530717959,6.28318530717959,1.,1.,1.,0.,0.,1.,                1093P   1325
1.5707963267949,0.,4.71238898038469,6.28318530717959,0.,0.,1.;      1093P   1326
126,1,1,1,0,1,0,0.,0.,4.71238898038469,4.71238898038469,1.,1.,      1095P   1327
1.,1.5707963267949,0.,1.,6.28318530717959,0.,0.,                    1095P   1328
4.71238898038469,0.,0.,1.;                                          1095P   1329
126,1,1,1,0,1,0,0.,0.,1.,1.,1.,1.,1.,6.28318530717959,0.,1.,0.,     1097P   1330
0.,0.,1.,0.,0.,1.;                                                  1097P   1331
126,1,1,1,0,1,0,-0.0239,-0.0239,-0.0229,-0.0229,1.,1.,1.,0.,0.,     1099P   1332
0.,0.,0.,-0.0239,-0.0229,0.,0.,1.;                                  1099P   1333
126,1,1,1,0,1,0,0.,0.,1.,1.,1.,1.,0.,0.,0.,0.,6.28318530717959,     1101P   1334
0.,0.,1.,0.,0.,1.;                                                  1101P   1335
102,9,1085,1087,1089,1091,1093,1095,1097,1099,1101;                 1103P   1336
124,-1.,0.,0.,0.0565,-0.,0.,-1.,0.075,0.,-1.,0.,0.0519;             1105P   1337
100,0.,0.,0.,0.0021,0.,0.0021,0.;                                   1107P   1338
110,0.0544,0.075,0.0519,0.0544,0.076,0.0519;                        1109P   1339
124,0.,1.,0.,0.0565,0.,0.,1.,0.076,1.,0.,0.,0.0519;                 1111P   1340
100,0.,0.,0.,-0.,-0.0021,0.0021,-0.;                                1113P   1341
124,0.,1.,0.,0.0565,0.,0.,1.,0.076,1.,0.,0.,0.0519;                 1115P   1342
100,0.,0.,0.,0.0021,0.,-0.,-0.0021;                                 1117P   1343
110,0.0544,0.076,0.0519,0.0544,0.075,0.0519;                        1119P   1344
102,5,1107,1109,1113,1117,1119;                                     1121P   1345
142,1,1083,1103,1121,2;                                             1123P   1346
144,1083,1,0,1123;                                                  1125P   1347
314,64.70588445663452,64.70588445663452,64.70588445663452,10HMix    1127P   1348
edColor;                                                            1127P   1349
110,0.0565,0.076,0.0519,0.0565,-0.924,0.0519;                       1129P   1350
110,0.0565,0.077,0.055,0.0565,0.076,0.054;                          1131P   1351
120,1129,1131,0.,6.28318530717959;                                  1133P   1352
126,1,1,1,0,1,0,-6.28318530717959,-6.28318530717959,                1135P   1353
-4.71238898038469,-4.71238898038469,1.,1.,1.,0.,0.,1.,              1135P   1354
1.5707963267949,0.,-6.28318530717959,-4.71238898038469,0.,0.,1.;    1135P   1355
126,1,1,1,0,1,0,-4.71238898038469,-4.71238898038469,0.,0.,1.,1.,    1137P   1356
1.,1.5707963267949,0.,1.,6.28318530717959,0.,-4.71238898038469,     1137P   1357
0.,0.,0.,1.;                                                        1137P   1358
126,1,1,1,0,1,0,0.,0.,1.,1.,1.,1.,1.,6.28318530717959,0.,1.,0.,     1139P   1359
0.,0.,1.,0.,0.,1.;                                                  1139P   1360
126,1,1,1,0,1,0,0.,0.,0.00141421356237,0.00141421356237,1.,1.,      1141P   1361
1.,0.,0.,0.,0.,0.,0.,0.00141421356237,0.,0.,1.;                     1141P   1362
126,1,1,1,0,1,0,0.,0.,1.,1.,1.,1.,0.,0.,0.,0.,6.28318530717959,     1143P   1363
0.,0.,1.,0.,0.,1.;                                                  1143P   1364
126,1,1,1,0,1,0,1.5707963267949,1.5707963267949,                    1145P   1365
7.85398163397448,7.85398163397448,1.,1.,0.,6.28318530717959,0.,     1145P   1366
0.,0.,0.,1.5707963267949,7.85398163397448,0.,0.,1.;                 1145P   1367
126,1,1,1,0,1,0,0.,0.,1.,1.,1.,1.,0.,0.,0.,0.,6.28318530717959,     1147P   1368
0.,0.,1.,0.,0.,1.;                                                  1147P   1369
126,1,1,1,0,1,0,-0.00141421356237,-0.00141421356237,0.,0.,1.,1.,    1149P   1370
0.,6.28318530717959,0.,1.,6.28318530717959,0.,-0.00141421356237,    1149P   1371
0.,0.,0.,1.;                                                        1149P   1372
126,1,1,1,0,1,0,0.,0.,1.,1.,1.,1.,1.,6.28318530717959,0.,1.,0.,     1151P   1373
0.,0.,1.,0.,0.,1.;                                                  1151P   1374
102,9,1135,1137,1139,1141,1143,1145,1147,1149,1151;                 1153P   1375
124,0.,-1.,0.,0.0565,0.,0.,-1.,0.076,1.,0.,0.,0.0519;               1155P   1376
100,0.,0.,0.,0.0021,0.,-0.,0.0021;                                  1157P   1377
124,0.,-1.,0.,0.0565,0.,0.,-1.,0.076,1.,0.,0.,0.0519;               1159P   1378
100,0.,0.,0.,-0.,0.0021,0.0021,0.;                                  1161P   1379
110,0.0565,0.076,0.054,0.0565,0.077,0.055;                          1163P   1380
124,-1.,0.,-0.,0.0565,-0.,0.,1.,0.077,0.,1.,0.,0.0519;              1165P   1381
100,0.,0.,0.,0.,0.0031,0.,0.0031;                                   1167P   1382
110,0.0565,0.077,0.055,0.0565,0.076,0.054;                          1169P   1383
102,5,1157,1161,1163,1167,1169;                                     1171P   1384
142,1,1133,1153,1171,2;                                             1173P   1385
144,1133,1,0,1173;                                                  1175P   1386
314,64.70588445663452,64.70588445663452,64.70588445663452,10HMix    1177P   1387
edColor;                                                            1177P   1388
110,-0.0565,0.076,0.0519,-0.0565,-0.924,0.0519;                     1179P   1389
110,-0.0565,0.077,0.055,-0.0565,0.076,0.054;                        1181P   1390
120,1179,1181,0.,6.28318530717959;                                  1183P   1391
126,1,1,1,0,1,0,-6.28318530717959,-6.28318530717959,                1185P   1392
-4.71238898038469,-4.71238898038469,1.,1.,1.,0.,0.,1.,              1185P   1393
1.5707963267949,0.,-6.28318530717959,-4.71238898038469,0.,0.,1.;    1185P   1394
126,1,1,1,0,1,0,-4.71238898038469,-4.71238898038469,0.,0.,1.,1.,    1187P   1395
1.,1.5707963267949,0.,1.,6.28318530717959,0.,-4.71238898038469,     1187P   1396
0.,0.,0.,1.;                                                        1187P   1397
126,1,1,1,0,1,0,0.,0.,1.,1.,1.,1.,1.,6.28318530717959,0.,1.,0.,     1189P   1398
0.,0.,1.,0.,0.,1.;                                                  1189P   1399
126,1,1,1,0,1,0,0.,0.,0.00141421356237,0.00141421356237,1.,1.,      1191P   1400
1.,0.,0.,0.,0.,0.,0.,0.00141421356237,0.,0.,1.;                     1191P   1401
126,1,1,1,0,1,0,0.,0.,1.,1.,1.,1.,0.,0.,0.,0.,6.28318530717959,     1193P   1402
0.,0.,1.,0.,0.,1.;                                                  1193P   1403
126,1,1,1,0,1,0,1.5707963267949,1.5707963267949,                    1195P   1404
7.85398163397448,7.85398163397448,1.,1.,0.,6.28318530717959,0.,     1195P   1405
0.,0.,0.,1.5707963267949,7.85398163397448,0.,0.,1.;                 1195P   1406
126,1,1,1,0,1,0,0.,0.,1.,1.,1.,1.,0.,0.,0.,0.,6.28318530717959,     1197P   1407
0.,0.,1.,0.,0.,1.;                                                  1197P   1408
126,1,1,1,0,1,0,-0.00141421356237,-0.00141421356237,0.,0.,1.,1.,    1199P   1409
0.,6.28318530717959,0.,1.,6.28318530717959,0.,-0.00141421356237,    1199P   1410
0.,0.,0.,1.;                                                        1199P   1411
126,1,1,1,0,1,0,0.,0.,1.,1.,1.,1.,1.,6.28318530717959,0.,1.,0.,     1201P   1412
0.,0.,1.,0.,0.,1.;                                                  1201P   1413
102,9,1185,1187,1189,1191,1193,1195,1197,1199,1201;                 1203P   1414
124,0.,-1.,0.,-0.0565,0.,0.,-1.,0.076,1.,0.,0.,0.0519;              1205P   1415
100,0.,0.,0.,0.0021,0.,-0.,0.0021;                                  1207P   1416
124,0.,-1.,0.,-0.0565,0.,0.,-1.,0.076,1.,0.,0.,0.0519;              1209P   1417
100,0.,0.,0.,-0.,0.0021,0.0021,0.;                                  1211P   1418
110,-0.0565,0.076,0.054,-0.0565,0.077,0.055;                        1213P   1419
124,-1.,0.,-0.,-0.0565,-0.,0.,1.,0.077,0.,1.,0.,0.0519;             1215P   1420
100,0.,0.,0.,0.,0.0031,0.,0.0031;                                   1217P   1421
110,-0.0565,0.077,0.055,-0.0565,0.076,0.054;                        1219P   1422
102,5,1207,1211,1213,1217,1219;                                     1221P   1423
142,1,1183,1203,1221,2;                                             1223P   1424
144,1183,1,0,1223;                                                  1225P   1425
314,64.70588445663452,64.70588445663452,64.70588445663452,10HMix    1227P   1426
edColor;                                                            1227P   1427
110,-0.0565,0.076,0.0949,-0.0565,-0.924,0.0949;                     1229P   1428
110,-0.0565,0.077,0.098,-0.0565,0.076,0.097;                        1231P   1429
120,1229,1231,0.,6.28318530717959;                                  1233P   1430
126,1,1,1,0,1,0,-6.28318530717959,-6.28318530717959,                1235P   1431
-4.71238898038469,-4.71238898038469,1.,1.,1.,0.,0.,1.,              1235P   1432
1.5707963267949,0.,-6.28318530717959,-4.71238898038469,0.,0.,1.;    1235P   1433
126,1,1,1,0,1,0,-4.71238898038469,-4.71238898038469,0.,0.,1.,1.,    1237P   1434
1.,1.5707963267949,0.,1.,6.28318530717959,0.,-4.71238898038469,     1237P   1435
0.,0.,0.,1.;                                                        1237P   1436
126,1,1,1,0,1,0,0.,0.,1.,1.,1.,1.,1.,6.28318530717959,0.,1.,0.,     1239P   1437
0.,0.,1.,0.,0.,1.;                                                  1239P   1438
126,1,1,1,0,1,0,0.,0.,0.00141421356237,0.00141421356237,1.,1.,      1241P   1439
1.,0.,0.,0.,0.,0.,0.,0.00141421356237,0.,0.,1.;                     1241P   1440
126,1,1,1,0,1,0,0.,0.,1.,1.,1.,1.,0.,0.,0.,0.,6.28318530717959,     1243P   1441
0.,0.,1.,0.,0.,1.;                                                  1243P   1442
126,1,1,1,0,1,0,1.5707963267949,1.5707963267949,                    1245P   1443
7.85398163397448,7.85398163397448,1.,1.,0.,6.28318530717959,0.,     1245P   1444
0.,0.,0.,1.5707963267949,7.85398163397448,0.,0.,1.;                 1245P   1445
126,1,1,1,0,1,0,0.,0.,1.,1.,1.,1.,0.,0.,0.,0.,6.28318530717959,     1247P   1446
0.,0.,1.,0.,0.,1.;                                                  1247P   1447
126,1,1,1,0,1,0,-0.00141421356237,-0.00141421356237,0.,0.,1.,1.,    1249P   1448
0.,6.28318530717959,0.,1.,6.28318530717959,0.,-0.00141421356237,    1249P   1449
0.,0.,0.,1.;                                                        1249P   1450
126,1,1,1,0,1,0,0.,0.,1.,1.,1.,1.,1.,6.28318530717959,0.,1.,0.,     1251P   1451
0.,0.,1.,0.,0.,1.;                                                  1251P   1452
102,9,1235,1237,1239,1241,1243,1245,1247,1249,1251;                 1253P   1453
124,0.,-1.,0.,-0.0565,0.,0.,-1.,0.076,1.,0.,0.,0.0949;              1255P   1454
100,0.,0.,0.,0.0021,0.,-0.,0.0021;                                  1257P   1455
124,0.,-1.,0.,-0.0565,0.,0.,-1.,0.076,1.,0.,0.,0.0949;              1259P   1456
100,0.,0.,0.,-0.,0.0021,0.0021,0.;                                  1261P   1457
110,-0.0565,0.076,0.097,-0.0565,0.077,0.098;                        1263P   1458
124,-1.,0.,-0.,-0.0565,-0.,0.,1.,0.077,0.,1.,0.,0.0949;             1265P   1459
100,0.,0.,0.,0.,0.0031,0.,0.0031;                                   1267P   1460
110,-0.0565,0.077,0.098,-0.0565,0.076,0.097;                        1269P   1461
102,5,1257,1261,1263,1267,1269;                                     1271P   1462
142,1,1233,1253,1271,2;                                             1273P   1463
144,1233,1,0,1273;                                                  1275P   1464
314,64.70588445663452,64.70588445663452,64.70588445663452,10HMix    1277P   1465
edColor;                                                            1277P   1466
110,0.0565,0.076,0.0949,0.0565,-0.924,0.0949;                       1279P   1467
110,0.0565,0.077,0.098,0.0565,0.076,0.097;                          1281P   1468
120,1279,1281,0.,6.28318530717959;                                  1283P   1469
126,1,1,1,0,1,0,-6.28318530717959,-6.28318530717959,                1285P   1470
-4.71238898038469,-4.71238898038469,1.,1.,1.,0.,0.,1.,              1285P   1471
1.5707963267949,0.,-6.28318530717959,-4.71238898038469,0.,0.,1.;    1285P   1472
126,1,1,1,0,1,0,-4.71238898038469,-4.71238898038469,0.,0.,1.,1.,    1287P   1473
1.,1.5707963267949,0.,1.,6.28318530717959,0.,-4.71238898038469,     1287P   1474
0.,0.,0.,1.;                                                        1287P   1475
126,1,1,1,0,1,0,0.,0.,1.,1.,1.,1.,1.,6.28318530717959,0.,1.,0.,     1289P   1476
0.,0.,1.,0.,0.,1.;                                                  1289P   1477
126,1,1,1,0,1,0,0.,0.,0.00141421356237,0.00141421356237,1.,1.,      1291P   1478
1.,0.,0.,0.,0.,0.,0.,0.00141421356237,0.,0.,1.;                     1291P   1479
126,1,1,1,0,1,0,0.,0.,1.,1.,1.,1.,0.,0.,0.,0.,6.28318530717959,     1293P   1480
0.,0.,1.,0.,0.,1.;                                                  1293P   1481
126,1,1,1,0,1,0,1.5707963267949,1.5707963267949,                    1295P   1482
7.85398163397448,7.85398163397448,1.,1.,0.,6.28318530717959,0.,     1295P   1483
0.,0.,0.,1.5707963267949,7.85398163397448,0.,0.,1.;                 1295P   1484
126,1,1,1,0,1,0,0.,0.,1.,1.,1.,1.,0.,0.,0.,0.,6.28318530717959,     1297P   1485
0.,0.,1.,0.,0.,1.;                                                  1297P   1486
126,1,1,1,0,1,0,-0.00141421356237,-0.00141421356237,0.,0.,1.,1.,    1299P   1487
0.,6.28318530717959,0.,1.,6.28318530717959,0.,-0.00141421356237,    1299P   1488
0.,0.,0.,1.;                                                        1299P   1489
126,1,1,1,0,1,0,0.,0.,1.,1.,1.,1.,1.,6.28318530717959,0.,1.,0.,     1301P   1490
0.,0.,1.,0.,0.,1.;                                                  1301P   1491
102,9,1285,1287,1289,1291,1293,1295,1297,1299,1301;                 1303P   1492
124,0.,-1.,0.,0.0565,0.,0.,-1.,0.076,1.,0.,0.,0.0949;               1305P   1493
100,0.,0.,0.,0.0021,0.,-0.,0.0021;                                  1307P   1494
124,0.,-1.,0.,0.0565,0.,0.,-1.,0.076,1.,0.,0.,0.0949;               1309P   1495
100,0.,0.,0.,-0.,0.0021,0.0021,0.;                                  1311P   1496
110,0.0565,0.076,0.097,0.0565,0.077,0.098;                          1313P   1497
124,-1.,0.,-0.,0.0565,-0.,0.,1.,0.077,0.,1.,0.,0.0949;              1315P   1498
100,0.,0.,0.,0.,0.0031,0.,0.0031;                                   1317P   1499
110,0.0565,0.077,0.098,0.0565,0.076,0.097;                          1319P   1500
102,5,1307,1311,1313,1317,1319;                                     1321P   1501
142,1,1283,1303,1321,2;                                             1323P   1502
144,1283,1,0,1323;                                                  1325P   1503
314,64.70588445663452,64.70588445663452,64.70588445663452,10HMix    1327P   1504
edColor;                                                            1327P   1505
110,0.05566,0.077,0.0559,-0.05566,0.077,0.0559;                     1329P   1506
122,1329,0.05566,0.113,0.0559;                                      1331P   1507
126,1,1,1,0,1,0,-0.015,-0.015,0.011,0.011,1.,1.,                    1333P   1508
0.90424002874596,0.27777777777778,0.,0.90424002874596,1.,0.,        1333P   1509
-0.015,0.011,0.,0.,1.;                                              1333P   1510
126,1,1,1,0,1,0,-0.045,-0.045,0.045,0.045,1.,1.,                    1335P   1511
0.90424002874596,1.,0.,0.09575997125404,1.,0.,-0.045,0.045,0.,      1335P   1512
0.,1.;                                                              1335P   1513
126,1,1,1,0,1,0,-0.011,-0.011,0.015,0.015,1.,1.,                    1337P   1514
0.09575997125404,1.,0.,0.09575997125404,0.27777777777778,0.,        1337P   1515
-0.011,0.015,0.,0.,1.;                                              1337P   1516
126,16,2,1,0,1,0,-6.28318530717959,-6.28318530717959,               1339P   1517
-6.28318530717959,-6.08683576633022,-6.08683576633022,              1339P   1518
-5.89048622548086,-5.89048622548086,-5.6941366846315,               1339P   1519
-5.6941366846315,-5.49778714378214,-5.49778714378214,               1339P   1520
-5.30143760293278,-5.30143760293278,-5.10508806208341,              1339P   1521
-5.10508806208341,-4.90873852123405,-4.90873852123405,              1339P   1522
-4.71238898038469,-4.71238898038469,-4.71238898038469,1.,1.,1.,     1339P   1523
1.,1.,1.,1.,1.,1.,1.,1.,1.,1.,1.,1.,1.,1.,0.09575997125404,         1339P   1524
0.27777777777778,0.,0.09575997125404,0.25041905462301,0.,           1339P   1525
0.09403389152023,0.22358602166219,0.,0.09230781178642,              1339P   1526
0.19675298870136,0.,0.08892198459498,0.17147682434303,0.,           1339P   1527
0.08553615740353,0.1462006599847,0.,0.08062069819462,               1339P   1528
0.12345271305011,0.,0.07570523898571,0.10070476611552,0.,           1339P   1529
0.06944904610012,0.08135922744818,0.,0.06319285321453,              1339P   1530
0.06201368878084,0.,0.05583634863633,0.04681399658263,0.,           1339P   1531
0.04847984405813,0.03161430438441,0.,0.04030573413269,              1339P   1532
0.02114457430242,0.,0.03213162420725,0.01067484422043,0.,           1339P   1533
0.02345403539491,0.00533742211021,0.,0.01477644658257,0.,0.,        1339P   1534
0.00592885375494,0.,0.,-6.28318530717959,-4.71238898038469,0.,      1339P   1535
0.,1.;                                                              1339P   1536
126,1,1,1,0,1,0,-0.055,-0.055,0.055,0.055,1.,1.,                    1341P   1537
0.00592885375494,0.,0.,0.99407114624506,0.,0.,-0.055,0.055,0.,      1341P   1538
0.,1.;                                                              1341P   1539
126,16,2,1,0,1,0,-4.71238898038469,-4.71238898038469,               1343P   1540
-4.71238898038469,-4.51603943953533,-4.51603943953533,              1343P   1541
-4.31968989868597,-4.31968989868597,-4.1233403578366,               1343P   1542
-4.1233403578366,-3.92699081698724,-3.92699081698724,               1343P   1543
-3.73064127613788,-3.73064127613788,-3.53429173528852,              1343P   1544
-3.53429173528852,-3.33794219443916,-3.33794219443916,              1343P   1545
-3.14159265358979,-3.14159265358979,-3.14159265358979,1.,1.,1.,     1343P   1546
1.,1.,1.,1.,1.,1.,1.,1.,1.,1.,1.,1.,1.,1.,0.99407114624506,0.,      1343P   1547
0.,0.98522355341743,0.,0.,0.97654596460509,0.00533742211021,0.,     1343P   1548
0.96786837579275,0.01067484422043,0.,0.95969426586731,              1343P   1549
0.02114457430242,0.,0.95152015594187,0.03161430438441,0.,           1343P   1550
0.94416365136367,0.04681399658263,0.,0.93680714678547,              1343P   1551
0.06201368878084,0.,0.93055095389988,0.08135922744818,0.,           1343P   1552
0.92429476101429,0.10070476611552,0.,0.91937930180538,              1343P   1553
0.12345271305011,0.,0.91446384259647,0.1462006599847,0.,            1343P   1554
0.91107801540502,0.17147682434303,0.,0.90769218821358,              1343P   1555
0.19675298870136,0.,0.90596610847977,0.22358602166219,0.,           1343P   1556
0.90424002874596,0.25041905462301,0.,0.90424002874596,              1343P   1557
0.27777777777778,0.,-4.71238898038469,-3.14159265358979,0.,0.,      1343P   1558
1.;                                                                 1343P   1559
102,6,1333,1335,1337,1339,1341,1343;                                1345P   1560
110,-0.045,0.087,0.0559,-0.045,0.113,0.0559;                        1347P   1561
110,-0.045,0.113,0.0559,0.045,0.113,0.0559;                         1349P   1562
110,0.045,0.113,0.0559,0.045,0.087,0.0559;                          1351P   1563
124,-1.,0.,0.,0.055,0.,-1.,0.,0.087,0.,0.,1.,0.0559;                1353P   1564
100,0.,0.,0.,0.01,0.,-0.,0.01;                                      1355P   1565
110,0.055,0.077,0.0559,-0.055,0.077,0.0559;                         1357P   1566
124,-1.,0.,0.,-0.055,0.,-1.,0.,0.087,0.,0.,1.,0.0559;               1359P   1567
100,0.,0.,0.,-0.,0.01,-0.01,-0.;                                    1361P   1568
102,6,1347,1349,1351,1355,1357,1361;                                1363P   1569
142,1,1331,1345,1363,2;                                             1365P   1570
126,1,1,1,0,1,0,-0.0325,-0.0325,-0.002,-0.002,1.,1.,                1367P   1571
0.79195113187208,0.06944444444444,0.,0.51796622349982,              1367P   1572
0.06944444444444,0.,-0.0325,-0.002,0.,0.,1.;                        1367P   1573
126,1,1,1,0,1,0,-0.015,-0.015,0.015,0.015,1.,1.,                    1369P   1574
0.51796622349982,0.06944444444444,0.,0.51796622349982,              1369P   1575
0.90277777777778,0.,-0.015,0.015,0.,0.,1.;                          1369P   1576
126,1,1,1,0,1,0,0.002,0.002,0.0325,0.0325,1.,1.,                    1371P   1577
0.51796622349982,0.90277777777778,0.,0.79195113187208,              1371P   1578
0.90277777777778,0.,0.002,0.0325,0.,0.,1.;                          1371P   1579
126,1,1,1,0,1,0,-0.0075,-0.0075,0.0225,0.0225,1.,1.,                1373P   1580
0.79195113187208,0.90277777777778,0.,0.79195113187208,              1373P   1581
0.06944444444444,0.,-0.0075,0.0225,0.,0.,1.;                        1373P   1582
102,4,1367,1369,1371,1373;                                          1375P   1583
110,-0.0325,0.0795,0.0559,-0.002,0.0795,0.0559;                     1377P   1584
110,-0.002,0.0795,0.0559,-0.002,0.1095,0.0559;                      1379P   1585
110,-0.002,0.1095,0.0559,-0.0325,0.1095,0.0559;                     1381P   1586
110,-0.0325,0.1095,0.0559,-0.0325,0.0795,0.0559;                    1383P   1587
102,4,1377,1379,1381,1383;                                          1385P   1588
142,1,1331,1375,1385,2;                                             1387P   1589
126,1,1,1,0,1,0,-0.015,-0.015,0.015,0.015,1.,1.,                    1389P   1590
0.48203377650018,0.90277777777778,0.,0.48203377650018,              1389P   1591
0.06944444444444,0.,-0.015,0.015,0.,0.,1.;                          1389P   1592
126,1,1,1,0,1,0,0.002,0.002,0.0325,0.0325,1.,1.,                    1391P   1593
0.48203377650018,0.06944444444444,0.,0.20804886812792,              1391P   1594
0.06944444444444,0.,0.002,0.0325,0.,0.,1.;                          1391P   1595
126,1,1,1,0,1,0,-0.0225,-0.0225,0.0075,0.0075,1.,1.,                1393P   1596
0.20804886812792,0.06944444444444,0.,0.20804886812792,              1393P   1597
0.90277777777778,0.,-0.0225,0.0075,0.,0.,1.;                        1393P   1598
126,1,1,1,0,1,0,-0.0325,-0.0325,-0.002,-0.002,1.,1.,                1395P   1599
0.20804886812792,0.90277777777778,0.,0.48203377650018,              1395P   1600
0.90277777777778,0.,-0.0325,-0.002,0.,0.,1.;                        1395P   1601
102,4,1389,1391,1393,1395;                                          1397P   1602
110,0.002,0.1095,0.0559,0.002,0.0795,0.0559;                        1399P   1603
110,0.002,0.0795,0.0559,0.0325,0.0795,0.0559;                       1401P   1604
110,0.0325,0.0795,0.0559,0.0325,0.1095,0.0559;                      1403P   1605
110,0.0325,0.1095,0.0559,0.002,0.1095,0.0559;                       1405P   1606
102,4,1399,1401,1403,1405;                                          1407P   1607
142,1,1331,1397,1407,2;                                             1409P   1608
144,1331,1,2,1365,1387,1409;                                        1411P   1609
314,64.70588445663452,64.70588445663452,64.70588445663452,10HMix    1413P   1610
edColor;                                                            1413P   1611
110,-0.0325,0.0795,0.0559,-0.0325,0.1095,0.0559;                    1415P   1612
122,1415,-0.0325,0.0795,0.0869;                                     1417P   1613
126,1,1,1,0,1,0,-0.0175,-0.0175,0.0135,0.0135,1.,1.,1.,0.,0.,1.,    1419P   1614
1.,0.,-0.0175,0.0135,0.,0.,1.;                                      1419P   1615
126,1,1,1,0,1,0,-0.0075,-0.0075,0.0225,0.0225,1.,1.,1.,1.,0.,0.,    1421P   1616
1.,0.,-0.0075,0.0225,0.,0.,1.;                                      1421P   1617
126,1,1,1,0,1,0,-0.0135,-0.0135,0.0175,0.0175,1.,1.,0.,1.,0.,0.,    1423P   1618
0.,0.,-0.0135,0.0175,0.,0.,1.;                                      1423P   1619
126,1,1,1,0,1,0,-0.0225,-0.0225,0.0075,0.0075,1.,1.,0.,0.,0.,1.,    1425P   1620
0.,0.,-0.0225,0.0075,0.,0.,1.;                                      1425P   1621
102,4,1419,1421,1423,1425;                                          1427P   1622
110,-0.0325,0.1095,0.0559,-0.0325,0.1095,0.0869;                    1429P   1623
110,-0.0325,0.1095,0.0869,-0.0325,0.0795,0.0869;                    1431P   1624
110,-0.0325,0.0795,0.0869,-0.0325,0.0795,0.0559;                    1433P   1625
110,-0.0325,0.0795,0.0559,-0.0325,0.1095,0.0559;                    1435P   1626
102,4,1429,1431,1433,1435;                                          1437P   1627
142,1,1417,1427,1437,2;                                             1439P   1628
144,1417,1,0,1439;                                                  1441P   1629
314,64.70588445663452,64.70588445663452,64.70588445663452,10HMix    1443P   1630
edColor;                                                            1443P   1631
110,0.0325,0.1095,0.0559,0.0325,0.0795,0.0559;                      1445P   1632
122,1445,0.0325,0.1095,0.0869;                                      1447P   1633
126,1,1,1,0,1,0,-0.0225,-0.0225,0.0075,0.0075,1.,1.,1.,1.,0.,0.,    1449P   1634
1.,0.,-0.0225,0.0075,0.,0.,1.;                                      1449P   1635
126,1,1,1,0,1,0,-0.0135,-0.0135,0.0175,0.0175,1.,1.,0.,1.,0.,0.,    1451P   1636
0.,0.,-0.0135,0.0175,0.,0.,1.;                                      1451P   1637
126,1,1,1,0,1,0,-0.0075,-0.0075,0.0225,0.0225,1.,1.,0.,0.,0.,1.,    1453P   1638
0.,0.,-0.0075,0.0225,0.,0.,1.;                                      1453P   1639
126,1,1,1,0,1,0,-0.0175,-0.0175,0.0135,0.0135,1.,1.,1.,0.,0.,1.,    1455P   1640
1.,0.,-0.0175,0.0135,0.,0.,1.;                                      1455P   1641
102,4,1449,1451,1453,1455;                                          1457P   1642
110,0.0325,0.0795,0.0869,0.0325,0.1095,0.0869;                      1459P   1643
110,0.0325,0.1095,0.0869,0.0325,0.1095,0.0559;                      1461P   1644
110,0.0325,0.1095,0.0559,0.0325,0.0795,0.0559;                      1463P   1645
110,0.0325,0.0795,0.0559,0.0325,0.0795,0.0869;                      1465P   1646
102,4,1459,1461,1463,1465;                                          1467P   1647
142,1,1447,1457,1467,2;                                             1469P   1648
144,1447,1,0,1469;                                                  1471P   1649
314,64.70588445663452,64.70588445663452,64.70588445663452,10HMix    1473P   1650
edColor;                                                            1473P   1651
110,-0.002,0.0795,0.0559,-0.0325,0.0795,0.0559;                     1475P   1652
122,1475,-0.002,0.0795,0.0869;                                      1477P   1653
126,1,1,1,0,1,0,-0.031002,-0.031002,-0.000002,-0.000002,1.,1.,      1479P   1654
-0.,1.,0.,-0.,0.,0.,-0.031002,-0.000002,0.,0.,1.;                   1479P   1655
126,1,1,1,0,1,0,0.002,0.002,0.0325,0.0325,1.,1.,-0.,0.,0.,1.,0.,    1481P   1656
0.,0.002,0.0325,0.,0.,1.;                                           1481P   1657
126,1,1,1,0,1,0,-0.0175,-0.0175,0.0135,0.0135,1.,1.,1.,0.,0.,1.,    1483P   1658
1.,0.,-0.0175,0.0135,0.,0.,1.;                                      1483P   1659
126,1,1,1,0,1,0,-0.0325,-0.0325,-0.002,-0.002,1.,1.,1.,1.,0.,       1485P   1660
-0.,1.,0.,-0.0325,-0.002,0.,0.,1.;                                  1485P   1661
102,4,1479,1481,1483,1485;                                          1487P   1662
110,-0.002,0.0795,0.0869,-0.002,0.0795,0.0559;                      1489P   1663
110,-0.002,0.0795,0.0559,-0.0325,0.0795,0.0559;                     1491P   1664
110,-0.0325,0.0795,0.0559,-0.0325,0.0795,0.0869;                    1493P   1665
110,-0.0325,0.0795,0.0869,-0.002,0.0795,0.0869;                     1495P   1666
102,4,1489,1491,1493,1495;                                          1497P   1667
142,1,1477,1487,1497,2;                                             1499P   1668
144,1477,1,0,1499;                                                  1501P   1669
314,64.70588445663452,64.70588445663452,64.70588445663452,10HMix    1503P   1670
edColor;                                                            1503P   1671
110,-0.0325,0.1095,0.0559,-0.002,0.1095,0.0559;                     1505P   1672
122,1505,-0.0325,0.1095,0.0869;                                     1507P   1673
126,1,1,1,0,1,0,-0.0325,-0.0325,-0.002,-0.002,1.,1.,0.,0.,0.,1.,    1509P   1674
0.,0.,-0.0325,-0.002,0.,0.,1.;                                      1509P   1675
126,1,1,1,0,1,0,0.000002,0.000002,0.031002,0.031002,1.,1.,1.,0.,    1511P   1676
0.,1.,1.,0.,0.000002,0.031002,0.,0.,1.;                             1511P   1677
126,1,1,1,0,1,0,0.002,0.002,0.0325,0.0325,1.,1.,1.,1.,0.,0.,1.,     1513P   1678
0.,0.002,0.0325,0.,0.,1.;                                           1513P   1679
126,1,1,1,0,1,0,-0.0135,-0.0135,0.0175,0.0175,1.,1.,0.,1.,0.,0.,    1515P   1680
0.,0.,-0.0135,0.0175,0.,0.,1.;                                      1515P   1681
102,4,1509,1511,1513,1515;                                          1517P   1682
110,-0.0325,0.1095,0.0559,-0.002,0.1095,0.0559;                     1519P   1683
110,-0.002,0.1095,0.0559,-0.002,0.1095,0.0869;                      1521P   1684
110,-0.002,0.1095,0.0869,-0.0325,0.1095,0.0869;                     1523P   1685
110,-0.0325,0.1095,0.0869,-0.0325,0.1095,0.0559;                    1525P   1686
102,4,1519,1521,1523,1525;                                          1527P   1687
142,1,1507,1517,1527,2;                                             1529P   1688
126,32,2,1,1,1,1,0.,0.,0.,0.39269908169872,0.39269908169872,        1531P   1689
0.78539816339745,0.78539816339745,1.17809724509617,                 1531P   1690
1.17809724509617,1.5707963267949,1.5707963267949,                   1531P   1691
1.96349540849362,1.96349540849362,2.35619449019234,                 1531P   1692
2.35619449019234,2.74889357189107,2.74889357189107,                 1531P   1693
3.14159265358979,3.14159265358979,3.53429173528852,                 1531P   1694
3.53429173528852,3.92699081698724,3.92699081698724,                 1531P   1695
4.31968989868597,4.31968989868597,4.71238898038469,                 1531P   1696
4.71238898038469,5.10508806208341,5.10508806208341,                 1531P   1697
5.49778714378214,5.49778714378214,5.89048622548086,                 1531P   1698
5.89048622548086,6.28318530717959,6.28318530717959,                 1531P   1699
6.28318530717959,1.,1.,1.,1.,1.,1.,1.,1.,1.,1.,1.,1.,1.,1.,1.,      1531P   1700
1.,1.,1.,1.,1.,1.,1.,1.,1.,1.,1.,1.,1.,1.,1.,1.,1.,1.,              1531P   1701
0.43934426229508,0.5,0.,0.43934426229508,0.52630776471795,0.,       1531P   1702
0.44957684972799,0.550612970087,0.,0.4598094371609,                 1531P   1703
0.57491817545604,0.,0.47871679334869,0.59352057428596,0.,           1531P   1704
0.49762414953649,0.61212297311589,0.,0.52232780089518,              1531P   1705
0.62219051881601,0.,0.54703145225388,0.63225806451613,0.,           1531P   1706
0.57377049180328,0.63225806451613,0.,0.60050953135267,              1531P   1707
0.63225806451613,0.,0.62521318271137,0.62219051881601,0.,           1531P   1708
0.64991683407007,0.61212297311589,0.,0.66882419025786,              1531P   1709
0.59352057428596,0.,0.68773154644566,0.57491817545604,0.,           1531P   1710
0.69796413387857,0.550612970087,0.,0.70819672131147,                1531P   1711
0.52630776471795,0.,0.70819672131147,0.5,0.,0.70819672131147,       1531P   1712
0.47369223528205,0.,0.69796413387857,0.449387029913,0.,             1531P   1713
0.68773154644566,0.42508182454396,0.,0.66882419025786,              1531P   1714
0.40647942571404,0.,0.64991683407007,0.38787702688411,0.,           1531P   1715
0.62521318271137,0.37780948118399,0.,0.60050953135267,              1531P   1716
0.36774193548387,0.,0.57377049180328,0.36774193548387,0.,           1531P   1717
0.54703145225388,0.36774193548387,0.,0.52232780089518,              1531P   1718
0.37780948118399,0.,0.49762414953649,0.38787702688411,0.,           1531P   1719
0.47871679334869,0.40647942571404,0.,0.4598094371609,               1531P   1720
0.42508182454396,0.,0.44957684972799,0.449387029913,0.,             1531P   1721
0.43934426229508,0.47369223528205,0.,0.43934426229508,0.5,0.,0.,    1531P   1722
6.28318530717959,0.,0.,1.;                                          1531P   1723
102,1,1531;                                                         1533P   1724
124,-1.,0.,-0.,-0.015,-0.,0.,1.,0.1095,0.,1.,0.,0.0714;             1535P   1725
100,0.,0.,0.,0.0041,0.,0.0041,-0.;                                  1537P   1726
102,1,1537;                                                         1539P   1727
142,1,1507,1533,1539,2;                                             1541P   1728
144,1507,1,1,1529,1541;                                             1543P   1729
314,64.70588445663452,64.70588445663452,64.70588445663452,10HMix    1545P   1730
edColor;                                                            1545P   1731
110,-0.05566,0.077,0.0869,0.05566,0.077,0.0869;                     1547P   1732
122,1547,-0.05566,0.113,0.0869;                                     1549P   1733
126,1,1,1,0,1,0,-0.015,-0.015,0.011,0.011,1.,1.,                    1551P   1734
0.90424002874596,0.27777777777778,0.,0.90424002874596,1.,0.,        1551P   1735
-0.015,0.011,0.,0.,1.;                                              1551P   1736
126,1,1,1,0,1,0,-0.086,-0.086,0.004,0.004,1.,1.,                    1553P   1737
0.90424002874596,1.,0.,0.09575997125404,1.,0.,-0.086,0.004,0.,      1553P   1738
0.,1.;                                                              1553P   1739
126,1,1,1,0,1,0,-0.011,-0.011,0.015,0.015,1.,1.,                    1555P   1740
0.09575997125404,1.,0.,0.09575997125404,0.27777777777778,0.,        1555P   1741
-0.011,0.015,0.,0.,1.;                                              1555P   1742
126,16,2,1,0,1,0,3.14159265358979,3.14159265358979,                 1557P   1743
3.14159265358979,3.33794219443916,3.33794219443916,                 1557P   1744
3.53429173528852,3.53429173528852,3.73064127613788,                 1557P   1745
3.73064127613788,3.92699081698724,3.92699081698724,                 1557P   1746
4.1233403578366,4.1233403578366,4.31968989868597,                   1557P   1747
4.31968989868597,4.51603943953533,4.51603943953533,                 1557P   1748
4.71238898038469,4.71238898038469,4.71238898038469,1.,1.,1.,1.,     1557P   1749
1.,1.,1.,1.,1.,1.,1.,1.,1.,1.,1.,1.,1.,0.09575997125404,            1557P   1750
0.27777777777778,0.,0.09575997125404,0.25041905462301,0.,           1557P   1751
0.09403389152023,0.22358602166219,0.,0.09230781178642,              1557P   1752
0.19675298870136,0.,0.08892198459498,0.17147682434303,0.,           1557P   1753
0.08553615740353,0.1462006599847,0.,0.08062069819462,               1557P   1754
0.12345271305011,0.,0.07570523898571,0.10070476611552,0.,           1557P   1755
0.06944904610012,0.08135922744818,0.,0.06319285321453,              1557P   1756
0.06201368878084,0.,0.05583634863633,0.04681399658263,0.,           1557P   1757
0.04847984405813,0.03161430438441,0.,0.04030573413269,              1557P   1758
0.02114457430242,0.,0.03213162420725,0.01067484422043,0.,           1557P   1759
0.02345403539491,0.00533742211021,0.,0.01477644658257,0.,0.,        1557P   1760
0.00592885375494,0.,0.,3.14159265358979,4.71238898038469,0.,0.,     1557P   1761
1.;                                                                 1557P   1762
126,1,1,1,0,1,0,-0.055,-0.055,0.055,0.055,1.,1.,                    1559P   1763
0.00592885375494,0.,0.,0.99407114624506,0.,0.,-0.055,0.055,0.,      1559P   1764
0.,1.;                                                              1559P   1765
126,16,2,1,0,1,0,4.71238898038469,4.71238898038469,                 1561P   1766
4.71238898038469,4.90873852123405,4.90873852123405,                 1561P   1767
5.10508806208341,5.10508806208341,5.30143760293278,                 1561P   1768
5.30143760293278,5.49778714378214,5.49778714378214,                 1561P   1769
5.6941366846315,5.6941366846315,5.89048622548086,                   1561P   1770
5.89048622548086,6.08683576633022,6.08683576633022,                 1561P   1771
6.28318530717959,6.28318530717959,6.28318530717959,1.,1.,1.,1.,     1561P   1772
1.,1.,1.,1.,1.,1.,1.,1.,1.,1.,1.,1.,1.,0.99407114624506,0.,0.,      1561P   1773
0.98522355341743,0.,0.,0.97654596460509,0.00533742211021,0.,        1561P   1774
0.96786837579275,0.01067484422043,0.,0.95969426586731,              1561P   1775
0.02114457430242,0.,0.95152015594187,0.03161430438441,0.,           1561P   1776
0.94416365136367,0.04681399658263,0.,0.93680714678547,              1561P   1777
0.06201368878084,0.,0.93055095389988,0.08135922744818,0.,           1561P   1778
0.92429476101429,0.10070476611552,0.,0.91937930180538,              1561P   1779
0.12345271305011,0.,0.91446384259647,0.1462006599847,0.,            1561P   1780
0.91107801540502,0.17147682434303,0.,0.90769218821358,              1561P   1781
0.19675298870136,0.,0.90596610847977,0.22358602166219,0.,           1561P   1782
0.90424002874596,0.25041905462301,0.,0.90424002874596,              1561P   1783
0.27777777777778,0.,4.71238898038469,6.28318530717959,0.,0.,1.;     1561P   1784
102,6,1551,1553,1555,1557,1559,1561;                                1563P   1785
110,0.045,0.087,0.0869,0.045,0.113,0.0869;                          1565P   1786
110,0.045,0.113,0.0869,-0.045,0.113,0.0869;                         1567P   1787
110,-0.045,0.113,0.0869,-0.045,0.087,0.0869;                        1569P   1788
124,-1.,0.,0.,-0.055,0.,1.,0.,0.087,0.,0.,-1.,0.0869;               1571P   1789
100,0.,0.,0.,-0.01,0.,-0.,-0.01;                                    1573P   1790
110,-0.055,0.077,0.0869,0.055,0.077,0.0869;                         1575P   1791
124,-1.,0.,0.,0.055,0.,1.,0.,0.087,0.,0.,-1.,0.0869;                1577P   1792
100,0.,0.,0.,-0.,-0.01,0.01,-0.;                                    1579P   1793
102,6,1565,1567,1569,1573,1575,1579;                                1581P   1794
142,1,1549,1563,1581,2;                                             1583P   1795
126,1,1,1,0,1,0,-0.015,-0.015,0.015,0.015,1.,1.,                    1585P   1796
0.48203377650018,0.90277777777778,0.,0.48203377650018,              1585P   1797
0.06944444444444,0.,-0.015,0.015,0.,0.,1.;                          1585P   1798
126,1,1,1,0,1,0,0.002,0.002,0.0325,0.0325,1.,1.,                    1587P   1799
0.48203377650018,0.06944444444444,0.,0.20804886812792,              1587P   1800
0.06944444444444,0.,0.002,0.0325,0.,0.,1.;                          1587P   1801
126,1,1,1,0,1,0,-0.0225,-0.0225,0.0075,0.0075,1.,1.,                1589P   1802
0.20804886812792,0.06944444444444,0.,0.20804886812792,              1589P   1803
0.90277777777778,0.,-0.0225,0.0075,0.,0.,1.;                        1589P   1804
126,1,1,1,0,1,0,-0.0325,-0.0325,-0.002,-0.002,1.,1.,                1591P   1805
0.20804886812792,0.90277777777778,0.,0.48203377650018,              1591P   1806
0.90277777777778,0.,-0.0325,-0.002,0.,0.,1.;                        1591P   1807
102,4,1585,1587,1589,1591;                                          1593P   1808
110,-0.002,0.1095,0.0869,-0.002,0.0795,0.0869;                      1595P   1809
110,-0.002,0.0795,0.0869,-0.0325,0.0795,0.0869;                     1597P   1810
110,-0.0325,0.0795,0.0869,-0.0325,0.1095,0.0869;                    1599P   1811
110,-0.0325,0.1095,0.0869,-0.002,0.1095,0.0869;                     1601P   1812
102,4,1595,1597,1599,1601;                                          1603P   1813
142,1,1549,1593,1603,2;                                             1605P   1814
126,1,1,1,0,1,0,-0.0325,-0.0325,-0.002,-0.002,1.,1.,                1607P   1815
0.79195113187208,0.06944444444444,0.,0.51796622349982,              1607P   1816
0.06944444444444,0.,-0.0325,-0.002,0.,0.,1.;                        1607P   1817
126,1,1,1,0,1,0,-0.015,-0.015,0.015,0.015,1.,1.,                    1609P   1818
0.51796622349982,0.06944444444444,0.,0.51796622349982,              1609P   1819
0.90277777777778,0.,-0.015,0.015,0.,0.,1.;                          1609P   1820
126,1,1,1,0,1,0,0.002,0.002,0.0325,0.0325,1.,1.,                    1611P   1821
0.51796622349982,0.90277777777778,0.,0.79195113187208,              1611P   1822
0.90277777777778,0.,0.002,0.0325,0.,0.,1.;                          1611P   1823
126,1,1,1,0,1,0,-0.0075,-0.0075,0.0225,0.0225,1.,1.,                1613P   1824
0.79195113187208,0.90277777777778,0.,0.79195113187208,              1613P   1825
0.06944444444444,0.,-0.0075,0.0225,0.,0.,1.;                        1613P   1826
102,4,1607,1609,1611,1613;                                          1615P   1827
110,0.0325,0.0795,0.0869,0.002,0.0795,0.0869;                       1617P   1828
110,0.002,0.0795,0.0869,0.002,0.1095,0.0869;                        1619P   1829
110,0.002,0.1095,0.0869,0.0325,0.1095,0.0869;                       1621P   1830
110,0.0325,0.1095,0.0869,0.0325,0.0795,0.0869;                      1623P   1831
102,4,1617,1619,1621,1623;                                          1625P   1832
142,1,1549,1615,1625,2;                                             1627P   1833
144,1549,1,2,1583,1605,1627;                                        1629P   1834
314,64.70588445663452,64.70588445663452,64.70588445663452,10HMix    1631P   1835
edColor;                                                            1631P   1836
110,0.045,0.087,0.0559,0.045,0.113,0.0559;                          1633P   1837
122,1633,0.045,0.087,0.0869;                                        1635P   1838
126,1,1,1,0,1,0,-0.015,-0.015,0.011,0.011,1.,1.,0.,0.,0.,1.,0.,     1637P   1839
0.,-0.015,0.011,0.,0.,1.;                                           1637P   1840
126,1,1,1,0,1,0,-0.031,-0.031,0.,0.,1.,1.,1.,0.,0.,1.,1.,0.,        1639P   1841
-0.031,0.,0.,0.,1.;                                                 1639P   1842
126,1,1,1,0,1,0,-0.011,-0.011,0.015,0.015,1.,1.,1.,1.,0.,0.,1.,     1641P   1843
0.,-0.011,0.015,0.,0.,1.;                                           1641P   1844
126,1,1,1,0,1,0,-0.0135,-0.0135,0.0175,0.0175,1.,1.,0.,1.,0.,0.,    1643P   1845
0.,0.,-0.0135,0.0175,0.,0.,1.;                                      1643P   1846
102,4,1637,1639,1641,1643;                                          1645P   1847
110,0.045,0.087,0.0559,0.045,0.113,0.0559;                          1647P   1848
110,0.045,0.113,0.0559,0.045,0.113,0.0869;                          1649P   1849
110,0.045,0.113,0.0869,0.045,0.087,0.0869;                          1651P   1850
110,0.045,0.087,0.0869,0.045,0.087,0.0559;                          1653P   1851
102,4,1647,1649,1651,1653;                                          1655P   1852
142,1,1635,1645,1655,2;                                             1657P   1853
144,1635,1,0,1657;                                                  1659P   1854
314,64.70588445663452,64.70588445663452,64.70588445663452,10HMix    1661P   1855
edColor;                                                            1661P   1856
110,-0.045,0.113,0.0559,-0.045,0.087,0.0559;                        1663P   1857
122,1663,-0.045,0.113,0.0869;                                       1665P   1858
126,1,1,1,0,1,0,-0.015,-0.015,0.011,0.011,1.,1.,1.,1.,0.,0.,1.,     1667P   1859
0.,-0.015,0.011,0.,0.,1.;                                           1667P   1860
126,1,1,1,0,1,0,-0.0135,-0.0135,0.0175,0.0175,1.,1.,0.,1.,0.,0.,    1669P   1861
0.,0.,-0.0135,0.0175,0.,0.,1.;                                      1669P   1862
126,1,1,1,0,1,0,-0.011,-0.011,0.015,0.015,1.,1.,0.,0.,0.,1.,0.,     1671P   1863
0.,-0.011,0.015,0.,0.,1.;                                           1671P   1864
126,1,1,1,0,1,0,-0.031,-0.031,0.,0.,1.,1.,1.,0.,0.,1.,1.,0.,        1673P   1865
-0.031,0.,0.,0.,1.;                                                 1673P   1866
102,4,1667,1669,1671,1673;                                          1675P   1867
110,-0.045,0.087,0.0869,-0.045,0.113,0.0869;                        1677P   1868
110,-0.045,0.113,0.0869,-0.045,0.113,0.0559;                        1679P   1869
110,-0.045,0.113,0.0559,-0.045,0.087,0.0559;                        1681P   1870
110,-0.045,0.087,0.0559,-0.045,0.087,0.0869;                        1683P   1871
102,4,1677,1679,1681,1683;                                          1685P   1872
142,1,1665,1675,1685,2;                                             1687P   1873
144,1665,1,0,1687;                                                  1689P   1874
314,64.70588445663452,64.70588445663452,64.70588445663452,10HMix    1691P   1875
edColor;                                                            1691P   1876
110,0.041,0.117,0.0599,-0.041,0.117,0.0599;                         1693P   1877
122,1693,0.041,0.117,0.0829;                                        1695P   1878
126,1,1,1,0,1,0,-0.0135,-0.0135,0.0095,0.0095,1.,1.,1.,0.,0.,1.,    1697P   1879
1.,0.,-0.0135,0.0095,0.,0.,1.;                                      1697P   1880
126,1,1,1,0,1,0,-0.082,-0.082,0.,0.,1.,1.,1.,1.,0.,0.,1.,0.,        1699P   1881
-0.082,0.,0.,0.,1.;                                                 1699P   1882
126,1,1,1,0,1,0,-0.027,-0.027,-0.004,-0.004,1.,1.,0.,1.,0.,0.,      1701P   1883
0.,0.,-0.027,-0.004,0.,0.,1.;                                       1701P   1884
126,1,1,1,0,1,0,-0.041,-0.041,0.041,0.041,1.,1.,0.,0.,0.,1.,0.,     1703P   1885
0.,-0.041,0.041,0.,0.,1.;                                           1703P   1886
102,4,1697,1699,1701,1703;                                          1705P   1887
110,-0.041,0.117,0.0599,-0.041,0.117,0.0829;                        1707P   1888
110,-0.041,0.117,0.0829,0.041,0.117,0.0829;                         1709P   1889
110,0.041,0.117,0.0829,0.041,0.117,0.0599;                          1711P   1890
110,0.041,0.117,0.0599,-0.041,0.117,0.0599;                         1713P   1891
102,4,1707,1709,1711,1713;                                          1715P   1892
142,1,1695,1705,1715,2;                                             1717P   1893
126,32,2,1,1,1,1,-6.28318530717959,-6.28318530717959,               1719P   1894
-6.28318530717959,-5.89048622548086,-5.89048622548086,              1719P   1895
-5.49778714378214,-5.49778714378214,-5.10508806208341,              1719P   1896
-5.10508806208341,-4.71238898038469,-4.71238898038469,              1719P   1897
-4.31968989868597,-4.31968989868597,-3.92699081698724,              1719P   1898
-3.92699081698724,-3.53429173528852,-3.53429173528852,              1719P   1899
-3.14159265358979,-3.14159265358979,-2.74889357189107,              1719P   1900
-2.74889357189107,-2.35619449019234,-2.35619449019234,              1719P   1901
-1.96349540849362,-1.96349540849362,-1.5707963267949,               1719P   1902
-1.5707963267949,-1.17809724509617,-1.17809724509617,               1719P   1903
-0.78539816339745,-0.78539816339745,-0.39269908169872,              1719P   1904
-0.39269908169872,0.,0.,0.,1.,1.,1.,1.,1.,1.,1.,1.,1.,1.,1.,1.,     1719P   1905
1.,1.,1.,1.,1.,1.,1.,1.,1.,1.,1.,1.,1.,1.,1.,1.,1.,1.,1.,1.,1.,     1719P   1906
0.36707317073171,0.5,0.,0.36707317073171,0.46454170842363,0.,       1719P   1907
0.36326714735727,0.4317825185784,0.,0.35946112398284,               1719P   1908
0.39902332873317,0.,0.35242850979103,0.37395053031022,0.,           1719P   1909
0.34539589559923,0.34887773188728,0.,0.33620734234996,              1719P   1910
0.33530843116103,0.,0.32701878910069,0.32173913043478,0.,           1719P   1911
0.31707317073171,0.32173913043478,0.,0.30712755236272,              1719P   1912
0.32173913043478,0.,0.29793899911345,0.33530843116103,0.,           1719P   1913
0.28875044586418,0.34887773188728,0.,0.28171783167238,              1719P   1914
0.37395053031022,0.,0.27468521748058,0.39902332873317,0.,           1719P   1915
0.27087919410614,0.4317825185784,0.,0.26707317073171,               1719P   1916
0.46454170842363,0.,0.26707317073171,0.5,0.,0.26707317073171,       1719P   1917
0.53545829157637,0.,0.27087919410614,0.5682174814216,0.,            1719P   1918
0.27468521748058,0.60097667126683,0.,0.28171783167238,              1719P   1919
0.62604946968978,0.,0.28875044586418,0.65112226811272,0.,           1719P   1920
0.29793899911345,0.66469156883897,0.,0.30712755236272,              1719P   1921
0.67826086956522,0.,0.31707317073171,0.67826086956522,0.,           1719P   1922
0.32701878910069,0.67826086956522,0.,0.33620734234996,              1719P   1923
0.66469156883897,0.,0.34539589559923,0.65112226811272,0.,           1719P   1924
0.35242850979103,0.62604946968978,0.,0.35946112398284,              1719P   1925
0.60097667126683,0.,0.36326714735727,0.5682174814216,0.,            1719P   1926
0.36707317073171,0.53545829157637,0.,0.36707317073171,0.5,0.,       1719P   1927
-6.28318530717959,0.,0.,0.,1.;                                      1719P   1928
102,1,1719;                                                         1721P   1929
124,-1.,0.,0.,0.015,-0.,0.,-1.,0.117,0.,-1.,0.,0.0714;              1723P   1930
100,0.,0.,0.,0.0041,0.,0.0041,0.;                                   1725P   1931
102,1,1725;                                                         1727P   1932
142,1,1695,1721,1727,2;                                             1729P   1933
126,32,2,1,1,1,1,-6.28318530717959,-6.28318530717959,               1731P   1934
-6.28318530717959,-5.89048622548086,-5.89048622548086,              1731P   1935
-5.49778714378214,-5.49778714378214,-5.10508806208341,              1731P   1936
-5.10508806208341,-4.71238898038469,-4.71238898038469,              1731P   1937
-4.31968989868597,-4.31968989868597,-3.92699081698724,              1731P   1938
-3.92699081698724,-3.53429173528852,-3.53429173528852,              1731P   1939
-3.14159265358979,-3.14159265358979,-2.74889357189107,              1731P   1940
-2.74889357189107,-2.35619449019234,-2.35619449019234,              1731P   1941
-1.96349540849362,-1.96349540849362,-1.5707963267949,               1731P   1942
-1.5707963267949,-1.17809724509617,-1.17809724509617,               1731P   1943
-0.78539816339745,-0.78539816339745,-0.39269908169872,              1731P   1944
-0.39269908169872,0.,0.,0.,1.,1.,1.,1.,1.,1.,1.,1.,1.,1.,1.,1.,     1731P   1945
1.,1.,1.,1.,1.,1.,1.,1.,1.,1.,1.,1.,1.,1.,1.,1.,1.,1.,1.,1.,1.,     1731P   1946
0.73292682926829,0.5,0.,0.73292682926829,0.46454170842363,0.,       1731P   1947
0.72912080589386,0.4317825185784,0.,0.72531478251942,               1731P   1948
0.39902332873317,0.,0.71828216832762,0.37395053031022,0.,           1731P   1949
0.71124955413582,0.34887773188728,0.,0.70206100088655,              1731P   1950
0.33530843116103,0.,0.69287244763728,0.32173913043478,0.,           1731P   1951
0.68292682926829,0.32173913043478,0.,0.67298121089931,              1731P   1952
0.32173913043478,0.,0.66379265765004,0.33530843116103,0.,           1731P   1953
0.65460410440077,0.34887773188728,0.,0.64757149020897,              1731P   1954
0.37395053031022,0.,0.64053887601716,0.39902332873317,0.,           1731P   1955
0.63673285264273,0.4317825185784,0.,0.63292682926829,               1731P   1956
0.46454170842363,0.,0.63292682926829,0.5,0.,0.63292682926829,       1731P   1957
0.53545829157637,0.,0.63673285264273,0.5682174814216,0.,            1731P   1958
0.64053887601716,0.60097667126683,0.,0.64757149020897,              1731P   1959
0.62604946968978,0.,0.65460410440077,0.65112226811272,0.,           1731P   1960
0.66379265765004,0.66469156883897,0.,0.67298121089931,              1731P   1961
0.67826086956522,0.,0.68292682926829,0.67826086956522,0.,           1731P   1962
0.69287244763728,0.67826086956522,0.,0.70206100088655,              1731P   1963
0.66469156883897,0.,0.71124955413582,0.65112226811272,0.,           1731P   1964
0.71828216832762,0.62604946968978,0.,0.72531478251942,              1731P   1965
0.60097667126683,0.,0.72912080589386,0.5682174814216,0.,            1731P   1966
0.73292682926829,0.53545829157637,0.,0.73292682926829,0.5,0.,       1731P   1967
-6.28318530717959,0.,0.,0.,1.;                                      1731P   1968
102,1,1731;                                                         1733P   1969
124,-1.,0.,0.,-0.015,-0.,0.,-1.,0.117,0.,-1.,0.,0.0714;             1735P   1970
100,0.,0.,0.,0.0041,0.,0.0041,0.;                                   1737P   1971
102,1,1737;                                                         1739P   1972
142,1,1695,1733,1739,2;                                             1741P   1973
144,1695,1,2,1717,1729,1741;                                        1743P   1974
314,64.70588445663452,64.70588445663452,64.70588445663452,10HMix    1745P   1975
edColor;                                                            1745P   1976
110,0.055,0.087,0.0734,0.055,0.087,-0.9266;                         1747P   1977
110,0.045,0.087,0.0869,0.045,0.087,0.0559;                          1749P   1978
120,1747,1749,0.,6.28318530717959;                                  1751P   1979
126,1,1,1,0,1,0,-6.28318530717959,-6.28318530717959,                1753P   1980
-4.71238898038469,-4.71238898038469,1.,1.,0.,6.28318530717959,      1753P   1981
0.,0.,4.71238898038469,0.,-6.28318530717959,-4.71238898038469,      1753P   1982
0.,0.,1.;                                                           1753P   1983
126,1,1,1,0,1,0,-0.0135,-0.0135,0.0175,0.0175,1.,1.,0.,             1755P   1984
4.71238898038469,0.,1.,4.71238898038469,0.,-0.0135,0.0175,0.,0.,    1755P   1985
1.;                                                                 1755P   1986
126,1,1,1,0,1,0,4.71238898038469,4.71238898038469,                  1757P   1987
6.28318530717959,6.28318530717959,1.,1.,1.,4.71238898038469,0.,     1757P   1988
1.,6.28318530717959,0.,4.71238898038469,6.28318530717959,0.,0.,     1757P   1989
1.;                                                                 1757P   1990
126,1,1,1,0,1,0,-0.0175,-0.0175,0.0135,0.0135,1.,1.,1.,             1759P   1991
6.28318530717959,0.,0.,6.28318530717959,0.,-0.0175,0.0135,0.,0.,    1759P   1992
1.;                                                                 1759P   1993
102,4,1753,1755,1757,1759;                                          1761P   1994
124,-1.,0.,0.,0.055,0.,-1.,0.,0.087,0.,0.,1.,0.0869;                1763P   1995
100,0.,0.,0.,0.01,0.,-0.,0.01;                                      1765P   1996
110,0.055,0.077,0.0869,0.055,0.077,0.0559;                          1767P   1997
124,-1.,0.,-0.,0.055,0.,1.,0.,0.087,0.,0.,-1.,0.0559;               1769P   1998
100,0.,0.,0.,-0.,-0.01,0.01,-0.;                                    1771P   1999
110,0.045,0.087,0.0559,0.045,0.087,0.0869;                          1773P   2000
102,4,1765,1767,1771,1773;                                          1775P   2001
142,1,1751,1761,1775,2;                                             1777P   2002
144,1751,1,0,1777;                                                  1779P   2003
314,64.70588445663452,64.70588445663452,64.70588445663452,10HMix    1781P   2004
edColor;                                                            1781P   2005
110,-0.055,0.087,0.0734,-0.055,0.087,1.0734;                        1783P   2006
110,-0.045,0.087,0.0559,-0.045,0.087,0.0869;                        1785P   2007
120,1783,1785,0.,6.28318530717959;                                  1787P   2008
126,1,1,1,0,1,0,-4.71238898038469,-4.71238898038469,                1789P   2009
-3.14159265358979,-3.14159265358979,1.,1.,1.,4.71238898038469,      1789P   2010
0.,1.,6.28318530717959,0.,-4.71238898038469,-3.14159265358979,      1789P   2011
0.,0.,1.;                                                           1789P   2012
126,1,1,1,0,1,0,0.,0.,0.031,0.031,1.,1.,1.,6.28318530717959,0.,     1791P   2013
0.,6.28318530717959,0.,0.,0.031,0.,0.,1.;                           1791P   2014
126,1,1,1,0,1,0,3.14159265358979,3.14159265358979,                  1793P   2015
4.71238898038469,4.71238898038469,1.,1.,0.,6.28318530717959,0.,     1793P   2016
0.,4.71238898038469,0.,3.14159265358979,4.71238898038469,0.,0.,     1793P   2017
1.;                                                                 1793P   2018
126,1,1,1,0,1,0,0.,0.,0.031,0.031,1.,1.,0.,4.71238898038469,0.,     1795P   2019
1.,4.71238898038469,0.,0.,0.031,0.,0.,1.;                           1795P   2020
102,4,1789,1791,1793,1795;                                          1797P   2021
124,-1.,0.,0.,-0.055,0.,-1.,0.,0.087,0.,0.,1.,0.0869;               1799P   2022
100,0.,0.,0.,-0.,0.01,-0.01,-0.;                                    1801P   2023
110,-0.045,0.087,0.0869,-0.045,0.087,0.0559;                        1803P   2024
124,-1.,0.,-0.,-0.055,0.,1.,0.,0.087,0.,0.,-1.,0.0559;              1805P   2025
100,0.,0.,0.,-0.01,0.,-0.,-0.01;                                    1807P   2026
110,-0.055,0.077,0.0559,-0.055,0.077,0.0869;                        1809P   2027
102,4,1801,1803,1807,1809;                                          1811P   2028
142,1,1787,1797,1811,2;                                             1813P   2029
144,1787,1,0,1813;                                                  1815P   2030
314,64.70588445663452,64.70588445663452,64.70588445663452,10HMix    1817P   2031
edColor;                                                            1817P   2032
110,0.002,0.0795,0.0869,0.002,0.0795,0.0559;                        1819P   2033
122,1819,0.002,0.1095,0.0869;                                       1821P   2034
126,1,1,1,0,1,0,-0.015,-0.015,0.015,0.015,1.,1.,1.,0.,0.,1.,1.,     1823P   2035
0.,-0.015,0.015,0.,0.,1.;                                           1823P   2036
126,1,1,1,0,1,0,0.000002,0.000002,0.031002,0.031002,1.,1.,1.,1.,    1825P   2037
0.,0.,1.,0.,0.000002,0.031002,0.,0.,1.;                             1825P   2038
126,1,1,1,0,1,0,-0.015,-0.015,0.015,0.015,1.,1.,0.,1.,0.,0.,0.,     1827P   2039
0.,-0.015,0.015,0.,0.,1.;                                           1827P   2040
126,1,1,1,0,1,0,-0.031002,-0.031002,-0.000002,-0.000002,1.,1.,      1829P   2041
0.,0.,0.,1.,0.,0.,-0.031002,-0.000002,0.,0.,1.;                     1829P   2042
102,4,1823,1825,1827,1829;                                          1831P   2043
110,0.002,0.0795,0.0559,0.002,0.1095,0.0559;                        1833P   2044
110,0.002,0.1095,0.0559,0.002,0.1095,0.0869;                        1835P   2045
110,0.002,0.1095,0.0869,0.002,0.0795,0.0869;                        1837P   2046
110,0.002,0.0795,0.0869,0.002,0.0795,0.0559;                        1839P   2047
102,4,1833,1835,1837,1839;                                          1841P   2048
142,1,1821,1831,1841,2;                                             1843P   2049
144,1821,1,0,1843;                                                  1845P   2050
314,64.70588445663452,64.70588445663452,64.70588445663452,10HMix    1847P   2051
edColor;                                                            1847P   2052
110,-0.002,0.0795,0.0559,-0.002,0.0795,0.0869;                      1849P   2053
122,1849,-0.002,0.1095,0.0559;                                      1851P   2054
126,1,1,1,0,1,0,-0.031002,-0.031002,-0.000002,-0.000002,1.,1.,      1853P   2055
1.,1.,0.,0.,1.,0.,-0.031002,-0.000002,0.,0.,1.;                     1853P   2056
126,1,1,1,0,1,0,-0.015,-0.015,0.015,0.015,1.,1.,0.,1.,0.,0.,0.,     1855P   2057
0.,-0.015,0.015,0.,0.,1.;                                           1855P   2058
126,1,1,1,0,1,0,0.000002,0.000002,0.031002,0.031002,1.,1.,0.,0.,    1857P   2059
0.,1.,0.,0.,0.000002,0.031002,0.,0.,1.;                             1857P   2060
126,1,1,1,0,1,0,-0.015,-0.015,0.015,0.015,1.,1.,1.,0.,0.,1.,1.,     1859P   2061
0.,-0.015,0.015,0.,0.,1.;                                           1859P   2062
102,4,1853,1855,1857,1859;                                          1861P   2063
110,-0.002,0.1095,0.0869,-0.002,0.1095,0.0559;                      1863P   2064
110,-0.002,0.1095,0.0559,-0.002,0.0795,0.0559;                      1865P   2065
110,-0.002,0.0795,0.0559,-0.002,0.0795,0.0869;                      1867P   2066
110,-0.002,0.0795,0.0869,-0.002,0.1095,0.0869;                      1869P   2067
102,4,1863,1865,1867,1869;                                          1871P   2068
142,1,1851,1861,1871,2;                                             1873P   2069
144,1851,1,0,1873;                                                  1875P   2070
314,64.70588445663452,64.70588445663452,64.70588445663452,10HMix    1877P   2071
edColor;                                                            1877P   2072
110,-0.015,0.092,0.0714,-0.015,1.092,0.0714;                        1879P   2073
110,-0.0191,0.1095,0.0714,-0.0191,0.117,0.0714;                     1881P   2074
120,1879,1881,0.,6.28318530717959;                                  1883P   2075
126,1,1,1,0,1,0,-6.28318530717959,-6.28318530717959,0.,0.,1.,1.,    1885P   2076
0.,6.28318530717959,0.,0.,0.,0.,-6.28318530717959,0.,0.,0.,1.;      1885P   2077
126,1,1,1,0,1,0,0.,0.,1.,1.,1.,1.,0.,0.,0.,0.,6.28318530717959,     1887P   2078
0.,0.,1.,0.,0.,1.;                                                  1887P   2079
126,1,1,1,0,1,0,0.0175,0.0175,0.025,0.025,1.,1.,0.,                 1889P   2080
6.28318530717959,0.,1.,6.28318530717959,0.,0.0175,0.025,0.,0.,      1889P   2081
1.;                                                                 1889P   2082
126,1,1,1,0,1,0,0.,0.,1.,1.,1.,1.,1.,6.28318530717959,0.,1.,0.,     1891P   2083
0.,0.,1.,0.,0.,1.;                                                  1891P   2084
126,1,1,1,0,1,0,0.,0.,6.28318530717959,6.28318530717959,1.,1.,      1893P   2085
1.,0.,0.,1.,6.28318530717959,0.,0.,6.28318530717959,0.,0.,1.;       1893P   2086
126,1,1,1,0,1,0,0.,0.,1.,1.,1.,1.,1.,6.28318530717959,0.,1.,0.,     1895P   2087
0.,0.,1.,0.,0.,1.;                                                  1895P   2088
126,1,1,1,0,1,0,-0.025,-0.025,-0.0175,-0.0175,1.,1.,1.,0.,0.,0.,    1897P   2089
0.,0.,-0.025,-0.0175,0.,0.,1.;                                      1897P   2090
126,1,1,1,0,1,0,0.,0.,1.,1.,1.,1.,0.,0.,0.,0.,6.28318530717959,     1899P   2091
0.,0.,1.,0.,0.,1.;                                                  1899P   2092
102,8,1885,1887,1889,1891,1893,1895,1897,1899;                      1901P   2093
124,-1.,0.,0.,-0.015,-0.,0.,-1.,0.1095,0.,-1.,0.,0.0714;            1903P   2094
100,0.,0.,0.,0.0041,0.,0.0041,0.;                                   1905P   2095
110,-0.0191,0.1095,0.0714,-0.0191,0.117,0.0714;                     1907P   2096
124,-1.,0.,-0.,-0.015,-0.,0.,1.,0.117,0.,1.,0.,0.0714;              1909P   2097
100,0.,0.,0.,0.0041,0.,0.0041,-0.;                                  1911P   2098
110,-0.0191,0.117,0.0714,-0.0191,0.1095,0.0714;                     1913P   2099
102,4,1905,1907,1911,1913;                                          1915P   2100
142,1,1883,1901,1915,2;                                             1917P   2101
144,1883,1,0,1917;                                                  1919P   2102
314,64.70588445663452,64.70588445663452,64.70588445663452,10HMix    1921P   2103
edColor;                                                            1921P   2104
110,0.015,0.092,0.0714,0.015,1.092,0.0714;                          1923P   2105
110,0.0109,0.1095,0.0714,0.0109,0.117,0.0714;                       1925P   2106
120,1923,1925,0.,6.28318530717959;                                  1927P   2107
126,1,1,1,0,1,0,-6.28318530717959,-6.28318530717959,0.,0.,1.,1.,    1929P   2108
0.,6.28318530717959,0.,0.,0.,0.,-6.28318530717959,0.,0.,0.,1.;      1929P   2109
126,1,1,1,0,1,0,0.,0.,1.,1.,1.,1.,0.,0.,0.,0.,6.28318530717959,     1931P   2110
0.,0.,1.,0.,0.,1.;                                                  1931P   2111
126,1,1,1,0,1,0,0.0175,0.0175,0.025,0.025,1.,1.,0.,                 1933P   2112
6.28318530717959,0.,1.,6.28318530717959,0.,0.0175,0.025,0.,0.,      1933P   2113
1.;                                                                 1933P   2114
126,1,1,1,0,1,0,0.,0.,1.,1.,1.,1.,1.,6.28318530717959,0.,1.,0.,     1935P   2115
0.,0.,1.,0.,0.,1.;                                                  1935P   2116
126,1,1,1,0,1,0,0.,0.,6.28318530717959,6.28318530717959,1.,1.,      1937P   2117
1.,0.,0.,1.,6.28318530717959,0.,0.,6.28318530717959,0.,0.,1.;       1937P   2118
126,1,1,1,0,1,0,0.,0.,1.,1.,1.,1.,1.,6.28318530717959,0.,1.,0.,     1939P   2119
0.,0.,1.,0.,0.,1.;                                                  1939P   2120
126,1,1,1,0,1,0,-0.025,-0.025,-0.0175,-0.0175,1.,1.,1.,0.,0.,0.,    1941P   2121
0.,0.,-0.025,-0.0175,0.,0.,1.;                                      1941P   2122
126,1,1,1,0,1,0,0.,0.,1.,1.,1.,1.,0.,0.,0.,0.,6.28318530717959,     1943P   2123
0.,0.,1.,0.,0.,1.;                                                  1943P   2124
102,8,1929,1931,1933,1935,1937,1939,1941,1943;                      1945P   2125
124,-1.,0.,0.,0.015,-0.,0.,-1.,0.1095,0.,-1.,0.,0.0714;             1947P   2126
100,0.,0.,0.,0.0041,0.,0.0041,0.;                                   1949P   2127
110,0.0109,0.1095,0.0714,0.0109,0.117,0.0714;                       1951P   2128
124,-1.,0.,-0.,0.015,-0.,0.,1.,0.117,0.,1.,0.,0.0714;               1953P   2129
100,0.,0.,0.,0.0041,0.,0.0041,-0.;                                  1955P   2130
110,0.0109,0.117,0.0714,0.0109,0.1095,0.0714;                       1957P   2131
102,4,1949,1951,1955,1957;                                          1959P   2132
142,1,1927,1945,1959,2;                                             1961P   2133
144,1927,1,0,1961;                                                  1963P   2134
314,64.70588445663452,64.70588445663452,64.70588445663452,10HMix    1965P   2135
edColor;                                                            1965P   2136
110,-0.045,0.113,0.055714,-0.045,0.113,0.087086;                    1967P   2137
122,1967,-0.041,0.117,0.055714;                                     1969P   2138
126,1,1,1,0,1,0,-0.0175,-0.0175,0.0135,0.0135,1.,1.,                1971P   2139
0.00592885375494,0.,0.,0.99407114624506,0.,0.,-0.0175,0.0135,0.,    1971P   2140
0.,1.;                                                              1971P   2141
126,1,1,1,0,1,0,-0.00779422863406,-0.00779422863406,                1973P   2142
-0.00086602540378,-0.00086602540378,1.,1.,0.99407114624506,0.,      1973P   2143
0.,0.86656891495601,1.,0.,-0.00779422863406,-0.00086602540378,      1973P   2144
0.,0.,1.;                                                           1973P   2145
126,1,1,1,0,1,0,-0.0095,-0.0095,0.0135,0.0135,1.,1.,                1975P   2146
0.86656891495601,1.,0.,0.13343108504399,1.,0.,-0.0095,0.0135,0.,    1975P   2147
0.,1.;                                                              1975P   2148
126,1,1,1,0,1,0,0.00317542648054,0.00317542648054,                  1977P   2149
0.01010362971082,0.01010362971082,1.,1.,0.13343108504399,1.,0.,     1977P   2150
0.00592885375494,0.,0.,0.00317542648054,0.01010362971082,0.,0.,     1977P   2151
1.;                                                                 1977P   2152
102,4,1971,1973,1975,1977;                                          1979P   2153
110,-0.045,0.113,0.0559,-0.045,0.113,0.0869;                        1981P   2154
110,-0.045,0.113,0.0869,-0.041,0.117,0.0829;                        1983P   2155
110,-0.041,0.117,0.0829,-0.041,0.117,0.0599;                        1985P   2156
110,-0.041,0.117,0.0599,-0.045,0.113,0.0559;                        1987P   2157
102,4,1981,1983,1985,1987;                                          1989P   2158
142,1,1969,1979,1989,2;                                             1991P   2159
144,1969,1,0,1991;                                                  1993P   2160
314,64.70588445663452,64.70588445663452,64.70588445663452,10HMix    1995P   2161
edColor;                                                            1995P   2162
110,0.041,0.117,0.055714,0.041,0.117,0.087086;                      1997P   2163
122,1997,0.045,0.113,0.055714;                                      1999P   2164
126,1,1,1,0,1,0,0.004,0.004,0.027,0.027,1.,1.,0.13343108504399,     2001P   2165
0.,0.,0.86656891495601,0.,0.,0.004,0.027,0.,0.,1.;                  2001P   2166
126,1,1,1,0,1,0,0.0054848275573,0.0054848275573,                    2003P   2167
0.01241303078758,0.01241303078758,1.,1.,0.86656891495601,0.,0.,     2003P   2168
0.99407114624506,1.,0.,0.0054848275573,0.01241303078758,0.,0.,      2003P   2169
1.;                                                                 2003P   2170
126,1,1,1,0,1,0,0.,0.,0.031,0.031,1.,1.,0.99407114624506,1.,0.,     2005P   2171
0.00592885375494,1.,0.,0.,0.031,0.,0.,1.;                           2005P   2172
126,1,1,1,0,1,0,-0.01472243186434,-0.01472243186434,                2007P   2173
-0.00779422863406,-0.00779422863406,1.,1.,0.00592885375494,1.,      2007P   2174
0.,0.13343108504399,0.,0.,-0.01472243186434,-0.00779422863406,      2007P   2175
0.,0.,1.;                                                           2007P   2176
102,4,2001,2003,2005,2007;                                          2009P   2177
110,0.041,0.117,0.0599,0.041,0.117,0.0829;                          2011P   2178
110,0.041,0.117,0.0829,0.045,0.113,0.0869;                          2013P   2179
110,0.045,0.113,0.0869,0.045,0.113,0.0559;                          2015P   2180
110,0.045,0.113,0.0559,0.041,0.117,0.0599;                          2017P   2181
102,4,2011,2013,2015,2017;                                          2019P   2182
142,1,1999,2009,2019,2;                                             2021P   2183
144,1999,1,0,2021;                                                  2023P   2184
314,64.70588445663452,64.70588445663452,64.70588445663452,10HMix    2025P   2185
edColor;                                                            2025P   2186
110,0.04554,0.117,0.0829,-0.04554,0.117,0.0829;                     2027P   2187
122,2027,0.04554,0.113,0.0869;                                      2029P   2188
126,1,1,1,0,1,0,0.00086602540378,0.00086602540378,                  2031P   2189
0.00779422863406,0.00779422863406,1.,1.,0.95015371102328,0.,0.,     2031P   2190
0.99407114624506,1.,0.,0.00086602540378,0.00779422863406,0.,0.,     2031P   2191
1.;                                                                 2031P   2192
126,1,1,1,0,1,0,-0.004,-0.004,0.086,0.086,1.,1.,                    2033P   2193
0.99407114624506,1.,0.,0.00592885375494,1.,0.,-0.004,0.086,0.,      2033P   2194
0.,1.;                                                              2033P   2195
126,1,1,1,0,1,0,-0.01241303078758,-0.01241303078758,                2035P   2196
-0.0054848275573,-0.0054848275573,1.,1.,0.00592885375494,1.,0.,     2035P   2197
0.04984628897672,0.,0.,-0.01241303078758,-0.0054848275573,0.,0.,    2035P   2198
1.;                                                                 2035P   2199
126,1,1,1,0,1,0,0.,0.,0.082,0.082,1.,1.,0.04984628897672,0.,0.,     2037P   2200
0.95015371102328,0.,0.,0.,0.082,0.,0.,1.;                           2037P   2201
102,4,2031,2033,2035,2037;                                          2039P   2202
110,-0.041,0.117,0.0829,-0.045,0.113,0.0869;                        2041P   2203
110,-0.045,0.113,0.0869,0.045,0.113,0.0869;                         2043P   2204
110,0.045,0.113,0.0869,0.041,0.117,0.0829;                          2045P   2205
110,0.041,0.117,0.0829,-0.041,0.117,0.0829;                         2047P   2206
102,4,2041,2043,2045,2047;                                          2049P   2207
142,1,2029,2039,2049,2;                                             2051P   2208
144,2029,1,0,2051;                                                  2053P   2209
314,64.70588445663452,64.70588445663452,64.70588445663452,10HMix    2055P   2210
edColor;                                                            2055P   2211
110,0.04554,0.113,0.0559,-0.04554,0.113,0.0559;                     2057P   2212
122,2057,0.04554,0.117,0.0599;                                      2059P   2213
126,1,1,1,0,1,0,-0.01010362971082,-0.01010362971082,                2061P   2214
-0.00317542648054,-0.00317542648054,1.,1.,0.99407114624506,0.,      2061P   2215
0.,0.95015371102328,1.,0.,-0.01010362971082,-0.00317542648054,      2061P   2216
0.,0.,1.;                                                           2061P   2217
126,1,1,1,0,1,0,-0.041,-0.041,0.041,0.041,1.,1.,                    2063P   2218
0.95015371102328,1.,0.,0.04984628897672,1.,0.,-0.041,0.041,0.,      2063P   2219
0.,1.;                                                              2063P   2220
126,1,1,1,0,1,0,0.00779422863406,0.00779422863406,                  2065P   2221
0.01472243186434,0.01472243186434,1.,1.,0.04984628897672,1.,0.,     2065P   2222
0.00592885375494,0.,0.,0.00779422863406,0.01472243186434,0.,0.,     2065P   2223
1.;                                                                 2065P   2224
126,1,1,1,0,1,0,-0.045,-0.045,0.045,0.045,1.,1.,                    2067P   2225
0.00592885375494,0.,0.,0.99407114624506,0.,0.,-0.045,0.045,0.,      2067P   2226
0.,1.;                                                              2067P   2227
102,4,2061,2063,2065,2067;                                          2069P   2228
110,-0.045,0.113,0.0559,-0.041,0.117,0.0599;                        2071P   2229
110,-0.041,0.117,0.0599,0.041,0.117,0.0599;                         2073P   2230
110,0.041,0.117,0.0599,0.045,0.113,0.0559;                          2075P   2231
110,0.045,0.113,0.0559,-0.045,0.113,0.0559;                         2077P   2232
102,4,2071,2073,2075,2077;                                          2079P   2233
142,1,2059,2069,2079,2;                                             2081P   2234
144,2059,1,0,2081;                                                  2083P   2235
S      2G      4D   2084P   2235                                        T      1
